LTspice 24.1.9 for Windows
Circuit: C:\Users\yoshinsh.AP\PycharmProjects\forWork\hard-ware\degital_circuit\LTpice\basic\rs-ff\rs-ff-nor.net
Start Time: Fri Jul 18 06:26:52 2025
solver = Normal
Maximum thread count: 16
tnom = 27
temp = 27
method = trap
C:\Users\yoshinsh.AP\PycharmProjects\forWork\hard-ware\degital_circuit\LTpice\basic\rs-ff\rs-ff-nor.net(13): Limiting rise time to 2e-10.

V3 N006 0 PULSE(0 4 1n 0 0 2n 6n)
^^^^^^^^^^^^^^^^^^^^^^^^^^^^^^^^^
C:\Users\yoshinsh.AP\PycharmProjects\forWork\hard-ware\degital_circuit\LTpice\basic\rs-ff\rs-ff-nor.net(13): Limiting fall time to 2e-10.

V3 N006 0 PULSE(0 4 1n 0 0 2n 6n)
^^^^^^^^^^^^^^^^^^^^^^^^^^^^^^^^^
C:\Users\yoshinsh.AP\PycharmProjects\forWork\hard-ware\degital_circuit\LTpice\basic\rs-ff\rs-ff-nor.net(29): Limiting rise time to 2e-10.

V6 N016 0 PULSE(0 4 3n 0 0 2n 6n)
^^^^^^^^^^^^^^^^^^^^^^^^^^^^^^^^^
C:\Users\yoshinsh.AP\PycharmProjects\forWork\hard-ware\degital_circuit\LTpice\basic\rs-ff\rs-ff-nor.net(29): Limiting fall time to 2e-10.

V6 N016 0 PULSE(0 4 3n 0 0 2n 6n)
^^^^^^^^^^^^^^^^^^^^^^^^^^^^^^^^^
Direct Newton iteration for .op point succeeded.
Warning: Simulation tolerance relaxed to achieve convergence from 1.0942647936820400e-09 to 1.0942647937796963e-09 seconds.
Warning: Simulation tolerance relaxed to achieve convergence from 5.3057787794856357e-09 to 5.3057787795832918e-09 seconds.
Warning: Simulation tolerance relaxed to achieve convergence from 5.3057787795832918e-09 to 5.3057787796809480e-09 seconds.
Warning: Simulation tolerance relaxed to achieve convergence from 5.3057787796809480e-09 to 5.3057787797786041e-09 seconds.
Warning: Simulation tolerance relaxed to achieve convergence from 5.3057787797786041e-09 to 5.3057787798762602e-09 seconds.
Warning: Simulation tolerance relaxed to achieve convergence from 5.3057787798762602e-09 to 5.3057787799739163e-09 seconds.
Warning: Simulation tolerance relaxed to achieve convergence from 5.3057787799739163e-09 to 5.3057787800715724e-09 seconds.
Warning: Simulation tolerance relaxed to achieve convergence from 5.3057787800715724e-09 to 5.3057787801692285e-09 seconds.
Warning: Simulation tolerance relaxed to achieve convergence from 5.3057787801692285e-09 to 5.3057787802668847e-09 seconds.
Warning: Simulation tolerance relaxed to achieve convergence from 5.3057787802668847e-09 to 5.3057787803645408e-09 seconds.
Warning: Simulation tolerance relaxed to achieve convergence from 5.3057787803645408e-09 to 5.3057787804621969e-09 seconds.
Warning: Simulation tolerance relaxed to achieve convergence from 5.3057787804621969e-09 to 5.3057787805598530e-09 seconds.
Warning: Simulation tolerance relaxed to achieve convergence from 5.3057787805598530e-09 to 5.3057787806575091e-09 seconds.
Warning: Simulation tolerance relaxed to achieve convergence from 5.3057787806575091e-09 to 5.3057787807551652e-09 seconds.
Warning: Simulation tolerance relaxed to achieve convergence from 5.3057787807551652e-09 to 5.3057787808528213e-09 seconds.
Warning: Simulation tolerance relaxed to achieve convergence from 5.3057787808528213e-09 to 5.3057787809504775e-09 seconds.
Warning: Simulation tolerance relaxed to achieve convergence from 5.3057787809504775e-09 to 5.3057787810481336e-09 seconds.
Warning: Simulation tolerance relaxed to achieve convergence from 5.3057787810481336e-09 to 5.3057787811457897e-09 seconds.
Warning: Simulation tolerance relaxed to achieve convergence from 5.3057787811457897e-09 to 5.3057787812434458e-09 seconds.
Warning: Simulation tolerance relaxed to achieve convergence from 5.3057787812434458e-09 to 5.3057787813411019e-09 seconds.
Warning: Simulation tolerance relaxed to achieve convergence from 5.3057787813411019e-09 to 5.3057787814387580e-09 seconds.
Warning: Simulation tolerance relaxed to achieve convergence from 5.3057787814387580e-09 to 5.3057787815364142e-09 seconds.
Warning: Simulation tolerance relaxed to achieve convergence from 5.3057787815364142e-09 to 5.3057787816340703e-09 seconds.
Warning: Simulation tolerance relaxed to achieve convergence from 5.3057787816340703e-09 to 5.3057787817317264e-09 seconds.
Warning: Simulation tolerance relaxed to achieve convergence from 5.3057787817317264e-09 to 5.3057787818293825e-09 seconds.
Warning: Simulation tolerance relaxed to achieve convergence from 5.3057787818293825e-09 to 5.3057787819270386e-09 seconds.
Warning: Simulation tolerance relaxed to achieve convergence from 5.3057787819270386e-09 to 5.3057787820246947e-09 seconds.
Warning: Simulation tolerance relaxed to achieve convergence from 5.3057787820246947e-09 to 5.3057787821223509e-09 seconds.
Warning: Simulation tolerance relaxed to achieve convergence from 5.3057787821223509e-09 to 5.3057787822200070e-09 seconds.
Warning: Simulation tolerance relaxed to achieve convergence from 5.3057787822200070e-09 to 5.3057787823176631e-09 seconds.
Warning: Simulation tolerance relaxed to achieve convergence from 5.3057787823176631e-09 to 5.3057787824153192e-09 seconds.
Warning: Simulation tolerance relaxed to achieve convergence from 5.3057787824153192e-09 to 5.3057787825129753e-09 seconds.
Warning: Simulation tolerance relaxed to achieve convergence from 5.3057787825129753e-09 to 5.3057787826106314e-09 seconds.
Warning: Simulation tolerance relaxed to achieve convergence from 5.3057787826106314e-09 to 5.3057787827082876e-09 seconds.
Warning: Simulation tolerance relaxed to achieve convergence from 5.3057787827082876e-09 to 5.3057787828059437e-09 seconds.
Warning: Simulation tolerance relaxed to achieve convergence from 5.3057787828059437e-09 to 5.3057787829035998e-09 seconds.
Warning: Simulation tolerance relaxed to achieve convergence from 5.3057787829035998e-09 to 5.3057787830012559e-09 seconds.
Warning: Simulation tolerance relaxed to achieve convergence from 5.3057787830012559e-09 to 5.3057787830989120e-09 seconds.
Warning: Simulation tolerance relaxed to achieve convergence from 5.3057787830989120e-09 to 5.3057787831965681e-09 seconds.
Warning: Simulation tolerance relaxed to achieve convergence from 5.3057787831965681e-09 to 5.3057787832942242e-09 seconds.
Warning: Simulation tolerance relaxed to achieve convergence from 5.3057787832942242e-09 to 5.3057787833918804e-09 seconds.
Warning: Simulation tolerance relaxed to achieve convergence from 5.3057787833918804e-09 to 5.3057787834895365e-09 seconds.
Warning: Simulation tolerance relaxed to achieve convergence from 5.3057787834895365e-09 to 5.3057787835871926e-09 seconds.
Warning: Simulation tolerance relaxed to achieve convergence from 5.3057787835871926e-09 to 5.3057787836848487e-09 seconds.
Warning: Simulation tolerance relaxed to achieve convergence from 5.3057787836848487e-09 to 5.3057787837825048e-09 seconds.
Warning: Simulation tolerance relaxed to achieve convergence from 5.3057787837825048e-09 to 5.3057787838801609e-09 seconds.
Warning: Simulation tolerance relaxed to achieve convergence from 5.3057787838801609e-09 to 5.3057787839778171e-09 seconds.
Warning: Simulation tolerance relaxed to achieve convergence from 5.3057787839778171e-09 to 5.3057787840754732e-09 seconds.
Warning: Simulation tolerance relaxed to achieve convergence from 5.3057787840754732e-09 to 5.3057787841731293e-09 seconds.
Warning: Simulation tolerance relaxed to achieve convergence from 5.3057787841731293e-09 to 5.3057787842707854e-09 seconds.
Warning: Simulation tolerance relaxed to achieve convergence from 5.3057787842707854e-09 to 5.3057787843684415e-09 seconds.
Warning: Simulation tolerance relaxed to achieve convergence from 5.3057787843684415e-09 to 5.3057787844660976e-09 seconds.
Warning: Simulation tolerance relaxed to achieve convergence from 5.3057787844660976e-09 to 5.3057787845637538e-09 seconds.
Warning: Simulation tolerance relaxed to achieve convergence from 5.3057787845637538e-09 to 5.3057787846614099e-09 seconds.
Warning: Simulation tolerance relaxed to achieve convergence from 5.3057787846614099e-09 to 5.3057787847590660e-09 seconds.
Warning: Simulation tolerance relaxed to achieve convergence from 5.3057787847590660e-09 to 5.3057787848567221e-09 seconds.
Warning: Simulation tolerance relaxed to achieve convergence from 5.3057787848567221e-09 to 5.3057787849543782e-09 seconds.
Warning: Simulation tolerance relaxed to achieve convergence from 5.3057787849543782e-09 to 5.3057787850520343e-09 seconds.
Warning: Simulation tolerance relaxed to achieve convergence from 5.3057787850520343e-09 to 5.3057787851496904e-09 seconds.
Warning: Simulation tolerance relaxed to achieve convergence from 5.3057787851496904e-09 to 5.3057787852473466e-09 seconds.
Warning: Simulation tolerance relaxed to achieve convergence from 5.3057787852473466e-09 to 5.3057787853450027e-09 seconds.
Warning: Simulation tolerance relaxed to achieve convergence from 5.3057787853450027e-09 to 5.3057787854426588e-09 seconds.
Warning: Simulation tolerance relaxed to achieve convergence from 5.3057787854426588e-09 to 5.3057787855403149e-09 seconds.
Warning: Simulation tolerance relaxed to achieve convergence from 5.3057787855403149e-09 to 5.3057787856379710e-09 seconds.
Warning: Simulation tolerance relaxed to achieve convergence from 5.3057787856379710e-09 to 5.3057787857356271e-09 seconds.
Warning: Simulation tolerance relaxed to achieve convergence from 5.3057787857356271e-09 to 5.3057787858332833e-09 seconds.
Warning: Simulation tolerance relaxed to achieve convergence from 5.3057787858332833e-09 to 5.3057787859309394e-09 seconds.
Warning: Simulation tolerance relaxed to achieve convergence from 5.3057787859309394e-09 to 5.3057787860285955e-09 seconds.
Warning: Simulation tolerance relaxed to achieve convergence from 5.3057787860285955e-09 to 5.3057787861262516e-09 seconds.
Warning: Simulation tolerance relaxed to achieve convergence from 5.3057787861262516e-09 to 5.3057787862239077e-09 seconds.
Warning: Simulation tolerance relaxed to achieve convergence from 5.3057787862239077e-09 to 5.3057787863215638e-09 seconds.
Warning: Simulation tolerance relaxed to achieve convergence from 5.3057787863215638e-09 to 5.3057787864192200e-09 seconds.
Warning: Simulation tolerance relaxed to achieve convergence from 5.3057787864192200e-09 to 5.3057787865168761e-09 seconds.
Warning: Simulation tolerance relaxed to achieve convergence from 5.3057787865168761e-09 to 5.3057787866145322e-09 seconds.
Warning: Simulation tolerance relaxed to achieve convergence from 5.3057787866145322e-09 to 5.3057787867121883e-09 seconds.
Warning: Simulation tolerance relaxed to achieve convergence from 5.3057787867121883e-09 to 5.3057787868098444e-09 seconds.
Warning: Simulation tolerance relaxed to achieve convergence from 5.3057787868098444e-09 to 5.3057787869075005e-09 seconds.
Warning: Simulation tolerance relaxed to achieve convergence from 5.3057787869075005e-09 to 5.3057787870051567e-09 seconds.
Warning: Simulation tolerance relaxed to achieve convergence from 5.3057787870051567e-09 to 5.3057787871028128e-09 seconds.
Warning: Simulation tolerance relaxed to achieve convergence from 5.3057787871028128e-09 to 5.3057787872004689e-09 seconds.
Warning: Simulation tolerance relaxed to achieve convergence from 5.3057787872004689e-09 to 5.3057787872981250e-09 seconds.
Warning: Simulation tolerance relaxed to achieve convergence from 5.3057787872981250e-09 to 5.3057787873957811e-09 seconds.
Warning: Simulation tolerance relaxed to achieve convergence from 5.3057787873957811e-09 to 5.3057787874934372e-09 seconds.
Warning: Simulation tolerance relaxed to achieve convergence from 5.3057787874934372e-09 to 5.3057787875910933e-09 seconds.
Warning: Simulation tolerance relaxed to achieve convergence from 5.3057787875910933e-09 to 5.3057787876887495e-09 seconds.
Warning: Simulation tolerance relaxed to achieve convergence from 5.3057787876887495e-09 to 5.3057787877864056e-09 seconds.
Warning: Simulation tolerance relaxed to achieve convergence from 5.3057787877864056e-09 to 5.3057787878840617e-09 seconds.
Warning: Simulation tolerance relaxed to achieve convergence from 5.3057787878840617e-09 to 5.3057787879817178e-09 seconds.
Warning: Simulation tolerance relaxed to achieve convergence from 5.3057787879817178e-09 to 5.3057787880793739e-09 seconds.
Warning: Simulation tolerance relaxed to achieve convergence from 5.3057787880793739e-09 to 5.3057787881770300e-09 seconds.
Warning: Simulation tolerance relaxed to achieve convergence from 5.3057787881770300e-09 to 5.3057787882746862e-09 seconds.
Warning: Simulation tolerance relaxed to achieve convergence from 5.3057787882746862e-09 to 5.3057787883723423e-09 seconds.
Warning: Simulation tolerance relaxed to achieve convergence from 5.3057787883723423e-09 to 5.3057787884699984e-09 seconds.
Warning: Simulation tolerance relaxed to achieve convergence from 5.3057787884699984e-09 to 5.3057787885676545e-09 seconds.
Warning: Simulation tolerance relaxed to achieve convergence from 5.3057787885676545e-09 to 5.3057787886653106e-09 seconds.
Warning: Simulation tolerance relaxed to achieve convergence from 5.3057787886653106e-09 to 5.3057787887629667e-09 seconds.
Warning: Simulation tolerance relaxed to achieve convergence from 5.3057787887629667e-09 to 5.3057787888606229e-09 seconds.
Warning: Simulation tolerance relaxed to achieve convergence from 5.3057787888606229e-09 to 5.3057787889582790e-09 seconds.
Warning: Simulation tolerance relaxed to achieve convergence from 5.3057787889582790e-09 to 5.3057787890559351e-09 seconds.
Warning: Simulation tolerance relaxed to achieve convergence from 5.3057787890559351e-09 to 5.3057787891535912e-09 seconds.
Warning: Simulation tolerance relaxed to achieve convergence from 5.3057787891535912e-09 to 5.3057787892512473e-09 seconds.
Warning: Simulation tolerance relaxed to achieve convergence from 5.3057787892512473e-09 to 5.3057787893489034e-09 seconds.
Warning: Simulation tolerance relaxed to achieve convergence from 5.3057787893489034e-09 to 5.3057787894465596e-09 seconds.
Warning: Simulation tolerance relaxed to achieve convergence from 5.3057787894465596e-09 to 5.3057787895442157e-09 seconds.
Warning: Simulation tolerance relaxed to achieve convergence from 5.3057787895442157e-09 to 5.3057787896418718e-09 seconds.
Warning: Simulation tolerance relaxed to achieve convergence from 5.3057787896418718e-09 to 5.3057787897395279e-09 seconds.
Warning: Simulation tolerance relaxed to achieve convergence from 5.3057787897395279e-09 to 5.3057787898371840e-09 seconds.
Warning: Simulation tolerance relaxed to achieve convergence from 5.3057787898371840e-09 to 5.3057787899348401e-09 seconds.
Warning: Simulation tolerance relaxed to achieve convergence from 5.3057787899348401e-09 to 5.3057787900324962e-09 seconds.
Warning: Simulation tolerance relaxed to achieve convergence from 5.3057787900324962e-09 to 5.3057787901301524e-09 seconds.
Warning: Simulation tolerance relaxed to achieve convergence from 5.3057787901301524e-09 to 5.3057787902278085e-09 seconds.
Warning: Simulation tolerance relaxed to achieve convergence from 5.3057787902278085e-09 to 5.3057787903254646e-09 seconds.
Warning: Simulation tolerance relaxed to achieve convergence from 5.3057787903254646e-09 to 5.3057787904231207e-09 seconds.
Warning: Simulation tolerance relaxed to achieve convergence from 5.3057787904231207e-09 to 5.3057787905207768e-09 seconds.
Warning: Simulation tolerance relaxed to achieve convergence from 5.3057787905207768e-09 to 5.3057787906184329e-09 seconds.
Warning: Simulation tolerance relaxed to achieve convergence from 5.3057787906184329e-09 to 5.3057787907160891e-09 seconds.
Warning: Simulation tolerance relaxed to achieve convergence from 5.3057787907160891e-09 to 5.3057787908137452e-09 seconds.
Warning: Simulation tolerance relaxed to achieve convergence from 5.3057787908137452e-09 to 5.3057787909114013e-09 seconds.
Warning: Simulation tolerance relaxed to achieve convergence from 5.3057787909114013e-09 to 5.3057787910090574e-09 seconds.
Warning: Simulation tolerance relaxed to achieve convergence from 5.3057787910090574e-09 to 5.3057787911067135e-09 seconds.
Warning: Simulation tolerance relaxed to achieve convergence from 5.3057787911067135e-09 to 5.3057787912043696e-09 seconds.
Warning: Simulation tolerance relaxed to achieve convergence from 5.3057787912043696e-09 to 5.3057787913020258e-09 seconds.
Warning: Simulation tolerance relaxed to achieve convergence from 5.3057787913020258e-09 to 5.3057787913996819e-09 seconds.
Warning: Simulation tolerance relaxed to achieve convergence from 5.3057787913996819e-09 to 5.3057787914973380e-09 seconds.
Warning: Simulation tolerance relaxed to achieve convergence from 5.3057787914973380e-09 to 5.3057787915949941e-09 seconds.
Warning: Simulation tolerance relaxed to achieve convergence from 5.3057787915949941e-09 to 5.3057787916926502e-09 seconds.
Warning: Simulation tolerance relaxed to achieve convergence from 5.3057787916926502e-09 to 5.3057787917903063e-09 seconds.
Warning: Simulation tolerance relaxed to achieve convergence from 5.3057787917903063e-09 to 5.3057787918879624e-09 seconds.
Warning: Simulation tolerance relaxed to achieve convergence from 5.3057787918879624e-09 to 5.3057787919856186e-09 seconds.
Warning: Simulation tolerance relaxed to achieve convergence from 5.3057787919856186e-09 to 5.3057787920832747e-09 seconds.
Warning: Simulation tolerance relaxed to achieve convergence from 5.3057787920832747e-09 to 5.3057787921809308e-09 seconds.
Warning: Simulation tolerance relaxed to achieve convergence from 5.3057787921809308e-09 to 5.3057787922785869e-09 seconds.
Warning: Simulation tolerance relaxed to achieve convergence from 5.3057787922785869e-09 to 5.3057787923762430e-09 seconds.
Warning: Simulation tolerance relaxed to achieve convergence from 5.3057787923762430e-09 to 5.3057787924738991e-09 seconds.
Warning: Simulation tolerance relaxed to achieve convergence from 5.3057787924738991e-09 to 5.3057787925715553e-09 seconds.
Warning: Simulation tolerance relaxed to achieve convergence from 5.3057787925715553e-09 to 5.3057787926692114e-09 seconds.
Warning: Simulation tolerance relaxed to achieve convergence from 5.3057787926692114e-09 to 5.3057787927668675e-09 seconds.
Warning: Simulation tolerance relaxed to achieve convergence from 5.3057787927668675e-09 to 5.3057787928645236e-09 seconds.
Warning: Simulation tolerance relaxed to achieve convergence from 5.3057787928645236e-09 to 5.3057787929621797e-09 seconds.
Warning: Simulation tolerance relaxed to achieve convergence from 5.3057787929621797e-09 to 5.3057787930598358e-09 seconds.
Warning: Simulation tolerance relaxed to achieve convergence from 5.3057787930598358e-09 to 5.3057787931574920e-09 seconds.
Warning: Simulation tolerance relaxed to achieve convergence from 5.3057787931574920e-09 to 5.3057787932551481e-09 seconds.
Warning: Simulation tolerance relaxed to achieve convergence from 5.3057787932551481e-09 to 5.3057787933528042e-09 seconds.
Warning: Simulation tolerance relaxed to achieve convergence from 5.3057787933528042e-09 to 5.3057787934504603e-09 seconds.
Warning: Simulation tolerance relaxed to achieve convergence from 5.3057787934504603e-09 to 5.3057787935481164e-09 seconds.
Warning: Simulation tolerance relaxed to achieve convergence from 5.3057787935481164e-09 to 5.3057787936457725e-09 seconds.
Warning: Simulation tolerance relaxed to achieve convergence from 5.3057787936457725e-09 to 5.3057787937434287e-09 seconds.
Warning: Simulation tolerance relaxed to achieve convergence from 5.3057787937434287e-09 to 5.3057787938410848e-09 seconds.
Warning: Simulation tolerance relaxed to achieve convergence from 5.3057787938410848e-09 to 5.3057787939387409e-09 seconds.
Warning: Simulation tolerance relaxed to achieve convergence from 5.3057787939387409e-09 to 5.3057787940363970e-09 seconds.
Warning: Simulation tolerance relaxed to achieve convergence from 5.3057787940363970e-09 to 5.3057787941340531e-09 seconds.
Warning: Simulation tolerance relaxed to achieve convergence from 5.3057787941340531e-09 to 5.3057787942317092e-09 seconds.
Warning: Simulation tolerance relaxed to achieve convergence from 5.3057787942317092e-09 to 5.3057787943293653e-09 seconds.
Warning: Simulation tolerance relaxed to achieve convergence from 5.3057787943293653e-09 to 5.3057787944270215e-09 seconds.
Warning: Simulation tolerance relaxed to achieve convergence from 5.3057787944270215e-09 to 5.3057787945246776e-09 seconds.
Warning: Simulation tolerance relaxed to achieve convergence from 5.3057787945246776e-09 to 5.3057787946223337e-09 seconds.
Warning: Simulation tolerance relaxed to achieve convergence from 5.3057787946223337e-09 to 5.3057787947199898e-09 seconds.
Warning: Simulation tolerance relaxed to achieve convergence from 5.3057787947199898e-09 to 5.3057787948176459e-09 seconds.
Warning: Simulation tolerance relaxed to achieve convergence from 5.3057787948176459e-09 to 5.3057787949153020e-09 seconds.
Warning: Simulation tolerance relaxed to achieve convergence from 5.3057787949153020e-09 to 5.3057787950129582e-09 seconds.
Warning: Simulation tolerance relaxed to achieve convergence from 5.3057787950129582e-09 to 5.3057787951106143e-09 seconds.
Warning: Simulation tolerance relaxed to achieve convergence from 5.3057787951106143e-09 to 5.3057787952082704e-09 seconds.
Warning: Simulation tolerance relaxed to achieve convergence from 5.3057787952082704e-09 to 5.3057787953059265e-09 seconds.
Warning: Simulation tolerance relaxed to achieve convergence from 5.3057787953059265e-09 to 5.3057787954035826e-09 seconds.
Warning: Simulation tolerance relaxed to achieve convergence from 5.3057787954035826e-09 to 5.3057787955012387e-09 seconds.
Warning: Simulation tolerance relaxed to achieve convergence from 5.3057787955012387e-09 to 5.3057787955988949e-09 seconds.
Warning: Simulation tolerance relaxed to achieve convergence from 5.3057787955988949e-09 to 5.3057787956965510e-09 seconds.
Warning: Simulation tolerance relaxed to achieve convergence from 5.3057787956965510e-09 to 5.3057787957942071e-09 seconds.
Warning: Simulation tolerance relaxed to achieve convergence from 5.3057787957942071e-09 to 5.3057787958918632e-09 seconds.
Warning: Simulation tolerance relaxed to achieve convergence from 5.3057787958918632e-09 to 5.3057787959895193e-09 seconds.
Warning: Simulation tolerance relaxed to achieve convergence from 5.3057787959895193e-09 to 5.3057787960871754e-09 seconds.
Warning: Simulation tolerance relaxed to achieve convergence from 5.3057787960871754e-09 to 5.3057787961848316e-09 seconds.
Warning: Simulation tolerance relaxed to achieve convergence from 5.3057787961848316e-09 to 5.3057787962824877e-09 seconds.
Warning: Simulation tolerance relaxed to achieve convergence from 5.3057787962824877e-09 to 5.3057787963801438e-09 seconds.
Warning: Simulation tolerance relaxed to achieve convergence from 5.3057787963801438e-09 to 5.3057787964777999e-09 seconds.
Warning: Simulation tolerance relaxed to achieve convergence from 5.3057787964777999e-09 to 5.3057787965754560e-09 seconds.
Warning: Simulation tolerance relaxed to achieve convergence from 5.3057787965754560e-09 to 5.3057787966731121e-09 seconds.
Warning: Simulation tolerance relaxed to achieve convergence from 5.3057787966731121e-09 to 5.3057787967707682e-09 seconds.
Warning: Simulation tolerance relaxed to achieve convergence from 5.3057787967707682e-09 to 5.3057787968684244e-09 seconds.
Warning: Simulation tolerance relaxed to achieve convergence from 5.3057787968684244e-09 to 5.3057787969660805e-09 seconds.
Warning: Simulation tolerance relaxed to achieve convergence from 5.3057787969660805e-09 to 5.3057787970637366e-09 seconds.
Warning: Simulation tolerance relaxed to achieve convergence from 5.3057787970637366e-09 to 5.3057787971613927e-09 seconds.
Warning: Simulation tolerance relaxed to achieve convergence from 5.3057787971613927e-09 to 5.3057787972590488e-09 seconds.
Warning: Simulation tolerance relaxed to achieve convergence from 5.3057787972590488e-09 to 5.3057787973567049e-09 seconds.
Warning: Simulation tolerance relaxed to achieve convergence from 5.3057787973567049e-09 to 5.3057787974543611e-09 seconds.
Warning: Simulation tolerance relaxed to achieve convergence from 5.3057787974543611e-09 to 5.3057787975520172e-09 seconds.
Warning: Simulation tolerance relaxed to achieve convergence from 5.3057787975520172e-09 to 5.3057787976496733e-09 seconds.
Warning: Simulation tolerance relaxed to achieve convergence from 5.3057787976496733e-09 to 5.3057787977473294e-09 seconds.
Warning: Simulation tolerance relaxed to achieve convergence from 5.3057787977473294e-09 to 5.3057787978449855e-09 seconds.
Warning: Simulation tolerance relaxed to achieve convergence from 5.3057787978449855e-09 to 5.3057787979426416e-09 seconds.
Warning: Simulation tolerance relaxed to achieve convergence from 5.3057787979426416e-09 to 5.3057787980402978e-09 seconds.
Warning: Simulation tolerance relaxed to achieve convergence from 5.3057787980402978e-09 to 5.3057787981379539e-09 seconds.
Warning: Simulation tolerance relaxed to achieve convergence from 5.3057787981379539e-09 to 5.3057787982356100e-09 seconds.
Warning: Simulation tolerance relaxed to achieve convergence from 5.3057787982356100e-09 to 5.3057787983332661e-09 seconds.
Warning: Simulation tolerance relaxed to achieve convergence from 5.3057787983332661e-09 to 5.3057787984309222e-09 seconds.
Warning: Simulation tolerance relaxed to achieve convergence from 5.3057787984309222e-09 to 5.3057787985285783e-09 seconds.
Warning: Simulation tolerance relaxed to achieve convergence from 5.3057787985285783e-09 to 5.3057787986262344e-09 seconds.
Warning: Simulation tolerance relaxed to achieve convergence from 5.3057787986262344e-09 to 5.3057787987238906e-09 seconds.
Warning: Simulation tolerance relaxed to achieve convergence from 5.3057787987238906e-09 to 5.3057787988215467e-09 seconds.
Warning: Simulation tolerance relaxed to achieve convergence from 5.3057787988215467e-09 to 5.3057787989192028e-09 seconds.
Warning: Simulation tolerance relaxed to achieve convergence from 5.3057787989192028e-09 to 5.3057787990168589e-09 seconds.
Warning: Simulation tolerance relaxed to achieve convergence from 5.3057787990168589e-09 to 5.3057787991145150e-09 seconds.
Warning: Simulation tolerance relaxed to achieve convergence from 5.3057787991145150e-09 to 5.3057787992121711e-09 seconds.
Warning: Simulation tolerance relaxed to achieve convergence from 5.3057787992121711e-09 to 5.3057787993098273e-09 seconds.
Warning: Simulation tolerance relaxed to achieve convergence from 5.3057787993098273e-09 to 5.3057787994074834e-09 seconds.
Warning: Simulation tolerance relaxed to achieve convergence from 5.3057787994074834e-09 to 5.3057787995051395e-09 seconds.
Warning: Simulation tolerance relaxed to achieve convergence from 5.3057787995051395e-09 to 5.3057787996027956e-09 seconds.
Warning: Simulation tolerance relaxed to achieve convergence from 5.3057787996027956e-09 to 5.3057787997004517e-09 seconds.
Warning: Simulation tolerance relaxed to achieve convergence from 5.3057787997004517e-09 to 5.3057787997981078e-09 seconds.
Warning: Simulation tolerance relaxed to achieve convergence from 5.3057787997981078e-09 to 5.3057787998957640e-09 seconds.
Warning: Simulation tolerance relaxed to achieve convergence from 5.3057787998957640e-09 to 5.3057787999934201e-09 seconds.
Warning: Simulation tolerance relaxed to achieve convergence from 5.3057787999934201e-09 to 5.3057788000910762e-09 seconds.
Warning: Simulation tolerance relaxed to achieve convergence from 5.3057788000910762e-09 to 5.3057788001887323e-09 seconds.
Warning: Simulation tolerance relaxed to achieve convergence from 5.3057788001887323e-09 to 5.3057788002863884e-09 seconds.
Warning: Simulation tolerance relaxed to achieve convergence from 5.3057788002863884e-09 to 5.3057788003840445e-09 seconds.
Warning: Simulation tolerance relaxed to achieve convergence from 5.3057788003840445e-09 to 5.3057788004817007e-09 seconds.
Warning: Simulation tolerance relaxed to achieve convergence from 5.3057788004817007e-09 to 5.3057788005793568e-09 seconds.
Warning: Simulation tolerance relaxed to achieve convergence from 5.3057788005793568e-09 to 5.3057788006770129e-09 seconds.
Warning: Simulation tolerance relaxed to achieve convergence from 5.3057788006770129e-09 to 5.3057788007746690e-09 seconds.
Warning: Simulation tolerance relaxed to achieve convergence from 5.3057788007746690e-09 to 5.3057788008723251e-09 seconds.
Warning: Simulation tolerance relaxed to achieve convergence from 5.3057788008723251e-09 to 5.3057788009699812e-09 seconds.
Warning: Simulation tolerance relaxed to achieve convergence from 5.3057788009699812e-09 to 5.3057788010676373e-09 seconds.
Warning: Simulation tolerance relaxed to achieve convergence from 5.3057788010676373e-09 to 5.3057788011652935e-09 seconds.
Warning: Simulation tolerance relaxed to achieve convergence from 5.3057788011652935e-09 to 5.3057788012629496e-09 seconds.
Warning: Simulation tolerance relaxed to achieve convergence from 5.3057788012629496e-09 to 5.3057788013606057e-09 seconds.
Warning: Simulation tolerance relaxed to achieve convergence from 5.3057788013606057e-09 to 5.3057788014582618e-09 seconds.
Warning: Simulation tolerance relaxed to achieve convergence from 5.3057788014582618e-09 to 5.3057788015559179e-09 seconds.
Warning: Simulation tolerance relaxed to achieve convergence from 5.3057788015559179e-09 to 5.3057788016535740e-09 seconds.
Warning: Simulation tolerance relaxed to achieve convergence from 5.3057788016535740e-09 to 5.3057788017512302e-09 seconds.
Warning: Simulation tolerance relaxed to achieve convergence from 5.3057788017512302e-09 to 5.3057788018488863e-09 seconds.
Warning: Simulation tolerance relaxed to achieve convergence from 5.3057788018488863e-09 to 5.3057788019465424e-09 seconds.
Warning: Simulation tolerance relaxed to achieve convergence from 5.3057788019465424e-09 to 5.3057788020441985e-09 seconds.
Warning: Simulation tolerance relaxed to achieve convergence from 5.3057788020441985e-09 to 5.3057788021418546e-09 seconds.
Warning: Simulation tolerance relaxed to achieve convergence from 5.3057788021418546e-09 to 5.3057788022395107e-09 seconds.
Warning: Simulation tolerance relaxed to achieve convergence from 5.3057788022395107e-09 to 5.3057788023371669e-09 seconds.
Warning: Simulation tolerance relaxed to achieve convergence from 5.3057788023371669e-09 to 5.3057788024348230e-09 seconds.
Warning: Simulation tolerance relaxed to achieve convergence from 5.3057788024348230e-09 to 5.3057788025324791e-09 seconds.
Warning: Simulation tolerance relaxed to achieve convergence from 5.3057788025324791e-09 to 5.3057788026301352e-09 seconds.
Warning: Simulation tolerance relaxed to achieve convergence from 5.3057788026301352e-09 to 5.3057788027277913e-09 seconds.
Warning: Simulation tolerance relaxed to achieve convergence from 5.3057788027277913e-09 to 5.3057788028254474e-09 seconds.
Warning: Simulation tolerance relaxed to achieve convergence from 5.3057788028254474e-09 to 5.3057788029231035e-09 seconds.
Warning: Simulation tolerance relaxed to achieve convergence from 5.3057788029231035e-09 to 5.3057788030207597e-09 seconds.
Warning: Simulation tolerance relaxed to achieve convergence from 5.3057788030207597e-09 to 5.3057788031184158e-09 seconds.
Warning: Simulation tolerance relaxed to achieve convergence from 5.3057788031184158e-09 to 5.3057788032160719e-09 seconds.
Warning: Simulation tolerance relaxed to achieve convergence from 5.3057788032160719e-09 to 5.3057788033137280e-09 seconds.
Warning: Simulation tolerance relaxed to achieve convergence from 5.3057788033137280e-09 to 5.3057788034113841e-09 seconds.
Warning: Simulation tolerance relaxed to achieve convergence from 5.3057788034113841e-09 to 5.3057788035090402e-09 seconds.
Warning: Simulation tolerance relaxed to achieve convergence from 5.3057788035090402e-09 to 5.3057788036066964e-09 seconds.
Warning: Simulation tolerance relaxed to achieve convergence from 5.3057788036066964e-09 to 5.3057788037043525e-09 seconds.
Warning: Simulation tolerance relaxed to achieve convergence from 5.3057788037043525e-09 to 5.3057788038020086e-09 seconds.
Warning: Simulation tolerance relaxed to achieve convergence from 5.3057788038020086e-09 to 5.3057788038996647e-09 seconds.
Warning: Simulation tolerance relaxed to achieve convergence from 5.3057788038996647e-09 to 5.3057788039973208e-09 seconds.
Warning: Simulation tolerance relaxed to achieve convergence from 5.3057788039973208e-09 to 5.3057788040949769e-09 seconds.
Warning: Simulation tolerance relaxed to achieve convergence from 5.3057788040949769e-09 to 5.3057788041926331e-09 seconds.
Warning: Simulation tolerance relaxed to achieve convergence from 5.3057788041926331e-09 to 5.3057788042902892e-09 seconds.
Warning: Simulation tolerance relaxed to achieve convergence from 5.3057788042902892e-09 to 5.3057788043879453e-09 seconds.
Warning: Simulation tolerance relaxed to achieve convergence from 5.3057788043879453e-09 to 5.3057788044856014e-09 seconds.
Warning: Simulation tolerance relaxed to achieve convergence from 5.3057788044856014e-09 to 5.3057788045832575e-09 seconds.
Warning: Simulation tolerance relaxed to achieve convergence from 5.3057788045832575e-09 to 5.3057788046809136e-09 seconds.
Warning: Simulation tolerance relaxed to achieve convergence from 5.3057788046809136e-09 to 5.3057788047785698e-09 seconds.
Warning: Simulation tolerance relaxed to achieve convergence from 5.3057788047785698e-09 to 5.3057788048762259e-09 seconds.
Warning: Simulation tolerance relaxed to achieve convergence from 5.3057788048762259e-09 to 5.3057788049738820e-09 seconds.
Warning: Simulation tolerance relaxed to achieve convergence from 5.3057788049738820e-09 to 5.3057788050715381e-09 seconds.
Warning: Simulation tolerance relaxed to achieve convergence from 5.3057788050715381e-09 to 5.3057788051691942e-09 seconds.
Warning: Simulation tolerance relaxed to achieve convergence from 5.3057788051691942e-09 to 5.3057788052668503e-09 seconds.
Warning: Simulation tolerance relaxed to achieve convergence from 5.3057788052668503e-09 to 5.3057788053645064e-09 seconds.
Warning: Simulation tolerance relaxed to achieve convergence from 5.3057788053645064e-09 to 5.3057788054621626e-09 seconds.
Warning: Simulation tolerance relaxed to achieve convergence from 5.3057788054621626e-09 to 5.3057788055598187e-09 seconds.
Warning: Simulation tolerance relaxed to achieve convergence from 5.3057788055598187e-09 to 5.3057788056574748e-09 seconds.
Warning: Simulation tolerance relaxed to achieve convergence from 5.3057788056574748e-09 to 5.3057788057551309e-09 seconds.
Warning: Simulation tolerance relaxed to achieve convergence from 5.3057788057551309e-09 to 5.3057788058527870e-09 seconds.
Warning: Simulation tolerance relaxed to achieve convergence from 5.3057788058527870e-09 to 5.3057788059504431e-09 seconds.
Warning: Simulation tolerance relaxed to achieve convergence from 5.3057788059504431e-09 to 5.3057788060480993e-09 seconds.
Warning: Simulation tolerance relaxed to achieve convergence from 5.3057788060480993e-09 to 5.3057788061457554e-09 seconds.
Warning: Simulation tolerance relaxed to achieve convergence from 5.3057788061457554e-09 to 5.3057788062434115e-09 seconds.
Warning: Simulation tolerance relaxed to achieve convergence from 5.3057788062434115e-09 to 5.3057788063410676e-09 seconds.
Warning: Simulation tolerance relaxed to achieve convergence from 5.3057788063410676e-09 to 5.3057788064387237e-09 seconds.
Warning: Simulation tolerance relaxed to achieve convergence from 5.3057788064387237e-09 to 5.3057788065363798e-09 seconds.
Warning: Simulation tolerance relaxed to achieve convergence from 5.3057788065363798e-09 to 5.3057788066340360e-09 seconds.
Warning: Simulation tolerance relaxed to achieve convergence from 5.3057788066340360e-09 to 5.3057788067316921e-09 seconds.
Warning: Simulation tolerance relaxed to achieve convergence from 5.3057788067316921e-09 to 5.3057788068293482e-09 seconds.
Warning: Simulation tolerance relaxed to achieve convergence from 5.3057788068293482e-09 to 5.3057788069270043e-09 seconds.
Warning: Simulation tolerance relaxed to achieve convergence from 5.3057788069270043e-09 to 5.3057788070246604e-09 seconds.
Warning: Simulation tolerance relaxed to achieve convergence from 5.3057788070246604e-09 to 5.3057788071223165e-09 seconds.
Warning: Simulation tolerance relaxed to achieve convergence from 5.3057788071223165e-09 to 5.3057788072199727e-09 seconds.
Warning: Simulation tolerance relaxed to achieve convergence from 5.3057788072199727e-09 to 5.3057788073176288e-09 seconds.
Warning: Simulation tolerance relaxed to achieve convergence from 5.3057788073176288e-09 to 5.3057788074152849e-09 seconds.
Warning: Simulation tolerance relaxed to achieve convergence from 5.3057788074152849e-09 to 5.3057788075129410e-09 seconds.
Warning: Simulation tolerance relaxed to achieve convergence from 5.3057788075129410e-09 to 5.3057788076105971e-09 seconds.
Warning: Simulation tolerance relaxed to achieve convergence from 5.3057788076105971e-09 to 5.3057788077082532e-09 seconds.
Warning: Simulation tolerance relaxed to achieve convergence from 5.3057788077082532e-09 to 5.3057788078059093e-09 seconds.
Warning: Simulation tolerance relaxed to achieve convergence from 5.3057788078059093e-09 to 5.3057788079035655e-09 seconds.
Warning: Simulation tolerance relaxed to achieve convergence from 5.3057788079035655e-09 to 5.3057788080012216e-09 seconds.
Warning: Simulation tolerance relaxed to achieve convergence from 5.3057788080012216e-09 to 5.3057788080988777e-09 seconds.
Warning: Simulation tolerance relaxed to achieve convergence from 5.3057788080988777e-09 to 5.3057788081965338e-09 seconds.
Warning: Simulation tolerance relaxed to achieve convergence from 5.3057788081965338e-09 to 5.3057788082941899e-09 seconds.
Warning: Simulation tolerance relaxed to achieve convergence from 5.3057788082941899e-09 to 5.3057788083918460e-09 seconds.
Warning: Simulation tolerance relaxed to achieve convergence from 5.3057788083918460e-09 to 5.3057788084895022e-09 seconds.
Warning: Simulation tolerance relaxed to achieve convergence from 5.3057788084895022e-09 to 5.3057788085871583e-09 seconds.
Warning: Simulation tolerance relaxed to achieve convergence from 5.3057788085871583e-09 to 5.3057788086848144e-09 seconds.
Warning: Simulation tolerance relaxed to achieve convergence from 5.3057788086848144e-09 to 5.3057788087824705e-09 seconds.
Warning: Simulation tolerance relaxed to achieve convergence from 5.3057788087824705e-09 to 5.3057788088801266e-09 seconds.
Warning: Simulation tolerance relaxed to achieve convergence from 5.3057788088801266e-09 to 5.3057788089777827e-09 seconds.
Warning: Simulation tolerance relaxed to achieve convergence from 5.3057788089777827e-09 to 5.3057788090754389e-09 seconds.
Warning: Simulation tolerance relaxed to achieve convergence from 5.3057788090754389e-09 to 5.3057788091730950e-09 seconds.
Warning: Simulation tolerance relaxed to achieve convergence from 5.3057788091730950e-09 to 5.3057788092707511e-09 seconds.
Warning: Simulation tolerance relaxed to achieve convergence from 5.3057788092707511e-09 to 5.3057788093684072e-09 seconds.
Warning: Simulation tolerance relaxed to achieve convergence from 5.3057788093684072e-09 to 5.3057788094660633e-09 seconds.
Warning: Simulation tolerance relaxed to achieve convergence from 5.3057788094660633e-09 to 5.3057788095637194e-09 seconds.
Warning: Simulation tolerance relaxed to achieve convergence from 5.3057788095637194e-09 to 5.3057788096613755e-09 seconds.
Warning: Simulation tolerance relaxed to achieve convergence from 5.3057788096613755e-09 to 5.3057788097590317e-09 seconds.
Warning: Simulation tolerance relaxed to achieve convergence from 5.3057788097590317e-09 to 5.3057788098566878e-09 seconds.
Warning: Simulation tolerance relaxed to achieve convergence from 5.3057788098566878e-09 to 5.3057788099543439e-09 seconds.
Warning: Simulation tolerance relaxed to achieve convergence from 5.3057788099543439e-09 to 5.3057788100520000e-09 seconds.
Warning: Simulation tolerance relaxed to achieve convergence from 5.3057788100520000e-09 to 5.3057788101496561e-09 seconds.
Warning: Simulation tolerance relaxed to achieve convergence from 5.3057788101496561e-09 to 5.3057788102473122e-09 seconds.
Warning: Simulation tolerance relaxed to achieve convergence from 5.3057788102473122e-09 to 5.3057788103449684e-09 seconds.
Warning: Simulation tolerance relaxed to achieve convergence from 5.3057788103449684e-09 to 5.3057788104426245e-09 seconds.
Warning: Simulation tolerance relaxed to achieve convergence from 5.3057788104426245e-09 to 5.3057788105402806e-09 seconds.
Warning: Simulation tolerance relaxed to achieve convergence from 5.3057788105402806e-09 to 5.3057788106379367e-09 seconds.
Warning: Simulation tolerance relaxed to achieve convergence from 5.3057788106379367e-09 to 5.3057788107355928e-09 seconds.
Warning: Simulation tolerance relaxed to achieve convergence from 5.3057788107355928e-09 to 5.3057788108332489e-09 seconds.
Warning: Simulation tolerance relaxed to achieve convergence from 5.3057788108332489e-09 to 5.3057788109309051e-09 seconds.
Warning: Simulation tolerance relaxed to achieve convergence from 5.3057788109309051e-09 to 5.3057788110285612e-09 seconds.
Warning: Simulation tolerance relaxed to achieve convergence from 5.3057788110285612e-09 to 5.3057788111262173e-09 seconds.
Warning: Simulation tolerance relaxed to achieve convergence from 5.3057788111262173e-09 to 5.3057788112238734e-09 seconds.
Warning: Simulation tolerance relaxed to achieve convergence from 5.3057788112238734e-09 to 5.3057788113215295e-09 seconds.
Warning: Simulation tolerance relaxed to achieve convergence from 5.3057788113215295e-09 to 5.3057788114191856e-09 seconds.
Warning: Simulation tolerance relaxed to achieve convergence from 5.3057788114191856e-09 to 5.3057788115168418e-09 seconds.
Warning: Simulation tolerance relaxed to achieve convergence from 5.3057788115168418e-09 to 5.3057788116144979e-09 seconds.
Warning: Simulation tolerance relaxed to achieve convergence from 5.3057788116144979e-09 to 5.3057788117121540e-09 seconds.
Warning: Simulation tolerance relaxed to achieve convergence from 5.3057788117121540e-09 to 5.3057788118098101e-09 seconds.
Warning: Simulation tolerance relaxed to achieve convergence from 5.3057788118098101e-09 to 5.3057788119074662e-09 seconds.
Warning: Simulation tolerance relaxed to achieve convergence from 5.3057788119074662e-09 to 5.3057788120051223e-09 seconds.
Warning: Simulation tolerance relaxed to achieve convergence from 5.3057788120051223e-09 to 5.3057788121027784e-09 seconds.
Warning: Simulation tolerance relaxed to achieve convergence from 5.3057788121027784e-09 to 5.3057788122004346e-09 seconds.
Warning: Simulation tolerance relaxed to achieve convergence from 5.3057788122004346e-09 to 5.3057788122980907e-09 seconds.
Warning: Simulation tolerance relaxed to achieve convergence from 5.3057788122980907e-09 to 5.3057788123957468e-09 seconds.
Warning: Simulation tolerance relaxed to achieve convergence from 5.3057788123957468e-09 to 5.3057788124934029e-09 seconds.
Warning: Simulation tolerance relaxed to achieve convergence from 5.3057788124934029e-09 to 5.3057788125910590e-09 seconds.
Warning: Simulation tolerance relaxed to achieve convergence from 5.3057788125910590e-09 to 5.3057788126887151e-09 seconds.
Warning: Simulation tolerance relaxed to achieve convergence from 5.3057788126887151e-09 to 5.3057788127863713e-09 seconds.
Warning: Simulation tolerance relaxed to achieve convergence from 5.3057788127863713e-09 to 5.3057788128840274e-09 seconds.
Warning: Simulation tolerance relaxed to achieve convergence from 5.3057788128840274e-09 to 5.3057788129816835e-09 seconds.
Warning: Simulation tolerance relaxed to achieve convergence from 5.3057788129816835e-09 to 5.3057788130793396e-09 seconds.
Warning: Simulation tolerance relaxed to achieve convergence from 5.3057788130793396e-09 to 5.3057788131769957e-09 seconds.
Warning: Simulation tolerance relaxed to achieve convergence from 5.3057788131769957e-09 to 5.3057788132746518e-09 seconds.
Warning: Simulation tolerance relaxed to achieve convergence from 5.3057788132746518e-09 to 5.3057788133723080e-09 seconds.
Warning: Simulation tolerance relaxed to achieve convergence from 5.3057788133723080e-09 to 5.3057788134699641e-09 seconds.
Warning: Simulation tolerance relaxed to achieve convergence from 5.3057788134699641e-09 to 5.3057788135676202e-09 seconds.
Warning: Simulation tolerance relaxed to achieve convergence from 5.3057788135676202e-09 to 5.3057788136652763e-09 seconds.
Warning: Simulation tolerance relaxed to achieve convergence from 5.3057788136652763e-09 to 5.3057788137629324e-09 seconds.
Warning: Simulation tolerance relaxed to achieve convergence from 5.3057788137629324e-09 to 5.3057788138605885e-09 seconds.
Warning: Simulation tolerance relaxed to achieve convergence from 5.3057788138605885e-09 to 5.3057788139582447e-09 seconds.
Warning: Simulation tolerance relaxed to achieve convergence from 5.3057788139582447e-09 to 5.3057788140559008e-09 seconds.
Warning: Simulation tolerance relaxed to achieve convergence from 5.3057788140559008e-09 to 5.3057788141535569e-09 seconds.
Warning: Simulation tolerance relaxed to achieve convergence from 5.3057788141535569e-09 to 5.3057788142512130e-09 seconds.
Warning: Simulation tolerance relaxed to achieve convergence from 5.3057788142512130e-09 to 5.3057788143488691e-09 seconds.
Warning: Simulation tolerance relaxed to achieve convergence from 5.3057788143488691e-09 to 5.3057788144465252e-09 seconds.
Warning: Simulation tolerance relaxed to achieve convergence from 5.3057788144465252e-09 to 5.3057788145441813e-09 seconds.
Warning: Simulation tolerance relaxed to achieve convergence from 5.3057788145441813e-09 to 5.3057788146418375e-09 seconds.
Warning: Simulation tolerance relaxed to achieve convergence from 5.3057788146418375e-09 to 5.3057788147394936e-09 seconds.
Warning: Simulation tolerance relaxed to achieve convergence from 5.3057788147394936e-09 to 5.3057788148371497e-09 seconds.
Warning: Simulation tolerance relaxed to achieve convergence from 5.3057788148371497e-09 to 5.3057788149348058e-09 seconds.
Warning: Simulation tolerance relaxed to achieve convergence from 5.3057788149348058e-09 to 5.3057788150324619e-09 seconds.
Warning: Simulation tolerance relaxed to achieve convergence from 5.3057788150324619e-09 to 5.3057788151301180e-09 seconds.
Warning: Simulation tolerance relaxed to achieve convergence from 5.3057788151301180e-09 to 5.3057788152277742e-09 seconds.
Warning: Simulation tolerance relaxed to achieve convergence from 5.3057788152277742e-09 to 5.3057788153254303e-09 seconds.
Warning: Simulation tolerance relaxed to achieve convergence from 5.3057788153254303e-09 to 5.3057788154230864e-09 seconds.
Warning: Simulation tolerance relaxed to achieve convergence from 5.3057788154230864e-09 to 5.3057788155207425e-09 seconds.
Warning: Simulation tolerance relaxed to achieve convergence from 7.0942647937079346e-09 to 7.0942647938055907e-09 seconds.
Warning: Simulation tolerance relaxed to achieve convergence from 1.1305778779530388e-08 to 1.1305778779628045e-08 seconds.
Warning: Simulation tolerance relaxed to achieve convergence from 1.1305778779628045e-08 to 1.1305778779725702e-08 seconds.
Warning: Simulation tolerance relaxed to achieve convergence from 1.1305778779725702e-08 to 1.1305778779823359e-08 seconds.
Warning: Simulation tolerance relaxed to achieve convergence from 1.1305778779823359e-08 to 1.1305778779921016e-08 seconds.
Warning: Simulation tolerance relaxed to achieve convergence from 1.1305778779921016e-08 to 1.1305778780018673e-08 seconds.
Warning: Simulation tolerance relaxed to achieve convergence from 1.1305778780018673e-08 to 1.1305778780116329e-08 seconds.
Warning: Simulation tolerance relaxed to achieve convergence from 1.1305778780116329e-08 to 1.1305778780213986e-08 seconds.
Warning: Simulation tolerance relaxed to achieve convergence from 1.1305778780213986e-08 to 1.1305778780311643e-08 seconds.
Warning: Simulation tolerance relaxed to achieve convergence from 1.1305778780311643e-08 to 1.1305778780409300e-08 seconds.
Warning: Simulation tolerance relaxed to achieve convergence from 1.1305778780409300e-08 to 1.1305778780506957e-08 seconds.
Warning: Simulation tolerance relaxed to achieve convergence from 1.1305778780506957e-08 to 1.1305778780604614e-08 seconds.
Warning: Simulation tolerance relaxed to achieve convergence from 1.1305778780604614e-08 to 1.1305778780702271e-08 seconds.
Warning: Simulation tolerance relaxed to achieve convergence from 1.1305778780702271e-08 to 1.1305778780799928e-08 seconds.
Warning: Simulation tolerance relaxed to achieve convergence from 1.1305778780799928e-08 to 1.1305778780897585e-08 seconds.
Warning: Simulation tolerance relaxed to achieve convergence from 1.1305778780897585e-08 to 1.1305778780995242e-08 seconds.
Warning: Simulation tolerance relaxed to achieve convergence from 1.1305778780995242e-08 to 1.1305778781092899e-08 seconds.
Warning: Simulation tolerance relaxed to achieve convergence from 1.1305778781092899e-08 to 1.1305778781190556e-08 seconds.
Warning: Simulation tolerance relaxed to achieve convergence from 1.1305778781190556e-08 to 1.1305778781288213e-08 seconds.
Warning: Simulation tolerance relaxed to achieve convergence from 1.1305778781288213e-08 to 1.1305778781385870e-08 seconds.
Warning: Simulation tolerance relaxed to achieve convergence from 1.1305778781385870e-08 to 1.1305778781483527e-08 seconds.
Warning: Simulation tolerance relaxed to achieve convergence from 1.1305778781483527e-08 to 1.1305778781581184e-08 seconds.
Warning: Simulation tolerance relaxed to achieve convergence from 1.1305778781581184e-08 to 1.1305778781678841e-08 seconds.
Warning: Simulation tolerance relaxed to achieve convergence from 1.1305778781678841e-08 to 1.1305778781776498e-08 seconds.
Warning: Simulation tolerance relaxed to achieve convergence from 1.1305778781776498e-08 to 1.1305778781874154e-08 seconds.
Warning: Simulation tolerance relaxed to achieve convergence from 1.1305778781874154e-08 to 1.1305778781971811e-08 seconds.
Warning: Simulation tolerance relaxed to achieve convergence from 1.1305778781971811e-08 to 1.1305778782069468e-08 seconds.
Warning: Simulation tolerance relaxed to achieve convergence from 1.1305778782069468e-08 to 1.1305778782167125e-08 seconds.
Warning: Simulation tolerance relaxed to achieve convergence from 1.1305778782167125e-08 to 1.1305778782264782e-08 seconds.
Warning: Simulation tolerance relaxed to achieve convergence from 1.1305778782264782e-08 to 1.1305778782362439e-08 seconds.
Warning: Simulation tolerance relaxed to achieve convergence from 1.1305778782362439e-08 to 1.1305778782460096e-08 seconds.
Warning: Simulation tolerance relaxed to achieve convergence from 1.1305778782460096e-08 to 1.1305778782557753e-08 seconds.
Warning: Simulation tolerance relaxed to achieve convergence from 1.1305778782557753e-08 to 1.1305778782655410e-08 seconds.
Warning: Simulation tolerance relaxed to achieve convergence from 1.1305778782655410e-08 to 1.1305778782753067e-08 seconds.
Warning: Simulation tolerance relaxed to achieve convergence from 1.1305778782753067e-08 to 1.1305778782850724e-08 seconds.
Warning: Simulation tolerance relaxed to achieve convergence from 1.1305778782850724e-08 to 1.1305778782948381e-08 seconds.
Warning: Simulation tolerance relaxed to achieve convergence from 1.1305778782948381e-08 to 1.1305778783046038e-08 seconds.
Warning: Simulation tolerance relaxed to achieve convergence from 1.1305778783046038e-08 to 1.1305778783143695e-08 seconds.
Warning: Simulation tolerance relaxed to achieve convergence from 1.1305778783143695e-08 to 1.1305778783241352e-08 seconds.
Warning: Simulation tolerance relaxed to achieve convergence from 1.1305778783241352e-08 to 1.1305778783339009e-08 seconds.
Warning: Simulation tolerance relaxed to achieve convergence from 1.1305778783339009e-08 to 1.1305778783436666e-08 seconds.
Warning: Simulation tolerance relaxed to achieve convergence from 1.1305778783436666e-08 to 1.1305778783534322e-08 seconds.
Warning: Simulation tolerance relaxed to achieve convergence from 1.1305778783534322e-08 to 1.1305778783631979e-08 seconds.
Warning: Simulation tolerance relaxed to achieve convergence from 1.1305778783631979e-08 to 1.1305778783729636e-08 seconds.
Warning: Simulation tolerance relaxed to achieve convergence from 1.1305778783729636e-08 to 1.1305778783827293e-08 seconds.
Warning: Simulation tolerance relaxed to achieve convergence from 1.1305778783827293e-08 to 1.1305778783924950e-08 seconds.
Warning: Simulation tolerance relaxed to achieve convergence from 1.1305778783924950e-08 to 1.1305778784022607e-08 seconds.
Warning: Simulation tolerance relaxed to achieve convergence from 1.1305778784022607e-08 to 1.1305778784120264e-08 seconds.
Warning: Simulation tolerance relaxed to achieve convergence from 1.1305778784120264e-08 to 1.1305778784217921e-08 seconds.
Warning: Simulation tolerance relaxed to achieve convergence from 1.1305778784217921e-08 to 1.1305778784315578e-08 seconds.
Warning: Simulation tolerance relaxed to achieve convergence from 1.1305778784315578e-08 to 1.1305778784413235e-08 seconds.
Warning: Simulation tolerance relaxed to achieve convergence from 1.1305778784413235e-08 to 1.1305778784510892e-08 seconds.
Warning: Simulation tolerance relaxed to achieve convergence from 1.1305778784510892e-08 to 1.1305778784608549e-08 seconds.
Warning: Simulation tolerance relaxed to achieve convergence from 1.1305778784608549e-08 to 1.1305778784706206e-08 seconds.
Warning: Simulation tolerance relaxed to achieve convergence from 1.1305778784706206e-08 to 1.1305778784803863e-08 seconds.
Warning: Simulation tolerance relaxed to achieve convergence from 1.1305778784803863e-08 to 1.1305778784901520e-08 seconds.
Warning: Simulation tolerance relaxed to achieve convergence from 1.1305778784901520e-08 to 1.1305778784999177e-08 seconds.
Warning: Simulation tolerance relaxed to achieve convergence from 1.1305778784999177e-08 to 1.1305778785096834e-08 seconds.
Warning: Simulation tolerance relaxed to achieve convergence from 1.1305778785096834e-08 to 1.1305778785194491e-08 seconds.
Warning: Simulation tolerance relaxed to achieve convergence from 1.1305778785194491e-08 to 1.1305778785292147e-08 seconds.
Warning: Simulation tolerance relaxed to achieve convergence from 1.1305778785292147e-08 to 1.1305778785389804e-08 seconds.
Warning: Simulation tolerance relaxed to achieve convergence from 1.1305778785389804e-08 to 1.1305778785487461e-08 seconds.
Warning: Simulation tolerance relaxed to achieve convergence from 1.1305778785487461e-08 to 1.1305778785585118e-08 seconds.
Warning: Simulation tolerance relaxed to achieve convergence from 1.1305778785585118e-08 to 1.1305778785682775e-08 seconds.
Warning: Simulation tolerance relaxed to achieve convergence from 1.1305778785682775e-08 to 1.1305778785780432e-08 seconds.
Warning: Simulation tolerance relaxed to achieve convergence from 1.1305778785780432e-08 to 1.1305778785878089e-08 seconds.
Warning: Simulation tolerance relaxed to achieve convergence from 1.1305778785878089e-08 to 1.1305778785975746e-08 seconds.
Warning: Simulation tolerance relaxed to achieve convergence from 1.1305778785975746e-08 to 1.1305778786073403e-08 seconds.
Warning: Simulation tolerance relaxed to achieve convergence from 1.1305778786073403e-08 to 1.1305778786171060e-08 seconds.
Warning: Simulation tolerance relaxed to achieve convergence from 1.1305778786171060e-08 to 1.1305778786268717e-08 seconds.
Warning: Simulation tolerance relaxed to achieve convergence from 1.1305778786268717e-08 to 1.1305778786366374e-08 seconds.
Warning: Simulation tolerance relaxed to achieve convergence from 1.1305778786366374e-08 to 1.1305778786464031e-08 seconds.
Warning: Simulation tolerance relaxed to achieve convergence from 1.1305778786464031e-08 to 1.1305778786561688e-08 seconds.
Warning: Simulation tolerance relaxed to achieve convergence from 1.1305778786561688e-08 to 1.1305778786659345e-08 seconds.
Warning: Simulation tolerance relaxed to achieve convergence from 1.1305778786659345e-08 to 1.1305778786757002e-08 seconds.
Warning: Simulation tolerance relaxed to achieve convergence from 1.1305778786757002e-08 to 1.1305778786854659e-08 seconds.
Warning: Simulation tolerance relaxed to achieve convergence from 1.1305778786854659e-08 to 1.1305778786952315e-08 seconds.
Warning: Simulation tolerance relaxed to achieve convergence from 1.1305778786952315e-08 to 1.1305778787049972e-08 seconds.
Warning: Simulation tolerance relaxed to achieve convergence from 1.1305778787049972e-08 to 1.1305778787147629e-08 seconds.
Warning: Simulation tolerance relaxed to achieve convergence from 1.1305778787147629e-08 to 1.1305778787245286e-08 seconds.
Warning: Simulation tolerance relaxed to achieve convergence from 1.1305778787245286e-08 to 1.1305778787342943e-08 seconds.
Warning: Simulation tolerance relaxed to achieve convergence from 1.1305778787342943e-08 to 1.1305778787440600e-08 seconds.
Warning: Simulation tolerance relaxed to achieve convergence from 1.1305778787440600e-08 to 1.1305778787538257e-08 seconds.
Warning: Simulation tolerance relaxed to achieve convergence from 1.1305778787538257e-08 to 1.1305778787635914e-08 seconds.
Warning: Simulation tolerance relaxed to achieve convergence from 1.1305778787635914e-08 to 1.1305778787733571e-08 seconds.
Warning: Simulation tolerance relaxed to achieve convergence from 1.1305778787733571e-08 to 1.1305778787831228e-08 seconds.
Warning: Simulation tolerance relaxed to achieve convergence from 1.1305778787831228e-08 to 1.1305778787928885e-08 seconds.
Warning: Simulation tolerance relaxed to achieve convergence from 1.1305778787928885e-08 to 1.1305778788026542e-08 seconds.
Warning: Simulation tolerance relaxed to achieve convergence from 1.1305778788026542e-08 to 1.1305778788124199e-08 seconds.
Warning: Simulation tolerance relaxed to achieve convergence from 1.1305778788124199e-08 to 1.1305778788221856e-08 seconds.
Warning: Simulation tolerance relaxed to achieve convergence from 1.1305778788221856e-08 to 1.1305778788319513e-08 seconds.
Warning: Simulation tolerance relaxed to achieve convergence from 1.1305778788319513e-08 to 1.1305778788417170e-08 seconds.
Warning: Simulation tolerance relaxed to achieve convergence from 1.1305778788417170e-08 to 1.1305778788514827e-08 seconds.
Warning: Simulation tolerance relaxed to achieve convergence from 1.1305778788514827e-08 to 1.1305778788612484e-08 seconds.
Warning: Simulation tolerance relaxed to achieve convergence from 1.1305778788612484e-08 to 1.1305778788710140e-08 seconds.
Warning: Simulation tolerance relaxed to achieve convergence from 1.1305778788710140e-08 to 1.1305778788807797e-08 seconds.
Warning: Simulation tolerance relaxed to achieve convergence from 1.1305778788807797e-08 to 1.1305778788905454e-08 seconds.
Warning: Simulation tolerance relaxed to achieve convergence from 1.1305778788905454e-08 to 1.1305778789003111e-08 seconds.
Warning: Simulation tolerance relaxed to achieve convergence from 1.1305778789003111e-08 to 1.1305778789100768e-08 seconds.
Warning: Simulation tolerance relaxed to achieve convergence from 1.1305778789100768e-08 to 1.1305778789198425e-08 seconds.
Warning: Simulation tolerance relaxed to achieve convergence from 1.1305778789198425e-08 to 1.1305778789296082e-08 seconds.
Warning: Simulation tolerance relaxed to achieve convergence from 1.1305778789296082e-08 to 1.1305778789393739e-08 seconds.
Warning: Simulation tolerance relaxed to achieve convergence from 1.1305778789393739e-08 to 1.1305778789491396e-08 seconds.
Warning: Simulation tolerance relaxed to achieve convergence from 1.1305778789491396e-08 to 1.1305778789589053e-08 seconds.
Warning: Simulation tolerance relaxed to achieve convergence from 1.1305778789589053e-08 to 1.1305778789686710e-08 seconds.
Warning: Simulation tolerance relaxed to achieve convergence from 1.1305778789686710e-08 to 1.1305778789784367e-08 seconds.
Warning: Simulation tolerance relaxed to achieve convergence from 1.1305778789784367e-08 to 1.1305778789882024e-08 seconds.
Warning: Simulation tolerance relaxed to achieve convergence from 1.1305778789882024e-08 to 1.1305778789979681e-08 seconds.
Warning: Simulation tolerance relaxed to achieve convergence from 1.1305778789979681e-08 to 1.1305778790077338e-08 seconds.
Warning: Simulation tolerance relaxed to achieve convergence from 1.1305778790077338e-08 to 1.1305778790174995e-08 seconds.
Warning: Simulation tolerance relaxed to achieve convergence from 1.1305778790174995e-08 to 1.1305778790272652e-08 seconds.
Warning: Simulation tolerance relaxed to achieve convergence from 1.1305778790272652e-08 to 1.1305778790370308e-08 seconds.
Warning: Simulation tolerance relaxed to achieve convergence from 1.1305778790370308e-08 to 1.1305778790467965e-08 seconds.
Warning: Simulation tolerance relaxed to achieve convergence from 1.1305778790467965e-08 to 1.1305778790565622e-08 seconds.
Warning: Simulation tolerance relaxed to achieve convergence from 1.1305778790565622e-08 to 1.1305778790663279e-08 seconds.
Warning: Simulation tolerance relaxed to achieve convergence from 1.1305778790663279e-08 to 1.1305778790760936e-08 seconds.
Warning: Simulation tolerance relaxed to achieve convergence from 1.1305778790760936e-08 to 1.1305778790858593e-08 seconds.
Warning: Simulation tolerance relaxed to achieve convergence from 1.1305778790858593e-08 to 1.1305778790956250e-08 seconds.
Warning: Simulation tolerance relaxed to achieve convergence from 1.1305778790956250e-08 to 1.1305778791053907e-08 seconds.
Warning: Simulation tolerance relaxed to achieve convergence from 1.1305778791053907e-08 to 1.1305778791151564e-08 seconds.
Warning: Simulation tolerance relaxed to achieve convergence from 1.1305778791151564e-08 to 1.1305778791249221e-08 seconds.
Warning: Simulation tolerance relaxed to achieve convergence from 1.1305778791249221e-08 to 1.1305778791346878e-08 seconds.
Warning: Simulation tolerance relaxed to achieve convergence from 1.1305778791346878e-08 to 1.1305778791444535e-08 seconds.
Warning: Simulation tolerance relaxed to achieve convergence from 1.1305778791444535e-08 to 1.1305778791542192e-08 seconds.
Warning: Simulation tolerance relaxed to achieve convergence from 1.1305778791542192e-08 to 1.1305778791639849e-08 seconds.
Warning: Simulation tolerance relaxed to achieve convergence from 1.1305778791639849e-08 to 1.1305778791737506e-08 seconds.
Warning: Simulation tolerance relaxed to achieve convergence from 1.1305778791737506e-08 to 1.1305778791835163e-08 seconds.
Warning: Simulation tolerance relaxed to achieve convergence from 1.1305778791835163e-08 to 1.1305778791932820e-08 seconds.
Warning: Simulation tolerance relaxed to achieve convergence from 1.1305778791932820e-08 to 1.1305778792030477e-08 seconds.
Warning: Simulation tolerance relaxed to achieve convergence from 1.1305778792030477e-08 to 1.1305778792128133e-08 seconds.
Warning: Simulation tolerance relaxed to achieve convergence from 1.1305778792128133e-08 to 1.1305778792225790e-08 seconds.
Warning: Simulation tolerance relaxed to achieve convergence from 1.1305778792225790e-08 to 1.1305778792323447e-08 seconds.
Warning: Simulation tolerance relaxed to achieve convergence from 1.1305778792323447e-08 to 1.1305778792421104e-08 seconds.
Warning: Simulation tolerance relaxed to achieve convergence from 1.1305778792421104e-08 to 1.1305778792518761e-08 seconds.
Warning: Simulation tolerance relaxed to achieve convergence from 1.1305778792518761e-08 to 1.1305778792616418e-08 seconds.
Warning: Simulation tolerance relaxed to achieve convergence from 1.1305778792616418e-08 to 1.1305778792714075e-08 seconds.
Warning: Simulation tolerance relaxed to achieve convergence from 1.1305778792714075e-08 to 1.1305778792811732e-08 seconds.
Warning: Simulation tolerance relaxed to achieve convergence from 1.1305778792811732e-08 to 1.1305778792909389e-08 seconds.
Warning: Simulation tolerance relaxed to achieve convergence from 1.1305778792909389e-08 to 1.1305778793007046e-08 seconds.
Warning: Simulation tolerance relaxed to achieve convergence from 1.1305778793007046e-08 to 1.1305778793104703e-08 seconds.
Warning: Simulation tolerance relaxed to achieve convergence from 1.1305778793104703e-08 to 1.1305778793202360e-08 seconds.
Warning: Simulation tolerance relaxed to achieve convergence from 1.1305778793202360e-08 to 1.1305778793300017e-08 seconds.
Warning: Simulation tolerance relaxed to achieve convergence from 1.1305778793300017e-08 to 1.1305778793397674e-08 seconds.
Warning: Simulation tolerance relaxed to achieve convergence from 1.1305778793397674e-08 to 1.1305778793495331e-08 seconds.
Warning: Simulation tolerance relaxed to achieve convergence from 1.1305778793495331e-08 to 1.1305778793592988e-08 seconds.
Warning: Simulation tolerance relaxed to achieve convergence from 1.1305778793592988e-08 to 1.1305778793690645e-08 seconds.
Warning: Simulation tolerance relaxed to achieve convergence from 1.1305778793690645e-08 to 1.1305778793788302e-08 seconds.
Warning: Simulation tolerance relaxed to achieve convergence from 1.1305778793788302e-08 to 1.1305778793885958e-08 seconds.
Warning: Simulation tolerance relaxed to achieve convergence from 1.1305778793885958e-08 to 1.1305778793983615e-08 seconds.
Warning: Simulation tolerance relaxed to achieve convergence from 1.1305778793983615e-08 to 1.1305778794081272e-08 seconds.
Warning: Simulation tolerance relaxed to achieve convergence from 1.1305778794081272e-08 to 1.1305778794178929e-08 seconds.
Warning: Simulation tolerance relaxed to achieve convergence from 1.1305778794178929e-08 to 1.1305778794276586e-08 seconds.
Warning: Simulation tolerance relaxed to achieve convergence from 1.1305778794276586e-08 to 1.1305778794374243e-08 seconds.
Warning: Simulation tolerance relaxed to achieve convergence from 1.1305778794374243e-08 to 1.1305778794471900e-08 seconds.
Warning: Simulation tolerance relaxed to achieve convergence from 1.1305778794471900e-08 to 1.1305778794569557e-08 seconds.
Warning: Simulation tolerance relaxed to achieve convergence from 1.1305778794569557e-08 to 1.1305778794667214e-08 seconds.
Warning: Simulation tolerance relaxed to achieve convergence from 1.1305778794667214e-08 to 1.1305778794764871e-08 seconds.
Warning: Simulation tolerance relaxed to achieve convergence from 1.1305778794764871e-08 to 1.1305778794862528e-08 seconds.
Warning: Simulation tolerance relaxed to achieve convergence from 1.1305778794862528e-08 to 1.1305778794960185e-08 seconds.
Warning: Simulation tolerance relaxed to achieve convergence from 1.1305778794960185e-08 to 1.1305778795057842e-08 seconds.
Warning: Simulation tolerance relaxed to achieve convergence from 1.1305778795057842e-08 to 1.1305778795155499e-08 seconds.
Warning: Simulation tolerance relaxed to achieve convergence from 1.1305778795155499e-08 to 1.1305778795253156e-08 seconds.
Warning: Simulation tolerance relaxed to achieve convergence from 1.1305778795253156e-08 to 1.1305778795350813e-08 seconds.
Warning: Simulation tolerance relaxed to achieve convergence from 1.1305778795350813e-08 to 1.1305778795448470e-08 seconds.
Warning: Simulation tolerance relaxed to achieve convergence from 1.1305778795448470e-08 to 1.1305778795546126e-08 seconds.
Warning: Simulation tolerance relaxed to achieve convergence from 1.1305778795546126e-08 to 1.1305778795643783e-08 seconds.
Warning: Simulation tolerance relaxed to achieve convergence from 1.1305778795643783e-08 to 1.1305778795741440e-08 seconds.
Warning: Simulation tolerance relaxed to achieve convergence from 1.1305778795741440e-08 to 1.1305778795839097e-08 seconds.
Warning: Simulation tolerance relaxed to achieve convergence from 1.1305778795839097e-08 to 1.1305778795936754e-08 seconds.
Warning: Simulation tolerance relaxed to achieve convergence from 1.1305778795936754e-08 to 1.1305778796034411e-08 seconds.
Warning: Simulation tolerance relaxed to achieve convergence from 1.1305778796034411e-08 to 1.1305778796132068e-08 seconds.
Warning: Simulation tolerance relaxed to achieve convergence from 1.1305778796132068e-08 to 1.1305778796229725e-08 seconds.
Warning: Simulation tolerance relaxed to achieve convergence from 1.1305778796229725e-08 to 1.1305778796327382e-08 seconds.
Warning: Simulation tolerance relaxed to achieve convergence from 1.1305778796327382e-08 to 1.1305778796425039e-08 seconds.
Warning: Simulation tolerance relaxed to achieve convergence from 1.1305778796425039e-08 to 1.1305778796522696e-08 seconds.
Warning: Simulation tolerance relaxed to achieve convergence from 1.1305778796522696e-08 to 1.1305778796620353e-08 seconds.
Warning: Simulation tolerance relaxed to achieve convergence from 1.1305778796620353e-08 to 1.1305778796718010e-08 seconds.
Warning: Simulation tolerance relaxed to achieve convergence from 1.1305778796718010e-08 to 1.1305778796815667e-08 seconds.
Warning: Simulation tolerance relaxed to achieve convergence from 1.1305778796815667e-08 to 1.1305778796913324e-08 seconds.
Warning: Simulation tolerance relaxed to achieve convergence from 1.1305778796913324e-08 to 1.1305778797010981e-08 seconds.
Warning: Simulation tolerance relaxed to achieve convergence from 1.1305778797010981e-08 to 1.1305778797108638e-08 seconds.
Warning: Simulation tolerance relaxed to achieve convergence from 1.1305778797108638e-08 to 1.1305778797206295e-08 seconds.
Warning: Simulation tolerance relaxed to achieve convergence from 1.1305778797206295e-08 to 1.1305778797303951e-08 seconds.
Warning: Simulation tolerance relaxed to achieve convergence from 1.1305778797303951e-08 to 1.1305778797401608e-08 seconds.
Warning: Simulation tolerance relaxed to achieve convergence from 1.1305778797401608e-08 to 1.1305778797499265e-08 seconds.
Warning: Simulation tolerance relaxed to achieve convergence from 1.1305778797499265e-08 to 1.1305778797596922e-08 seconds.
Warning: Simulation tolerance relaxed to achieve convergence from 1.1305778797596922e-08 to 1.1305778797694579e-08 seconds.
Warning: Simulation tolerance relaxed to achieve convergence from 1.1305778797694579e-08 to 1.1305778797792236e-08 seconds.
Warning: Simulation tolerance relaxed to achieve convergence from 1.1305778797792236e-08 to 1.1305778797889893e-08 seconds.
Warning: Simulation tolerance relaxed to achieve convergence from 1.1305778797889893e-08 to 1.1305778797987550e-08 seconds.
Warning: Simulation tolerance relaxed to achieve convergence from 1.1305778797987550e-08 to 1.1305778798085207e-08 seconds.
Warning: Simulation tolerance relaxed to achieve convergence from 1.1305778798085207e-08 to 1.1305778798182864e-08 seconds.
Warning: Simulation tolerance relaxed to achieve convergence from 1.1305778798182864e-08 to 1.1305778798280521e-08 seconds.
Warning: Simulation tolerance relaxed to achieve convergence from 1.1305778798280521e-08 to 1.1305778798378178e-08 seconds.
Warning: Simulation tolerance relaxed to achieve convergence from 1.1305778798378178e-08 to 1.1305778798475835e-08 seconds.
Warning: Simulation tolerance relaxed to achieve convergence from 1.1305778798475835e-08 to 1.1305778798573492e-08 seconds.
Warning: Simulation tolerance relaxed to achieve convergence from 1.1305778798573492e-08 to 1.1305778798671149e-08 seconds.
Warning: Simulation tolerance relaxed to achieve convergence from 1.1305778798671149e-08 to 1.1305778798768806e-08 seconds.
Warning: Simulation tolerance relaxed to achieve convergence from 1.1305778798768806e-08 to 1.1305778798866463e-08 seconds.
Warning: Simulation tolerance relaxed to achieve convergence from 1.1305778798866463e-08 to 1.1305778798964119e-08 seconds.
Warning: Simulation tolerance relaxed to achieve convergence from 1.1305778798964119e-08 to 1.1305778799061776e-08 seconds.
Warning: Simulation tolerance relaxed to achieve convergence from 1.1305778799061776e-08 to 1.1305778799159433e-08 seconds.
Warning: Simulation tolerance relaxed to achieve convergence from 1.1305778799159433e-08 to 1.1305778799257090e-08 seconds.
Warning: Simulation tolerance relaxed to achieve convergence from 1.1305778799257090e-08 to 1.1305778799354747e-08 seconds.
Warning: Simulation tolerance relaxed to achieve convergence from 1.1305778799354747e-08 to 1.1305778799452404e-08 seconds.
Warning: Simulation tolerance relaxed to achieve convergence from 1.1305778799452404e-08 to 1.1305778799550061e-08 seconds.
Warning: Simulation tolerance relaxed to achieve convergence from 1.1305778799550061e-08 to 1.1305778799647718e-08 seconds.
Warning: Simulation tolerance relaxed to achieve convergence from 1.1305778799647718e-08 to 1.1305778799745375e-08 seconds.
Warning: Simulation tolerance relaxed to achieve convergence from 1.1305778799745375e-08 to 1.1305778799843032e-08 seconds.
Warning: Simulation tolerance relaxed to achieve convergence from 1.1305778799843032e-08 to 1.1305778799940689e-08 seconds.
Warning: Simulation tolerance relaxed to achieve convergence from 1.1305778799940689e-08 to 1.1305778800038346e-08 seconds.
Warning: Simulation tolerance relaxed to achieve convergence from 1.1305778800038346e-08 to 1.1305778800136003e-08 seconds.
Warning: Simulation tolerance relaxed to achieve convergence from 1.1305778800136003e-08 to 1.1305778800233660e-08 seconds.
Warning: Simulation tolerance relaxed to achieve convergence from 1.1305778800233660e-08 to 1.1305778800331317e-08 seconds.
Warning: Simulation tolerance relaxed to achieve convergence from 1.1305778800331317e-08 to 1.1305778800428974e-08 seconds.
Warning: Simulation tolerance relaxed to achieve convergence from 1.1305778800428974e-08 to 1.1305778800526631e-08 seconds.
Warning: Simulation tolerance relaxed to achieve convergence from 1.1305778800526631e-08 to 1.1305778800624288e-08 seconds.
Warning: Simulation tolerance relaxed to achieve convergence from 1.1305778800624288e-08 to 1.1305778800721944e-08 seconds.
Warning: Simulation tolerance relaxed to achieve convergence from 1.1305778800721944e-08 to 1.1305778800819601e-08 seconds.
Warning: Simulation tolerance relaxed to achieve convergence from 1.1305778800819601e-08 to 1.1305778800917258e-08 seconds.
Warning: Simulation tolerance relaxed to achieve convergence from 1.1305778800917258e-08 to 1.1305778801014915e-08 seconds.
Warning: Simulation tolerance relaxed to achieve convergence from 1.1305778801014915e-08 to 1.1305778801112572e-08 seconds.
Warning: Simulation tolerance relaxed to achieve convergence from 1.1305778801112572e-08 to 1.1305778801210229e-08 seconds.
Warning: Simulation tolerance relaxed to achieve convergence from 1.1305778801210229e-08 to 1.1305778801307886e-08 seconds.
Warning: Simulation tolerance relaxed to achieve convergence from 1.1305778801307886e-08 to 1.1305778801405543e-08 seconds.
Warning: Simulation tolerance relaxed to achieve convergence from 1.1305778801405543e-08 to 1.1305778801503200e-08 seconds.
Warning: Simulation tolerance relaxed to achieve convergence from 1.1305778801503200e-08 to 1.1305778801600857e-08 seconds.
Warning: Simulation tolerance relaxed to achieve convergence from 1.1305778801600857e-08 to 1.1305778801698514e-08 seconds.
Warning: Simulation tolerance relaxed to achieve convergence from 1.1305778801698514e-08 to 1.1305778801796171e-08 seconds.
Warning: Simulation tolerance relaxed to achieve convergence from 1.1305778801796171e-08 to 1.1305778801893828e-08 seconds.
Warning: Simulation tolerance relaxed to achieve convergence from 1.1305778801893828e-08 to 1.1305778801991485e-08 seconds.
Warning: Simulation tolerance relaxed to achieve convergence from 1.1305778801991485e-08 to 1.1305778802089142e-08 seconds.
Warning: Simulation tolerance relaxed to achieve convergence from 1.1305778802089142e-08 to 1.1305778802186799e-08 seconds.
Warning: Simulation tolerance relaxed to achieve convergence from 1.1305778802186799e-08 to 1.1305778802284456e-08 seconds.
Warning: Simulation tolerance relaxed to achieve convergence from 1.1305778802284456e-08 to 1.1305778802382113e-08 seconds.
Warning: Simulation tolerance relaxed to achieve convergence from 1.1305778802382113e-08 to 1.1305778802479769e-08 seconds.
Warning: Simulation tolerance relaxed to achieve convergence from 1.1305778802479769e-08 to 1.1305778802577426e-08 seconds.
Warning: Simulation tolerance relaxed to achieve convergence from 1.1305778802577426e-08 to 1.1305778802675083e-08 seconds.
Warning: Simulation tolerance relaxed to achieve convergence from 1.1305778802675083e-08 to 1.1305778802772740e-08 seconds.
Warning: Simulation tolerance relaxed to achieve convergence from 1.1305778802772740e-08 to 1.1305778802870397e-08 seconds.
Warning: Simulation tolerance relaxed to achieve convergence from 1.1305778802870397e-08 to 1.1305778802968054e-08 seconds.
Warning: Simulation tolerance relaxed to achieve convergence from 1.1305778802968054e-08 to 1.1305778803065711e-08 seconds.
Warning: Simulation tolerance relaxed to achieve convergence from 1.1305778803065711e-08 to 1.1305778803163368e-08 seconds.
Warning: Simulation tolerance relaxed to achieve convergence from 1.1305778803163368e-08 to 1.1305778803261025e-08 seconds.
Warning: Simulation tolerance relaxed to achieve convergence from 1.1305778803261025e-08 to 1.1305778803358682e-08 seconds.
Warning: Simulation tolerance relaxed to achieve convergence from 1.1305778803358682e-08 to 1.1305778803456339e-08 seconds.
Warning: Simulation tolerance relaxed to achieve convergence from 1.1305778803456339e-08 to 1.1305778803553996e-08 seconds.
Warning: Simulation tolerance relaxed to achieve convergence from 1.1305778803553996e-08 to 1.1305778803651653e-08 seconds.
Warning: Simulation tolerance relaxed to achieve convergence from 1.1305778803651653e-08 to 1.1305778803749310e-08 seconds.
Warning: Simulation tolerance relaxed to achieve convergence from 1.1305778803749310e-08 to 1.1305778803846967e-08 seconds.
Warning: Simulation tolerance relaxed to achieve convergence from 1.1305778803846967e-08 to 1.1305778803944624e-08 seconds.
Warning: Simulation tolerance relaxed to achieve convergence from 1.1305778803944624e-08 to 1.1305778804042281e-08 seconds.
Warning: Simulation tolerance relaxed to achieve convergence from 1.1305778804042281e-08 to 1.1305778804139937e-08 seconds.
Warning: Simulation tolerance relaxed to achieve convergence from 1.1305778804139937e-08 to 1.1305778804237594e-08 seconds.
Warning: Simulation tolerance relaxed to achieve convergence from 1.1305778804237594e-08 to 1.1305778804335251e-08 seconds.
Warning: Simulation tolerance relaxed to achieve convergence from 1.1305778804335251e-08 to 1.1305778804432908e-08 seconds.
Warning: Simulation tolerance relaxed to achieve convergence from 1.1305778804432908e-08 to 1.1305778804530565e-08 seconds.
Warning: Simulation tolerance relaxed to achieve convergence from 1.1305778804530565e-08 to 1.1305778804628222e-08 seconds.
Warning: Simulation tolerance relaxed to achieve convergence from 1.1305778804628222e-08 to 1.1305778804725879e-08 seconds.
Warning: Simulation tolerance relaxed to achieve convergence from 1.1305778804725879e-08 to 1.1305778804823536e-08 seconds.
Warning: Simulation tolerance relaxed to achieve convergence from 1.1305778804823536e-08 to 1.1305778804921193e-08 seconds.
Warning: Simulation tolerance relaxed to achieve convergence from 1.1305778804921193e-08 to 1.1305778805018850e-08 seconds.
Warning: Simulation tolerance relaxed to achieve convergence from 1.1305778805018850e-08 to 1.1305778805116507e-08 seconds.
Warning: Simulation tolerance relaxed to achieve convergence from 1.1305778805116507e-08 to 1.1305778805214164e-08 seconds.
Warning: Simulation tolerance relaxed to achieve convergence from 1.1305778805214164e-08 to 1.1305778805311821e-08 seconds.
Warning: Simulation tolerance relaxed to achieve convergence from 1.1305778805311821e-08 to 1.1305778805409478e-08 seconds.
Warning: Simulation tolerance relaxed to achieve convergence from 1.1305778805409478e-08 to 1.1305778805507135e-08 seconds.
Warning: Simulation tolerance relaxed to achieve convergence from 1.1305778805507135e-08 to 1.1305778805604792e-08 seconds.
Warning: Simulation tolerance relaxed to achieve convergence from 1.1305778805604792e-08 to 1.1305778805702449e-08 seconds.
Warning: Simulation tolerance relaxed to achieve convergence from 1.1305778805702449e-08 to 1.1305778805800106e-08 seconds.
Warning: Simulation tolerance relaxed to achieve convergence from 1.1305778805800106e-08 to 1.1305778805897762e-08 seconds.
Warning: Simulation tolerance relaxed to achieve convergence from 1.1305778805897762e-08 to 1.1305778805995419e-08 seconds.
Warning: Simulation tolerance relaxed to achieve convergence from 1.1305778805995419e-08 to 1.1305778806093076e-08 seconds.
Warning: Simulation tolerance relaxed to achieve convergence from 1.1305778806093076e-08 to 1.1305778806190733e-08 seconds.
Warning: Simulation tolerance relaxed to achieve convergence from 1.1305778806190733e-08 to 1.1305778806288390e-08 seconds.
Warning: Simulation tolerance relaxed to achieve convergence from 1.1305778806288390e-08 to 1.1305778806386047e-08 seconds.
Warning: Simulation tolerance relaxed to achieve convergence from 1.1305778806386047e-08 to 1.1305778806483704e-08 seconds.
Warning: Simulation tolerance relaxed to achieve convergence from 1.1305778806483704e-08 to 1.1305778806581361e-08 seconds.
Warning: Simulation tolerance relaxed to achieve convergence from 1.1305778806581361e-08 to 1.1305778806679018e-08 seconds.
Warning: Simulation tolerance relaxed to achieve convergence from 1.1305778806679018e-08 to 1.1305778806776675e-08 seconds.
Warning: Simulation tolerance relaxed to achieve convergence from 1.1305778806776675e-08 to 1.1305778806874332e-08 seconds.
Warning: Simulation tolerance relaxed to achieve convergence from 1.1305778806874332e-08 to 1.1305778806971989e-08 seconds.
Warning: Simulation tolerance relaxed to achieve convergence from 1.1305778806971989e-08 to 1.1305778807069646e-08 seconds.
Warning: Simulation tolerance relaxed to achieve convergence from 1.1305778807069646e-08 to 1.1305778807167303e-08 seconds.
Warning: Simulation tolerance relaxed to achieve convergence from 1.1305778807167303e-08 to 1.1305778807264960e-08 seconds.
Warning: Simulation tolerance relaxed to achieve convergence from 1.1305778807264960e-08 to 1.1305778807362617e-08 seconds.
Warning: Simulation tolerance relaxed to achieve convergence from 1.1305778807362617e-08 to 1.1305778807460274e-08 seconds.
Warning: Simulation tolerance relaxed to achieve convergence from 1.1305778807460274e-08 to 1.1305778807557930e-08 seconds.
Warning: Simulation tolerance relaxed to achieve convergence from 1.1305778807557930e-08 to 1.1305778807655587e-08 seconds.
Warning: Simulation tolerance relaxed to achieve convergence from 1.1305778807655587e-08 to 1.1305778807753244e-08 seconds.
Warning: Simulation tolerance relaxed to achieve convergence from 1.1305778807753244e-08 to 1.1305778807850901e-08 seconds.
Warning: Simulation tolerance relaxed to achieve convergence from 1.1305778807850901e-08 to 1.1305778807948558e-08 seconds.
Warning: Simulation tolerance relaxed to achieve convergence from 1.1305778807948558e-08 to 1.1305778808046215e-08 seconds.
Warning: Simulation tolerance relaxed to achieve convergence from 1.1305778808046215e-08 to 1.1305778808143872e-08 seconds.
Warning: Simulation tolerance relaxed to achieve convergence from 1.1305778808143872e-08 to 1.1305778808241529e-08 seconds.
Warning: Simulation tolerance relaxed to achieve convergence from 1.1305778808241529e-08 to 1.1305778808339186e-08 seconds.
Warning: Simulation tolerance relaxed to achieve convergence from 1.1305778808339186e-08 to 1.1305778808436843e-08 seconds.
Warning: Simulation tolerance relaxed to achieve convergence from 1.1305778808436843e-08 to 1.1305778808534500e-08 seconds.
Warning: Simulation tolerance relaxed to achieve convergence from 1.1305778808534500e-08 to 1.1305778808632157e-08 seconds.
Warning: Simulation tolerance relaxed to achieve convergence from 1.1305778808632157e-08 to 1.1305778808729814e-08 seconds.
Warning: Simulation tolerance relaxed to achieve convergence from 1.1305778808729814e-08 to 1.1305778808827471e-08 seconds.
Warning: Simulation tolerance relaxed to achieve convergence from 1.1305778808827471e-08 to 1.1305778808925128e-08 seconds.
Warning: Simulation tolerance relaxed to achieve convergence from 1.1305778808925128e-08 to 1.1305778809022785e-08 seconds.
Warning: Simulation tolerance relaxed to achieve convergence from 1.1305778809022785e-08 to 1.1305778809120442e-08 seconds.
Warning: Simulation tolerance relaxed to achieve convergence from 1.1305778809120442e-08 to 1.1305778809218099e-08 seconds.
Warning: Simulation tolerance relaxed to achieve convergence from 1.1305778809218099e-08 to 1.1305778809315755e-08 seconds.
Warning: Simulation tolerance relaxed to achieve convergence from 1.1305778809315755e-08 to 1.1305778809413412e-08 seconds.
Warning: Simulation tolerance relaxed to achieve convergence from 1.1305778809413412e-08 to 1.1305778809511069e-08 seconds.
Warning: Simulation tolerance relaxed to achieve convergence from 1.1305778809511069e-08 to 1.1305778809608726e-08 seconds.
Warning: Simulation tolerance relaxed to achieve convergence from 1.1305778809608726e-08 to 1.1305778809706383e-08 seconds.
Warning: Simulation tolerance relaxed to achieve convergence from 1.1305778809706383e-08 to 1.1305778809804040e-08 seconds.
Warning: Simulation tolerance relaxed to achieve convergence from 1.1305778809804040e-08 to 1.1305778809901697e-08 seconds.
Warning: Simulation tolerance relaxed to achieve convergence from 1.1305778809901697e-08 to 1.1305778809999354e-08 seconds.
Warning: Simulation tolerance relaxed to achieve convergence from 1.1305778809999354e-08 to 1.1305778810097011e-08 seconds.
Warning: Simulation tolerance relaxed to achieve convergence from 1.1305778810097011e-08 to 1.1305778810194668e-08 seconds.
Warning: Simulation tolerance relaxed to achieve convergence from 1.1305778810194668e-08 to 1.1305778810292325e-08 seconds.
Warning: Simulation tolerance relaxed to achieve convergence from 1.1305778810292325e-08 to 1.1305778810389982e-08 seconds.
Warning: Simulation tolerance relaxed to achieve convergence from 1.1305778810389982e-08 to 1.1305778810487639e-08 seconds.
Warning: Simulation tolerance relaxed to achieve convergence from 1.1305778810487639e-08 to 1.1305778810585296e-08 seconds.
Warning: Simulation tolerance relaxed to achieve convergence from 1.1305778810585296e-08 to 1.1305778810682953e-08 seconds.
Warning: Simulation tolerance relaxed to achieve convergence from 1.1305778810682953e-08 to 1.1305778810780610e-08 seconds.
Warning: Simulation tolerance relaxed to achieve convergence from 1.1305778810780610e-08 to 1.1305778810878267e-08 seconds.
Warning: Simulation tolerance relaxed to achieve convergence from 1.1305778810878267e-08 to 1.1305778810975923e-08 seconds.
Warning: Simulation tolerance relaxed to achieve convergence from 1.1305778810975923e-08 to 1.1305778811073580e-08 seconds.
Warning: Simulation tolerance relaxed to achieve convergence from 1.1305778811073580e-08 to 1.1305778811171237e-08 seconds.
Warning: Simulation tolerance relaxed to achieve convergence from 1.1305778811171237e-08 to 1.1305778811268894e-08 seconds.
Warning: Simulation tolerance relaxed to achieve convergence from 1.1305778811268894e-08 to 1.1305778811366551e-08 seconds.
Warning: Simulation tolerance relaxed to achieve convergence from 1.1305778811366551e-08 to 1.1305778811464208e-08 seconds.
Warning: Simulation tolerance relaxed to achieve convergence from 1.1305778811464208e-08 to 1.1305778811561865e-08 seconds.
Warning: Simulation tolerance relaxed to achieve convergence from 1.1305778811561865e-08 to 1.1305778811659522e-08 seconds.
Warning: Simulation tolerance relaxed to achieve convergence from 1.1305778811659522e-08 to 1.1305778811757179e-08 seconds.
Warning: Simulation tolerance relaxed to achieve convergence from 1.1305778811757179e-08 to 1.1305778811854836e-08 seconds.
Warning: Simulation tolerance relaxed to achieve convergence from 1.1305778811854836e-08 to 1.1305778811952493e-08 seconds.
Warning: Simulation tolerance relaxed to achieve convergence from 1.1305778811952493e-08 to 1.1305778812050150e-08 seconds.
Warning: Simulation tolerance relaxed to achieve convergence from 1.1305778812050150e-08 to 1.1305778812147807e-08 seconds.
Warning: Simulation tolerance relaxed to achieve convergence from 1.1305778812147807e-08 to 1.1305778812245464e-08 seconds.
Warning: Simulation tolerance relaxed to achieve convergence from 1.1305778812245464e-08 to 1.1305778812343121e-08 seconds.
Warning: Simulation tolerance relaxed to achieve convergence from 1.1305778812343121e-08 to 1.1305778812440778e-08 seconds.
Warning: Simulation tolerance relaxed to achieve convergence from 1.1305778812440778e-08 to 1.1305778812538435e-08 seconds.
Warning: Simulation tolerance relaxed to achieve convergence from 1.1305778812538435e-08 to 1.1305778812636092e-08 seconds.
Warning: Simulation tolerance relaxed to achieve convergence from 1.1305778812636092e-08 to 1.1305778812733748e-08 seconds.
Warning: Simulation tolerance relaxed to achieve convergence from 1.1305778812733748e-08 to 1.1305778812831405e-08 seconds.
Warning: Simulation tolerance relaxed to achieve convergence from 1.1305778812831405e-08 to 1.1305778812929062e-08 seconds.
Warning: Simulation tolerance relaxed to achieve convergence from 1.1305778812929062e-08 to 1.1305778813026719e-08 seconds.
Warning: Simulation tolerance relaxed to achieve convergence from 1.1305778813026719e-08 to 1.1305778813124376e-08 seconds.
Warning: Simulation tolerance relaxed to achieve convergence from 1.1305778813124376e-08 to 1.1305778813222033e-08 seconds.
Warning: Simulation tolerance relaxed to achieve convergence from 1.1305778813222033e-08 to 1.1305778813319690e-08 seconds.
Warning: Simulation tolerance relaxed to achieve convergence from 1.1305778813319690e-08 to 1.1305778813417347e-08 seconds.
Warning: Simulation tolerance relaxed to achieve convergence from 1.1305778813417347e-08 to 1.1305778813515004e-08 seconds.
Warning: Simulation tolerance relaxed to achieve convergence from 1.1305778813515004e-08 to 1.1305778813612661e-08 seconds.
Warning: Simulation tolerance relaxed to achieve convergence from 1.1305778813612661e-08 to 1.1305778813710318e-08 seconds.
Warning: Simulation tolerance relaxed to achieve convergence from 1.1305778813710318e-08 to 1.1305778813807975e-08 seconds.
Warning: Simulation tolerance relaxed to achieve convergence from 1.1305778813807975e-08 to 1.1305778813905632e-08 seconds.
Warning: Simulation tolerance relaxed to achieve convergence from 1.1305778813905632e-08 to 1.1305778814003289e-08 seconds.
Warning: Simulation tolerance relaxed to achieve convergence from 1.1305778814003289e-08 to 1.1305778814100946e-08 seconds.
Warning: Simulation tolerance relaxed to achieve convergence from 1.1305778814100946e-08 to 1.1305778814198603e-08 seconds.
Warning: Simulation tolerance relaxed to achieve convergence from 1.1305778814198603e-08 to 1.1305778814296260e-08 seconds.
Warning: Simulation tolerance relaxed to achieve convergence from 1.1305778814296260e-08 to 1.1305778814393917e-08 seconds.
Warning: Simulation tolerance relaxed to achieve convergence from 1.1305778814393917e-08 to 1.1305778814491573e-08 seconds.
Warning: Simulation tolerance relaxed to achieve convergence from 1.1305778814491573e-08 to 1.1305778814589230e-08 seconds.
Warning: Simulation tolerance relaxed to achieve convergence from 1.1305778814589230e-08 to 1.1305778814686887e-08 seconds.
Warning: Simulation tolerance relaxed to achieve convergence from 1.1305778814686887e-08 to 1.1305778814784544e-08 seconds.
Warning: Simulation tolerance relaxed to achieve convergence from 1.1305778814784544e-08 to 1.1305778814882201e-08 seconds.
Warning: Simulation tolerance relaxed to achieve convergence from 1.1305778814882201e-08 to 1.1305778814979858e-08 seconds.
Warning: Simulation tolerance relaxed to achieve convergence from 1.1305778814979858e-08 to 1.1305778815077515e-08 seconds.
Warning: Simulation tolerance relaxed to achieve convergence from 1.1305778815077515e-08 to 1.1305778815175172e-08 seconds.
Warning: Simulation tolerance relaxed to achieve convergence from 1.1305778815175172e-08 to 1.1305778815272829e-08 seconds.
Warning: Simulation tolerance relaxed to achieve convergence from 1.1305778815272829e-08 to 1.1305778815370486e-08 seconds.
Warning: Simulation tolerance relaxed to achieve convergence from 1.1305778815370486e-08 to 1.1305778815468143e-08 seconds.
Warning: Simulation tolerance relaxed to achieve convergence from 1.1305778815468143e-08 to 1.1305778815565800e-08 seconds.
Warning: Simulation tolerance relaxed to achieve convergence from 1.1305778815565800e-08 to 1.1305778815663457e-08 seconds.
Warning: Simulation tolerance relaxed to achieve convergence from 1.1305778815663457e-08 to 1.1305778815761114e-08 seconds.
Warning: Simulation tolerance relaxed to achieve convergence from 1.1305778815761114e-08 to 1.1305778815858771e-08 seconds.
Warning: Simulation tolerance relaxed to achieve convergence from 1.1305778815858771e-08 to 1.1305778815956428e-08 seconds.
Warning: Simulation tolerance relaxed to achieve convergence from 1.1305778815956428e-08 to 1.1305778816054085e-08 seconds.
Warning: Simulation tolerance relaxed to achieve convergence from 1.1305778816054085e-08 to 1.1305778816151741e-08 seconds.
Warning: Simulation tolerance relaxed to achieve convergence from 1.1305778816151741e-08 to 1.1305778816249398e-08 seconds.
Warning: Simulation tolerance relaxed to achieve convergence from 1.1305778816249398e-08 to 1.1305778816347055e-08 seconds.
Warning: Simulation tolerance relaxed to achieve convergence from 1.1305778816347055e-08 to 1.1305778816444712e-08 seconds.
Warning: Simulation tolerance relaxed to achieve convergence from 1.1305778816444712e-08 to 1.1305778816542369e-08 seconds.
Warning: Simulation tolerance relaxed to achieve convergence from 1.1305778816542369e-08 to 1.1305778816640026e-08 seconds.
Warning: Simulation tolerance relaxed to achieve convergence from 1.1305778816640026e-08 to 1.1305778816737683e-08 seconds.
Warning: Simulation tolerance relaxed to achieve convergence from 1.1305778816737683e-08 to 1.1305778816835340e-08 seconds.
Warning: Simulation tolerance relaxed to achieve convergence from 1.1305778816835340e-08 to 1.1305778816932997e-08 seconds.
Warning: Simulation tolerance relaxed to achieve convergence from 1.1305778816932997e-08 to 1.1305778817030654e-08 seconds.
Warning: Simulation tolerance relaxed to achieve convergence from 1.1305778817030654e-08 to 1.1305778817128311e-08 seconds.
Warning: Simulation tolerance relaxed to achieve convergence from 1.1305778817128311e-08 to 1.1305778817225968e-08 seconds.
Warning: Simulation tolerance relaxed to achieve convergence from 1.1305778817225968e-08 to 1.1305778817323625e-08 seconds.
Warning: Simulation tolerance relaxed to achieve convergence from 1.1305778817323625e-08 to 1.1305778817421282e-08 seconds.
Warning: Simulation tolerance relaxed to achieve convergence from 1.1305778817421282e-08 to 1.1305778817518939e-08 seconds.
Warning: Simulation tolerance relaxed to achieve convergence from 1.1305778817518939e-08 to 1.1305778817616596e-08 seconds.
Warning: Simulation tolerance relaxed to achieve convergence from 1.1305778817616596e-08 to 1.1305778817714253e-08 seconds.
Warning: Simulation tolerance relaxed to achieve convergence from 1.1305778817714253e-08 to 1.1305778817811910e-08 seconds.
Warning: Simulation tolerance relaxed to achieve convergence from 1.1305778817811910e-08 to 1.1305778817909566e-08 seconds.
Warning: Simulation tolerance relaxed to achieve convergence from 1.1305778817909566e-08 to 1.1305778818007223e-08 seconds.
Warning: Simulation tolerance relaxed to achieve convergence from 1.1305778818007223e-08 to 1.1305778818104880e-08 seconds.
Warning: Simulation tolerance relaxed to achieve convergence from 1.1305778818104880e-08 to 1.1305778818202537e-08 seconds.
Warning: Simulation tolerance relaxed to achieve convergence from 1.1305778818202537e-08 to 1.1305778818300194e-08 seconds.
Warning: Simulation tolerance relaxed to achieve convergence from 1.1305778818300194e-08 to 1.1305778818397851e-08 seconds.
Warning: Simulation tolerance relaxed to achieve convergence from 1.1305778818397851e-08 to 1.1305778818495508e-08 seconds.
Warning: Simulation tolerance relaxed to achieve convergence from 1.1305778818495508e-08 to 1.1305778818593165e-08 seconds.
Warning: Simulation tolerance relaxed to achieve convergence from 1.1305778818593165e-08 to 1.1305778818690822e-08 seconds.
Warning: Simulation tolerance relaxed to achieve convergence from 1.1305778818690822e-08 to 1.1305778818788479e-08 seconds.
Warning: Simulation tolerance relaxed to achieve convergence from 1.1305778818788479e-08 to 1.1305778818886136e-08 seconds.
Warning: Simulation tolerance relaxed to achieve convergence from 1.1305778818886136e-08 to 1.1305778818983793e-08 seconds.
Warning: Simulation tolerance relaxed to achieve convergence from 1.1305778818983793e-08 to 1.1305778819081450e-08 seconds.
Warning: Simulation tolerance relaxed to achieve convergence from 1.1305778819081450e-08 to 1.1305778819179107e-08 seconds.
Warning: Simulation tolerance relaxed to achieve convergence from 1.1305778819179107e-08 to 1.1305778819276764e-08 seconds.
Warning: Simulation tolerance relaxed to achieve convergence from 1.1305778819276764e-08 to 1.1305778819374421e-08 seconds.
Warning: Simulation tolerance relaxed to achieve convergence from 1.1305778819374421e-08 to 1.1305778819472078e-08 seconds.
Warning: Simulation tolerance relaxed to achieve convergence from 1.1305778819472078e-08 to 1.1305778819569734e-08 seconds.
Warning: Simulation tolerance relaxed to achieve convergence from 1.1305778819569734e-08 to 1.1305778819667391e-08 seconds.
Warning: Simulation tolerance relaxed to achieve convergence from 1.1305778819667391e-08 to 1.1305778819765048e-08 seconds.
Warning: Simulation tolerance relaxed to achieve convergence from 1.1305778819765048e-08 to 1.1305778819862705e-08 seconds.
Warning: Simulation tolerance relaxed to achieve convergence from 1.1305778819862705e-08 to 1.1305778819960362e-08 seconds.
Warning: Simulation tolerance relaxed to achieve convergence from 1.1305778819960362e-08 to 1.1305778820058019e-08 seconds.
Warning: Simulation tolerance relaxed to achieve convergence from 1.1305778820058019e-08 to 1.1305778820155676e-08 seconds.
Warning: Simulation tolerance relaxed to achieve convergence from 1.1305778820155676e-08 to 1.1305778820253333e-08 seconds.
Warning: Simulation tolerance relaxed to achieve convergence from 1.1305778820253333e-08 to 1.1305778820350990e-08 seconds.
Warning: Simulation tolerance relaxed to achieve convergence from 1.1305778820350990e-08 to 1.1305778820448647e-08 seconds.
Warning: Simulation tolerance relaxed to achieve convergence from 1.1305778820448647e-08 to 1.1305778820546304e-08 seconds.
Warning: Simulation tolerance relaxed to achieve convergence from 1.1305778820546304e-08 to 1.1305778820643961e-08 seconds.
Warning: Simulation tolerance relaxed to achieve convergence from 1.1305778820643961e-08 to 1.1305778820741618e-08 seconds.
Warning: Simulation tolerance relaxed to achieve convergence from 1.1305778820741618e-08 to 1.1305778820839275e-08 seconds.
Warning: Simulation tolerance relaxed to achieve convergence from 1.1305778820839275e-08 to 1.1305778820936932e-08 seconds.
Warning: Simulation tolerance relaxed to achieve convergence from 1.1305778820936932e-08 to 1.1305778821034589e-08 seconds.
Warning: Simulation tolerance relaxed to achieve convergence from 1.1305778821034589e-08 to 1.1305778821132246e-08 seconds.
Warning: Simulation tolerance relaxed to achieve convergence from 1.1305778821132246e-08 to 1.1305778821229903e-08 seconds.
Warning: Simulation tolerance relaxed to achieve convergence from 1.1305778821229903e-08 to 1.1305778821327559e-08 seconds.
Warning: Simulation tolerance relaxed to achieve convergence from 1.1305778821327559e-08 to 1.1305778821425216e-08 seconds.
Warning: Simulation tolerance relaxed to achieve convergence from 1.1305778821425216e-08 to 1.1305778821522873e-08 seconds.
Warning: Simulation tolerance relaxed to achieve convergence from 1.1305778821522873e-08 to 1.1305778821620530e-08 seconds.
Warning: Simulation tolerance relaxed to achieve convergence from 1.1305778821620530e-08 to 1.1305778821718187e-08 seconds.
Warning: Simulation tolerance relaxed to achieve convergence from 1.1305778821718187e-08 to 1.1305778821815844e-08 seconds.
Warning: Simulation tolerance relaxed to achieve convergence from 1.1305778821815844e-08 to 1.1305778821913501e-08 seconds.
Warning: Simulation tolerance relaxed to achieve convergence from 1.1305778821913501e-08 to 1.1305778822011158e-08 seconds.
Warning: Simulation tolerance relaxed to achieve convergence from 1.1305778822011158e-08 to 1.1305778822108815e-08 seconds.
Warning: Simulation tolerance relaxed to achieve convergence from 1.1305778822108815e-08 to 1.1305778822206472e-08 seconds.
Warning: Simulation tolerance relaxed to achieve convergence from 1.1305778822206472e-08 to 1.1305778822304129e-08 seconds.
Warning: Simulation tolerance relaxed to achieve convergence from 1.1305778822304129e-08 to 1.1305778822401786e-08 seconds.
Warning: Simulation tolerance relaxed to achieve convergence from 1.1305778822401786e-08 to 1.1305778822499443e-08 seconds.
Warning: Simulation tolerance relaxed to achieve convergence from 1.1305778822499443e-08 to 1.1305778822597100e-08 seconds.
Warning: Simulation tolerance relaxed to achieve convergence from 1.1305778822597100e-08 to 1.1305778822694757e-08 seconds.
Warning: Simulation tolerance relaxed to achieve convergence from 1.1305778822694757e-08 to 1.1305778822792414e-08 seconds.
Warning: Simulation tolerance relaxed to achieve convergence from 1.1305778822792414e-08 to 1.1305778822890071e-08 seconds.
Warning: Simulation tolerance relaxed to achieve convergence from 1.1305778822890071e-08 to 1.1305778822987727e-08 seconds.
Warning: Simulation tolerance relaxed to achieve convergence from 1.1305778822987727e-08 to 1.1305778823085384e-08 seconds.
Warning: Simulation tolerance relaxed to achieve convergence from 1.1305778823085384e-08 to 1.1305778823183041e-08 seconds.
Warning: Simulation tolerance relaxed to achieve convergence from 1.1305778823183041e-08 to 1.1305778823280698e-08 seconds.
Warning: Simulation tolerance relaxed to achieve convergence from 1.1305778823280698e-08 to 1.1305778823378355e-08 seconds.
Warning: Simulation tolerance relaxed to achieve convergence from 1.1305778823378355e-08 to 1.1305778823476012e-08 seconds.
Warning: Simulation tolerance relaxed to achieve convergence from 1.1305778823476012e-08 to 1.1305778823573669e-08 seconds.
Warning: Simulation tolerance relaxed to achieve convergence from 1.1305778823573669e-08 to 1.1305778823671326e-08 seconds.
Warning: Simulation tolerance relaxed to achieve convergence from 1.1305778823671326e-08 to 1.1305778823768983e-08 seconds.
Warning: Simulation tolerance relaxed to achieve convergence from 1.1305778823768983e-08 to 1.1305778823866640e-08 seconds.
Warning: Simulation tolerance relaxed to achieve convergence from 1.1305778823866640e-08 to 1.1305778823964297e-08 seconds.
Warning: Simulation tolerance relaxed to achieve convergence from 1.1305778823964297e-08 to 1.1305778824061954e-08 seconds.
Warning: Simulation tolerance relaxed to achieve convergence from 1.1305778824061954e-08 to 1.1305778824159611e-08 seconds.
Warning: Simulation tolerance relaxed to achieve convergence from 1.1305778824159611e-08 to 1.1305778824257268e-08 seconds.
Warning: Simulation tolerance relaxed to achieve convergence from 1.1305778824257268e-08 to 1.1305778824354925e-08 seconds.
Warning: Simulation tolerance relaxed to achieve convergence from 1.1305778824354925e-08 to 1.1305778824452582e-08 seconds.
Warning: Simulation tolerance relaxed to achieve convergence from 1.1305778824452582e-08 to 1.1305778824550239e-08 seconds.
Warning: Simulation tolerance relaxed to achieve convergence from 1.1305778824550239e-08 to 1.1305778824647896e-08 seconds.
Warning: Simulation tolerance relaxed to achieve convergence from 1.1305778824647896e-08 to 1.1305778824745552e-08 seconds.
Warning: Simulation tolerance relaxed to achieve convergence from 1.1305778824745552e-08 to 1.1305778824843209e-08 seconds.
Warning: Simulation tolerance relaxed to achieve convergence from 1.1305778824843209e-08 to 1.1305778824940866e-08 seconds.
Warning: Simulation tolerance relaxed to achieve convergence from 1.1305778824940866e-08 to 1.1305778825038523e-08 seconds.
Warning: Simulation tolerance relaxed to achieve convergence from 1.1305778825038523e-08 to 1.1305778825136180e-08 seconds.
Warning: Simulation tolerance relaxed to achieve convergence from 1.1305778825136180e-08 to 1.1305778825233837e-08 seconds.
Warning: Simulation tolerance relaxed to achieve convergence from 1.1305778825233837e-08 to 1.1305778825331494e-08 seconds.
Warning: Simulation tolerance relaxed to achieve convergence from 1.1305778825331494e-08 to 1.1305778825429151e-08 seconds.
Warning: Simulation tolerance relaxed to achieve convergence from 1.1305778825429151e-08 to 1.1305778825526808e-08 seconds.
Warning: Simulation tolerance relaxed to achieve convergence from 1.1305778825526808e-08 to 1.1305778825624465e-08 seconds.
Warning: Simulation tolerance relaxed to achieve convergence from 1.1305778825624465e-08 to 1.1305778825722122e-08 seconds.
Warning: Simulation tolerance relaxed to achieve convergence from 1.1305778825722122e-08 to 1.1305778825819779e-08 seconds.
Warning: Simulation tolerance relaxed to achieve convergence from 1.1305778825819779e-08 to 1.1305778825917436e-08 seconds.
Warning: Simulation tolerance relaxed to achieve convergence from 1.1305778825917436e-08 to 1.1305778826015093e-08 seconds.
Warning: Simulation tolerance relaxed to achieve convergence from 1.1305778826015093e-08 to 1.1305778826112750e-08 seconds.
Warning: Simulation tolerance relaxed to achieve convergence from 1.1305778826112750e-08 to 1.1305778826210407e-08 seconds.
Warning: Simulation tolerance relaxed to achieve convergence from 1.1305778826210407e-08 to 1.1305778826308064e-08 seconds.
Warning: Simulation tolerance relaxed to achieve convergence from 1.1305778826308064e-08 to 1.1305778826405721e-08 seconds.
Warning: Simulation tolerance relaxed to achieve convergence from 1.1305778826405721e-08 to 1.1305778826503377e-08 seconds.
Warning: Simulation tolerance relaxed to achieve convergence from 1.1305778826503377e-08 to 1.1305778826601034e-08 seconds.
Warning: Simulation tolerance relaxed to achieve convergence from 1.1305778826601034e-08 to 1.1305778826698691e-08 seconds.
Warning: Simulation tolerance relaxed to achieve convergence from 1.1305778826698691e-08 to 1.1305778826796348e-08 seconds.
Warning: Simulation tolerance relaxed to achieve convergence from 1.1305778826796348e-08 to 1.1305778826894005e-08 seconds.
Warning: Simulation tolerance relaxed to achieve convergence from 1.1305778826894005e-08 to 1.1305778826991662e-08 seconds.
Warning: Simulation tolerance relaxed to achieve convergence from 1.1305778826991662e-08 to 1.1305778827089319e-08 seconds.
Warning: Simulation tolerance relaxed to achieve convergence from 1.1305778827089319e-08 to 1.1305778827186976e-08 seconds.
Warning: Simulation tolerance relaxed to achieve convergence from 1.1305778827186976e-08 to 1.1305778827284633e-08 seconds.
Warning: Simulation tolerance relaxed to achieve convergence from 1.1305778827284633e-08 to 1.1305778827382290e-08 seconds.
Warning: Simulation tolerance relaxed to achieve convergence from 1.1305778827382290e-08 to 1.1305778827479947e-08 seconds.
Warning: Simulation tolerance relaxed to achieve convergence from 1.1305778827479947e-08 to 1.1305778827577604e-08 seconds.
Warning: Simulation tolerance relaxed to achieve convergence from 1.1305778827577604e-08 to 1.1305778827675261e-08 seconds.
Warning: Simulation tolerance relaxed to achieve convergence from 1.1305778827675261e-08 to 1.1305778827772918e-08 seconds.
Warning: Simulation tolerance relaxed to achieve convergence from 1.1305778827772918e-08 to 1.1305778827870575e-08 seconds.
Warning: Simulation tolerance relaxed to achieve convergence from 1.1305778827870575e-08 to 1.1305778827968232e-08 seconds.
Warning: Simulation tolerance relaxed to achieve convergence from 1.1305778827968232e-08 to 1.1305778828065889e-08 seconds.
Warning: Simulation tolerance relaxed to achieve convergence from 1.1305778828065889e-08 to 1.1305778828163545e-08 seconds.
Warning: Simulation tolerance relaxed to achieve convergence from 1.1305778828163545e-08 to 1.1305778828261202e-08 seconds.
Warning: Simulation tolerance relaxed to achieve convergence from 1.1305778828261202e-08 to 1.1305778828358859e-08 seconds.
Warning: Simulation tolerance relaxed to achieve convergence from 1.1305778828358859e-08 to 1.1305778828456516e-08 seconds.
Warning: Simulation tolerance relaxed to achieve convergence from 1.1305778828456516e-08 to 1.1305778828554173e-08 seconds.
Warning: Simulation tolerance relaxed to achieve convergence from 1.1305778828554173e-08 to 1.1305778828651830e-08 seconds.
Warning: Simulation tolerance relaxed to achieve convergence from 1.1305778828651830e-08 to 1.1305778828749487e-08 seconds.
Warning: Simulation tolerance relaxed to achieve convergence from 1.1305778828749487e-08 to 1.1305778828847144e-08 seconds.
Warning: Simulation tolerance relaxed to achieve convergence from 1.1305778828847144e-08 to 1.1305778828944801e-08 seconds.
Warning: Simulation tolerance relaxed to achieve convergence from 1.1305778828944801e-08 to 1.1305778829042458e-08 seconds.
Warning: Simulation tolerance relaxed to achieve convergence from 1.1305778829042458e-08 to 1.1305778829140115e-08 seconds.
Warning: Simulation tolerance relaxed to achieve convergence from 1.1305778829140115e-08 to 1.1305778829237772e-08 seconds.
Warning: Simulation tolerance relaxed to achieve convergence from 1.1305778829237772e-08 to 1.1305778829335429e-08 seconds.
Warning: Simulation tolerance relaxed to achieve convergence from 1.1305778829335429e-08 to 1.1305778829433086e-08 seconds.
Warning: Simulation tolerance relaxed to achieve convergence from 1.1305778829433086e-08 to 1.1305778829530743e-08 seconds.
Warning: Simulation tolerance relaxed to achieve convergence from 1.1305778829530743e-08 to 1.1305778829628400e-08 seconds.
Warning: Simulation tolerance relaxed to achieve convergence from 1.1305778829628400e-08 to 1.1305778829726057e-08 seconds.
Warning: Simulation tolerance relaxed to achieve convergence from 1.1305778829726057e-08 to 1.1305778829823714e-08 seconds.
Warning: Simulation tolerance relaxed to achieve convergence from 1.1305778829823714e-08 to 1.1305778829921370e-08 seconds.
Warning: Simulation tolerance relaxed to achieve convergence from 1.1305778829921370e-08 to 1.1305778830019027e-08 seconds.
Warning: Simulation tolerance relaxed to achieve convergence from 1.1305778830019027e-08 to 1.1305778830116684e-08 seconds.
Warning: Simulation tolerance relaxed to achieve convergence from 1.1305778830116684e-08 to 1.1305778830214341e-08 seconds.
Warning: Simulation tolerance relaxed to achieve convergence from 1.1305778830214341e-08 to 1.1305778830311998e-08 seconds.
Warning: Simulation tolerance relaxed to achieve convergence from 1.1305778830311998e-08 to 1.1305778830409655e-08 seconds.
Warning: Simulation tolerance relaxed to achieve convergence from 1.1305778830409655e-08 to 1.1305778830507312e-08 seconds.
Warning: Simulation tolerance relaxed to achieve convergence from 1.1305778830507312e-08 to 1.1305778830604969e-08 seconds.
Warning: Simulation tolerance relaxed to achieve convergence from 1.1305778830604969e-08 to 1.1305778830702626e-08 seconds.
Warning: Simulation tolerance relaxed to achieve convergence from 1.1305778830702626e-08 to 1.1305778830800283e-08 seconds.
Warning: Simulation tolerance relaxed to achieve convergence from 1.1305778830800283e-08 to 1.1305778830897940e-08 seconds.
Warning: Simulation tolerance relaxed to achieve convergence from 1.1305778830897940e-08 to 1.1305778830995597e-08 seconds.
Warning: Simulation tolerance relaxed to achieve convergence from 1.1305778830995597e-08 to 1.1305778831093254e-08 seconds.
Warning: Simulation tolerance relaxed to achieve convergence from 1.1305778831093254e-08 to 1.1305778831190911e-08 seconds.
Warning: Simulation tolerance relaxed to achieve convergence from 1.1305778831190911e-08 to 1.1305778831288568e-08 seconds.
Warning: Simulation tolerance relaxed to achieve convergence from 1.1305778831288568e-08 to 1.1305778831386225e-08 seconds.
Warning: Simulation tolerance relaxed to achieve convergence from 1.1305778831386225e-08 to 1.1305778831483882e-08 seconds.
Warning: Simulation tolerance relaxed to achieve convergence from 1.1305778831483882e-08 to 1.1305778831581538e-08 seconds.
Warning: Simulation tolerance relaxed to achieve convergence from 1.1305778831581538e-08 to 1.1305778831679195e-08 seconds.
Warning: Simulation tolerance relaxed to achieve convergence from 1.1305778831679195e-08 to 1.1305778831776852e-08 seconds.
Warning: Simulation tolerance relaxed to achieve convergence from 1.1305778831776852e-08 to 1.1305778831874509e-08 seconds.
Warning: Simulation tolerance relaxed to achieve convergence from 1.1305778831874509e-08 to 1.1305778831972166e-08 seconds.
Warning: Simulation tolerance relaxed to achieve convergence from 1.1305778831972166e-08 to 1.1305778832069823e-08 seconds.
Warning: Simulation tolerance relaxed to achieve convergence from 1.1305778832069823e-08 to 1.1305778832167480e-08 seconds.
Warning: Simulation tolerance relaxed to achieve convergence from 1.1305778832167480e-08 to 1.1305778832265137e-08 seconds.
Warning: Simulation tolerance relaxed to achieve convergence from 1.1305778832265137e-08 to 1.1305778832362794e-08 seconds.
Warning: Simulation tolerance relaxed to achieve convergence from 1.1305778832362794e-08 to 1.1305778832460451e-08 seconds.
Warning: Simulation tolerance relaxed to achieve convergence from 1.1305778832460451e-08 to 1.1305778832558108e-08 seconds.
Warning: Simulation tolerance relaxed to achieve convergence from 1.1305778832558108e-08 to 1.1305778832655765e-08 seconds.
Warning: Simulation tolerance relaxed to achieve convergence from 1.1305778832655765e-08 to 1.1305778832753422e-08 seconds.
Warning: Simulation tolerance relaxed to achieve convergence from 1.1305778832753422e-08 to 1.1305778832851079e-08 seconds.
Warning: Simulation tolerance relaxed to achieve convergence from 1.1305778832851079e-08 to 1.1305778832948736e-08 seconds.
Warning: Simulation tolerance relaxed to achieve convergence from 1.1305778832948736e-08 to 1.1305778833046393e-08 seconds.
Warning: Simulation tolerance relaxed to achieve convergence from 1.1305778833046393e-08 to 1.1305778833144050e-08 seconds.
Warning: Simulation tolerance relaxed to achieve convergence from 1.1305778833144050e-08 to 1.1305778833241707e-08 seconds.
Warning: Simulation tolerance relaxed to achieve convergence from 1.1305778833241707e-08 to 1.1305778833339363e-08 seconds.
Warning: Simulation tolerance relaxed to achieve convergence from 1.1305778833339363e-08 to 1.1305778833437020e-08 seconds.
Warning: Simulation tolerance relaxed to achieve convergence from 1.1305778833437020e-08 to 1.1305778833534677e-08 seconds.
Warning: Simulation tolerance relaxed to achieve convergence from 1.1305778833534677e-08 to 1.1305778833632334e-08 seconds.
Warning: Simulation tolerance relaxed to achieve convergence from 1.1305778833632334e-08 to 1.1305778833729991e-08 seconds.
Warning: Simulation tolerance relaxed to achieve convergence from 1.1305778833729991e-08 to 1.1305778833827648e-08 seconds.
Warning: Simulation tolerance relaxed to achieve convergence from 1.1305778833827648e-08 to 1.1305778833925305e-08 seconds.
Warning: Simulation tolerance relaxed to achieve convergence from 1.1305778833925305e-08 to 1.1305778834022962e-08 seconds.
Warning: Simulation tolerance relaxed to achieve convergence from 1.1305778834022962e-08 to 1.1305778834120619e-08 seconds.
Warning: Simulation tolerance relaxed to achieve convergence from 1.1305778834120619e-08 to 1.1305778834218276e-08 seconds.
Warning: Simulation tolerance relaxed to achieve convergence from 1.1305778834218276e-08 to 1.1305778834315933e-08 seconds.
Warning: Simulation tolerance relaxed to achieve convergence from 1.1305778834315933e-08 to 1.1305778834413590e-08 seconds.
Warning: Simulation tolerance relaxed to achieve convergence from 1.1305778834413590e-08 to 1.1305778834511247e-08 seconds.
Warning: Simulation tolerance relaxed to achieve convergence from 1.1305778834511247e-08 to 1.1305778834608904e-08 seconds.
Warning: Simulation tolerance relaxed to achieve convergence from 1.1305778834608904e-08 to 1.1305778834706561e-08 seconds.
Warning: Simulation tolerance relaxed to achieve convergence from 1.1305778834706561e-08 to 1.1305778834804218e-08 seconds.
Warning: Simulation tolerance relaxed to achieve convergence from 1.1305778834804218e-08 to 1.1305778834901875e-08 seconds.
Warning: Simulation tolerance relaxed to achieve convergence from 1.1305778834901875e-08 to 1.1305778834999532e-08 seconds.
Warning: Simulation tolerance relaxed to achieve convergence from 1.1305778834999532e-08 to 1.1305778835097188e-08 seconds.
Warning: Simulation tolerance relaxed to achieve convergence from 1.1305778835097188e-08 to 1.1305778835194845e-08 seconds.
Warning: Simulation tolerance relaxed to achieve convergence from 1.1305778835194845e-08 to 1.1305778835292502e-08 seconds.
Warning: Simulation tolerance relaxed to achieve convergence from 1.1305778835292502e-08 to 1.1305778835390159e-08 seconds.
Warning: Simulation tolerance relaxed to achieve convergence from 1.1305778835390159e-08 to 1.1305778835487816e-08 seconds.
Warning: Simulation tolerance relaxed to achieve convergence from 1.1305778835487816e-08 to 1.1305778835585473e-08 seconds.
Warning: Simulation tolerance relaxed to achieve convergence from 1.1305778835585473e-08 to 1.1305778835683130e-08 seconds.
Warning: Simulation tolerance relaxed to achieve convergence from 1.1305778835683130e-08 to 1.1305778835780787e-08 seconds.
Warning: Simulation tolerance relaxed to achieve convergence from 1.1305778835780787e-08 to 1.1305778835878444e-08 seconds.
Warning: Simulation tolerance relaxed to achieve convergence from 1.1305778835878444e-08 to 1.1305778835976101e-08 seconds.
Warning: Simulation tolerance relaxed to achieve convergence from 1.1305778835976101e-08 to 1.1305778836073758e-08 seconds.
Warning: Simulation tolerance relaxed to achieve convergence from 1.1305778836073758e-08 to 1.1305778836171415e-08 seconds.
Warning: Simulation tolerance relaxed to achieve convergence from 1.1305778836171415e-08 to 1.1305778836269072e-08 seconds.
Warning: Simulation tolerance relaxed to achieve convergence from 1.1305778836269072e-08 to 1.1305778836366729e-08 seconds.
Warning: Simulation tolerance relaxed to achieve convergence from 1.1305778836366729e-08 to 1.1305778836464386e-08 seconds.
Warning: Simulation tolerance relaxed to achieve convergence from 1.1305778836464386e-08 to 1.1305778836562043e-08 seconds.
Warning: Simulation tolerance relaxed to achieve convergence from 1.1305778836562043e-08 to 1.1305778836659700e-08 seconds.
Warning: Simulation tolerance relaxed to achieve convergence from 1.1305778836659700e-08 to 1.1305778836757356e-08 seconds.
Warning: Simulation tolerance relaxed to achieve convergence from 1.1305778836757356e-08 to 1.1305778836855013e-08 seconds.
Warning: Simulation tolerance relaxed to achieve convergence from 1.1305778836855013e-08 to 1.1305778836952670e-08 seconds.
Warning: Simulation tolerance relaxed to achieve convergence from 1.1305778836952670e-08 to 1.1305778837050327e-08 seconds.
Warning: Simulation tolerance relaxed to achieve convergence from 1.1305778837050327e-08 to 1.1305778837147984e-08 seconds.
Warning: Simulation tolerance relaxed to achieve convergence from 1.1305778837147984e-08 to 1.1305778837245641e-08 seconds.
Warning: Simulation tolerance relaxed to achieve convergence from 1.1305778837245641e-08 to 1.1305778837343298e-08 seconds.
Warning: Simulation tolerance relaxed to achieve convergence from 1.1305778837343298e-08 to 1.1305778837440955e-08 seconds.
Warning: Simulation tolerance relaxed to achieve convergence from 1.1305778837440955e-08 to 1.1305778837538612e-08 seconds.
Warning: Simulation tolerance relaxed to achieve convergence from 1.1305778837538612e-08 to 1.1305778837636269e-08 seconds.
Warning: Simulation tolerance relaxed to achieve convergence from 1.1305778837636269e-08 to 1.1305778837733926e-08 seconds.
Warning: Simulation tolerance relaxed to achieve convergence from 1.1305778837733926e-08 to 1.1305778837831583e-08 seconds.
Warning: Simulation tolerance relaxed to achieve convergence from 1.1305778837831583e-08 to 1.1305778837929240e-08 seconds.
Warning: Simulation tolerance relaxed to achieve convergence from 1.1305778837929240e-08 to 1.1305778838026897e-08 seconds.
Warning: Simulation tolerance relaxed to achieve convergence from 1.1305778838026897e-08 to 1.1305778838124554e-08 seconds.
Warning: Simulation tolerance relaxed to achieve convergence from 1.1305778838124554e-08 to 1.1305778838222211e-08 seconds.
Warning: Simulation tolerance relaxed to achieve convergence from 1.1305778838222211e-08 to 1.1305778838319868e-08 seconds.
Warning: Simulation tolerance relaxed to achieve convergence from 1.1305778838319868e-08 to 1.1305778838417525e-08 seconds.
Warning: Simulation tolerance relaxed to achieve convergence from 1.1305778838417525e-08 to 1.1305778838515181e-08 seconds.
Warning: Simulation tolerance relaxed to achieve convergence from 1.1305778838515181e-08 to 1.1305778838612838e-08 seconds.
Warning: Simulation tolerance relaxed to achieve convergence from 1.1305778838612838e-08 to 1.1305778838710495e-08 seconds.
Warning: Simulation tolerance relaxed to achieve convergence from 1.1305778838710495e-08 to 1.1305778838808152e-08 seconds.
Warning: Simulation tolerance relaxed to achieve convergence from 1.1305778838808152e-08 to 1.1305778838905809e-08 seconds.
Warning: Simulation tolerance relaxed to achieve convergence from 1.1305778838905809e-08 to 1.1305778839003466e-08 seconds.
Warning: Simulation tolerance relaxed to achieve convergence from 1.1305778839003466e-08 to 1.1305778839101123e-08 seconds.
Warning: Simulation tolerance relaxed to achieve convergence from 1.1305778839101123e-08 to 1.1305778839198780e-08 seconds.
Warning: Simulation tolerance relaxed to achieve convergence from 1.1305778839198780e-08 to 1.1305778839296437e-08 seconds.
Warning: Simulation tolerance relaxed to achieve convergence from 1.1305778839296437e-08 to 1.1305778839394094e-08 seconds.
Warning: Simulation tolerance relaxed to achieve convergence from 1.1305778839394094e-08 to 1.1305778839491751e-08 seconds.
Warning: Simulation tolerance relaxed to achieve convergence from 1.1305778839491751e-08 to 1.1305778839589408e-08 seconds.
Warning: Simulation tolerance relaxed to achieve convergence from 1.1305778839589408e-08 to 1.1305778839687065e-08 seconds.
Warning: Simulation tolerance relaxed to achieve convergence from 1.1305778839687065e-08 to 1.1305778839784722e-08 seconds.
Warning: Simulation tolerance relaxed to achieve convergence from 1.1305778839784722e-08 to 1.1305778839882379e-08 seconds.
Warning: Simulation tolerance relaxed to achieve convergence from 1.1305778839882379e-08 to 1.1305778839980036e-08 seconds.
Warning: Simulation tolerance relaxed to achieve convergence from 1.1305778839980036e-08 to 1.1305778840077693e-08 seconds.
Warning: Simulation tolerance relaxed to achieve convergence from 1.1305778840077693e-08 to 1.1305778840175349e-08 seconds.
Warning: Simulation tolerance relaxed to achieve convergence from 1.1305778840175349e-08 to 1.1305778840273006e-08 seconds.
Warning: Simulation tolerance relaxed to achieve convergence from 1.1305778840273006e-08 to 1.1305778840370663e-08 seconds.
Warning: Simulation tolerance relaxed to achieve convergence from 1.1305778840370663e-08 to 1.1305778840468320e-08 seconds.
Warning: Simulation tolerance relaxed to achieve convergence from 1.1305778840468320e-08 to 1.1305778840565977e-08 seconds.
Warning: Simulation tolerance relaxed to achieve convergence from 1.1305778840565977e-08 to 1.1305778840663634e-08 seconds.
Warning: Simulation tolerance relaxed to achieve convergence from 1.1305778840663634e-08 to 1.1305778840761291e-08 seconds.
Warning: Simulation tolerance relaxed to achieve convergence from 1.1305778840761291e-08 to 1.1305778840858948e-08 seconds.
Warning: Simulation tolerance relaxed to achieve convergence from 1.1305778840858948e-08 to 1.1305778840956605e-08 seconds.
Warning: Simulation tolerance relaxed to achieve convergence from 1.1305778840956605e-08 to 1.1305778841054262e-08 seconds.
Warning: Simulation tolerance relaxed to achieve convergence from 1.1305778841054262e-08 to 1.1305778841151919e-08 seconds.
Warning: Simulation tolerance relaxed to achieve convergence from 1.1305778841151919e-08 to 1.1305778841249576e-08 seconds.
Warning: Simulation tolerance relaxed to achieve convergence from 1.1305778841249576e-08 to 1.1305778841347233e-08 seconds.
Warning: Simulation tolerance relaxed to achieve convergence from 1.1305778841347233e-08 to 1.1305778841444890e-08 seconds.
Warning: Simulation tolerance relaxed to achieve convergence from 1.1305778841444890e-08 to 1.1305778841542547e-08 seconds.
Warning: Simulation tolerance relaxed to achieve convergence from 1.1305778841542547e-08 to 1.1305778841640204e-08 seconds.
Warning: Simulation tolerance relaxed to achieve convergence from 1.1305778841640204e-08 to 1.1305778841737861e-08 seconds.
Warning: Simulation tolerance relaxed to achieve convergence from 1.1305778841737861e-08 to 1.1305778841835518e-08 seconds.
Warning: Simulation tolerance relaxed to achieve convergence from 1.1305778841835518e-08 to 1.1305778841933174e-08 seconds.
Warning: Simulation tolerance relaxed to achieve convergence from 1.1305778841933174e-08 to 1.1305778842030831e-08 seconds.
Warning: Simulation tolerance relaxed to achieve convergence from 1.1305778842030831e-08 to 1.1305778842128488e-08 seconds.
Warning: Simulation tolerance relaxed to achieve convergence from 1.1305778842128488e-08 to 1.1305778842226145e-08 seconds.
Warning: Simulation tolerance relaxed to achieve convergence from 1.1305778842226145e-08 to 1.1305778842323802e-08 seconds.
Warning: Simulation tolerance relaxed to achieve convergence from 1.1305778842323802e-08 to 1.1305778842421459e-08 seconds.
Warning: Simulation tolerance relaxed to achieve convergence from 1.1305778842421459e-08 to 1.1305778842519116e-08 seconds.
Warning: Simulation tolerance relaxed to achieve convergence from 1.1305778842519116e-08 to 1.1305778842616773e-08 seconds.
Warning: Simulation tolerance relaxed to achieve convergence from 1.1305778842616773e-08 to 1.1305778842714430e-08 seconds.
Warning: Simulation tolerance relaxed to achieve convergence from 1.1305778842714430e-08 to 1.1305778842812087e-08 seconds.
Warning: Simulation tolerance relaxed to achieve convergence from 1.1305778842812087e-08 to 1.1305778842909744e-08 seconds.
Warning: Simulation tolerance relaxed to achieve convergence from 1.1305778842909744e-08 to 1.1305778843007401e-08 seconds.
Warning: Simulation tolerance relaxed to achieve convergence from 1.1305778843007401e-08 to 1.1305778843105058e-08 seconds.
Warning: Simulation tolerance relaxed to achieve convergence from 1.1305778843105058e-08 to 1.1305778843202715e-08 seconds.
Warning: Simulation tolerance relaxed to achieve convergence from 1.1305778843202715e-08 to 1.1305778843300372e-08 seconds.
Warning: Simulation tolerance relaxed to achieve convergence from 1.1305778843300372e-08 to 1.1305778843398029e-08 seconds.
Warning: Simulation tolerance relaxed to achieve convergence from 1.1305778843398029e-08 to 1.1305778843495686e-08 seconds.
Warning: Simulation tolerance relaxed to achieve convergence from 1.1305778843495686e-08 to 1.1305778843593342e-08 seconds.
Warning: Simulation tolerance relaxed to achieve convergence from 1.1305778843593342e-08 to 1.1305778843690999e-08 seconds.
Warning: Simulation tolerance relaxed to achieve convergence from 1.1305778843690999e-08 to 1.1305778843788656e-08 seconds.
Warning: Simulation tolerance relaxed to achieve convergence from 1.1305778843788656e-08 to 1.1305778843886313e-08 seconds.
Warning: Simulation tolerance relaxed to achieve convergence from 1.1305778843886313e-08 to 1.1305778843983970e-08 seconds.
Warning: Simulation tolerance relaxed to achieve convergence from 1.1305778843983970e-08 to 1.1305778844081627e-08 seconds.
Warning: Simulation tolerance relaxed to achieve convergence from 1.1305778844081627e-08 to 1.1305778844179284e-08 seconds.
Warning: Simulation tolerance relaxed to achieve convergence from 1.1305778844179284e-08 to 1.1305778844276941e-08 seconds.
Warning: Simulation tolerance relaxed to achieve convergence from 1.1305778844276941e-08 to 1.1305778844374598e-08 seconds.
Warning: Simulation tolerance relaxed to achieve convergence from 1.1305778844374598e-08 to 1.1305778844472255e-08 seconds.
Warning: Simulation tolerance relaxed to achieve convergence from 1.1305778844472255e-08 to 1.1305778844569912e-08 seconds.
Warning: Simulation tolerance relaxed to achieve convergence from 1.1305778844569912e-08 to 1.1305778844667569e-08 seconds.
Warning: Simulation tolerance relaxed to achieve convergence from 1.1305778844667569e-08 to 1.1305778844765226e-08 seconds.
Warning: Simulation tolerance relaxed to achieve convergence from 1.1305778844765226e-08 to 1.1305778844862883e-08 seconds.
Warning: Simulation tolerance relaxed to achieve convergence from 1.1305778844862883e-08 to 1.1305778844960540e-08 seconds.
Warning: Simulation tolerance relaxed to achieve convergence from 1.1305778844960540e-08 to 1.1305778845058197e-08 seconds.
Warning: Simulation tolerance relaxed to achieve convergence from 1.1305778845058197e-08 to 1.1305778845155854e-08 seconds.
Warning: Simulation tolerance relaxed to achieve convergence from 1.1305778845155854e-08 to 1.1305778845253511e-08 seconds.
Warning: Simulation tolerance relaxed to achieve convergence from 1.1305778845253511e-08 to 1.1305778845351167e-08 seconds.
Warning: Simulation tolerance relaxed to achieve convergence from 1.1305778845351167e-08 to 1.1305778845448824e-08 seconds.
Warning: Simulation tolerance relaxed to achieve convergence from 1.1305778845448824e-08 to 1.1305778845546481e-08 seconds.
Warning: Simulation tolerance relaxed to achieve convergence from 1.1305778845546481e-08 to 1.1305778845644138e-08 seconds.
Warning: Simulation tolerance relaxed to achieve convergence from 1.1305778845644138e-08 to 1.1305778845741795e-08 seconds.
Warning: Simulation tolerance relaxed to achieve convergence from 1.1305778845741795e-08 to 1.1305778845839452e-08 seconds.
Warning: Simulation tolerance relaxed to achieve convergence from 1.1305778845839452e-08 to 1.1305778845937109e-08 seconds.
Warning: Simulation tolerance relaxed to achieve convergence from 1.1305778845937109e-08 to 1.1305778846034766e-08 seconds.
Warning: Simulation tolerance relaxed to achieve convergence from 1.1305778846034766e-08 to 1.1305778846132423e-08 seconds.
Warning: Simulation tolerance relaxed to achieve convergence from 1.1305778846132423e-08 to 1.1305778846230080e-08 seconds.
Warning: Simulation tolerance relaxed to achieve convergence from 1.1305778846230080e-08 to 1.1305778846327737e-08 seconds.
Warning: Simulation tolerance relaxed to achieve convergence from 1.1305778846327737e-08 to 1.1305778846425394e-08 seconds.
Warning: Simulation tolerance relaxed to achieve convergence from 1.1305778846425394e-08 to 1.1305778846523051e-08 seconds.
Warning: Simulation tolerance relaxed to achieve convergence from 1.1305778846523051e-08 to 1.1305778846620708e-08 seconds.
Warning: Simulation tolerance relaxed to achieve convergence from 1.1305778846620708e-08 to 1.1305778846718365e-08 seconds.
Warning: Simulation tolerance relaxed to achieve convergence from 1.1305778846718365e-08 to 1.1305778846816022e-08 seconds.
Warning: Simulation tolerance relaxed to achieve convergence from 1.1305778846816022e-08 to 1.1305778846913679e-08 seconds.
Warning: Simulation tolerance relaxed to achieve convergence from 1.1305778846913679e-08 to 1.1305778847011336e-08 seconds.
Warning: Simulation tolerance relaxed to achieve convergence from 1.1305778847011336e-08 to 1.1305778847108992e-08 seconds.
Warning: Simulation tolerance relaxed to achieve convergence from 1.1305778847108992e-08 to 1.1305778847206649e-08 seconds.
Warning: Simulation tolerance relaxed to achieve convergence from 1.1305778847206649e-08 to 1.1305778847304306e-08 seconds.
Warning: Simulation tolerance relaxed to achieve convergence from 1.1305778847304306e-08 to 1.1305778847401963e-08 seconds.
Warning: Simulation tolerance relaxed to achieve convergence from 1.1305778847401963e-08 to 1.1305778847499620e-08 seconds.
Warning: Simulation tolerance relaxed to achieve convergence from 1.1305778847499620e-08 to 1.1305778847597277e-08 seconds.
Warning: Simulation tolerance relaxed to achieve convergence from 1.1305778847597277e-08 to 1.1305778847694934e-08 seconds.
Warning: Simulation tolerance relaxed to achieve convergence from 1.1305778847694934e-08 to 1.1305778847792591e-08 seconds.
Warning: Simulation tolerance relaxed to achieve convergence from 1.1305778847792591e-08 to 1.1305778847890248e-08 seconds.
Warning: Simulation tolerance relaxed to achieve convergence from 1.1305778847890248e-08 to 1.1305778847987905e-08 seconds.
Warning: Simulation tolerance relaxed to achieve convergence from 1.1305778847987905e-08 to 1.1305778848085562e-08 seconds.
Warning: Simulation tolerance relaxed to achieve convergence from 1.1305778848085562e-08 to 1.1305778848183219e-08 seconds.
Warning: Simulation tolerance relaxed to achieve convergence from 1.1305778848183219e-08 to 1.1305778848280876e-08 seconds.
Warning: Simulation tolerance relaxed to achieve convergence from 1.1305778848280876e-08 to 1.1305778848378533e-08 seconds.
Warning: Simulation tolerance relaxed to achieve convergence from 1.1305778848378533e-08 to 1.1305778848476190e-08 seconds.
Warning: Simulation tolerance relaxed to achieve convergence from 1.1305778848476190e-08 to 1.1305778848573847e-08 seconds.
Warning: Simulation tolerance relaxed to achieve convergence from 1.1305778848573847e-08 to 1.1305778848671504e-08 seconds.
Warning: Simulation tolerance relaxed to achieve convergence from 1.1305778848671504e-08 to 1.1305778848769160e-08 seconds.
Warning: Simulation tolerance relaxed to achieve convergence from 1.1305778848769160e-08 to 1.1305778848866817e-08 seconds.
Warning: Simulation tolerance relaxed to achieve convergence from 1.1305778848866817e-08 to 1.1305778848964474e-08 seconds.
Warning: Simulation tolerance relaxed to achieve convergence from 1.1305778848964474e-08 to 1.1305778849062131e-08 seconds.
Warning: Simulation tolerance relaxed to achieve convergence from 1.1305778849062131e-08 to 1.1305778849159788e-08 seconds.
Warning: Simulation tolerance relaxed to achieve convergence from 1.1305778849159788e-08 to 1.1305778849257445e-08 seconds.
Warning: Simulation tolerance relaxed to achieve convergence from 1.1305778849257445e-08 to 1.1305778849355102e-08 seconds.
Warning: Simulation tolerance relaxed to achieve convergence from 1.1305778849355102e-08 to 1.1305778849452759e-08 seconds.
Warning: Simulation tolerance relaxed to achieve convergence from 1.1305778849452759e-08 to 1.1305778849550416e-08 seconds.
Warning: Simulation tolerance relaxed to achieve convergence from 1.1305778849550416e-08 to 1.1305778849648073e-08 seconds.
Warning: Simulation tolerance relaxed to achieve convergence from 1.1305778849648073e-08 to 1.1305778849745730e-08 seconds.
Warning: Simulation tolerance relaxed to achieve convergence from 1.1305778849745730e-08 to 1.1305778849843387e-08 seconds.
Warning: Simulation tolerance relaxed to achieve convergence from 1.1305778849843387e-08 to 1.1305778849941044e-08 seconds.
Warning: Simulation tolerance relaxed to achieve convergence from 1.1305778849941044e-08 to 1.1305778850038701e-08 seconds.
Warning: Simulation tolerance relaxed to achieve convergence from 1.1305778850038701e-08 to 1.1305778850136358e-08 seconds.
Warning: Simulation tolerance relaxed to achieve convergence from 1.1305778850136358e-08 to 1.1305778850234015e-08 seconds.
Warning: Simulation tolerance relaxed to achieve convergence from 1.1305778850234015e-08 to 1.1305778850331672e-08 seconds.
Warning: Simulation tolerance relaxed to achieve convergence from 1.1305778850331672e-08 to 1.1305778850429329e-08 seconds.
Warning: Simulation tolerance relaxed to achieve convergence from 1.1305778850429329e-08 to 1.1305778850526985e-08 seconds.
Warning: Simulation tolerance relaxed to achieve convergence from 1.1305778850526985e-08 to 1.1305778850624642e-08 seconds.
Warning: Simulation tolerance relaxed to achieve convergence from 1.1305778850624642e-08 to 1.1305778850722299e-08 seconds.
Warning: Simulation tolerance relaxed to achieve convergence from 1.1305778850722299e-08 to 1.1305778850819956e-08 seconds.
Warning: Simulation tolerance relaxed to achieve convergence from 1.1305778850819956e-08 to 1.1305778850917613e-08 seconds.
Warning: Simulation tolerance relaxed to achieve convergence from 1.1305778850917613e-08 to 1.1305778851015270e-08 seconds.
Warning: Simulation tolerance relaxed to achieve convergence from 1.1305778851015270e-08 to 1.1305778851112927e-08 seconds.
Warning: Simulation tolerance relaxed to achieve convergence from 1.1305778851112927e-08 to 1.1305778851210584e-08 seconds.
Warning: Simulation tolerance relaxed to achieve convergence from 1.1305778851210584e-08 to 1.1305778851308241e-08 seconds.
Warning: Simulation tolerance relaxed to achieve convergence from 1.1305778851308241e-08 to 1.1305778851405898e-08 seconds.
Warning: Simulation tolerance relaxed to achieve convergence from 1.1305778851405898e-08 to 1.1305778851503555e-08 seconds.
Warning: Simulation tolerance relaxed to achieve convergence from 1.1305778851503555e-08 to 1.1305778851601212e-08 seconds.
Warning: Simulation tolerance relaxed to achieve convergence from 1.1305778851601212e-08 to 1.1305778851698869e-08 seconds.
Warning: Simulation tolerance relaxed to achieve convergence from 1.1305778851698869e-08 to 1.1305778851796526e-08 seconds.
Warning: Simulation tolerance relaxed to achieve convergence from 1.1305778851796526e-08 to 1.1305778851894183e-08 seconds.
Warning: Simulation tolerance relaxed to achieve convergence from 1.1305778851894183e-08 to 1.1305778851991840e-08 seconds.
Warning: Simulation tolerance relaxed to achieve convergence from 1.1305778851991840e-08 to 1.1305778852089497e-08 seconds.
Warning: Simulation tolerance relaxed to achieve convergence from 1.1305778852089497e-08 to 1.1305778852187153e-08 seconds.
Warning: Simulation tolerance relaxed to achieve convergence from 1.1305778852187153e-08 to 1.1305778852284810e-08 seconds.
Warning: Simulation tolerance relaxed to achieve convergence from 1.1305778852284810e-08 to 1.1305778852382467e-08 seconds.
Warning: Simulation tolerance relaxed to achieve convergence from 1.1305778852382467e-08 to 1.1305778852480124e-08 seconds.
Warning: Simulation tolerance relaxed to achieve convergence from 1.1305778852480124e-08 to 1.1305778852577781e-08 seconds.
Warning: Simulation tolerance relaxed to achieve convergence from 1.1305778852577781e-08 to 1.1305778852675438e-08 seconds.
Warning: Simulation tolerance relaxed to achieve convergence from 1.1305778852675438e-08 to 1.1305778852773095e-08 seconds.
Warning: Simulation tolerance relaxed to achieve convergence from 1.1305778852773095e-08 to 1.1305778852870752e-08 seconds.
Warning: Simulation tolerance relaxed to achieve convergence from 1.1305778852870752e-08 to 1.1305778852968409e-08 seconds.
Warning: Simulation tolerance relaxed to achieve convergence from 1.1305778852968409e-08 to 1.1305778853066066e-08 seconds.
Warning: Simulation tolerance relaxed to achieve convergence from 1.1305778853066066e-08 to 1.1305778853163723e-08 seconds.
Warning: Simulation tolerance relaxed to achieve convergence from 1.1305778853163723e-08 to 1.1305778853261380e-08 seconds.
Warning: Simulation tolerance relaxed to achieve convergence from 1.1305778853261380e-08 to 1.1305778853359037e-08 seconds.
Warning: Simulation tolerance relaxed to achieve convergence from 1.1305778853359037e-08 to 1.1305778853456694e-08 seconds.
Warning: Simulation tolerance relaxed to achieve convergence from 1.1305778853456694e-08 to 1.1305778853554351e-08 seconds.
Warning: Simulation tolerance relaxed to achieve convergence from 1.1305778853554351e-08 to 1.1305778853652008e-08 seconds.
Warning: Simulation tolerance relaxed to achieve convergence from 1.1305778853652008e-08 to 1.1305778853749665e-08 seconds.
Warning: Simulation tolerance relaxed to achieve convergence from 1.1305778853749665e-08 to 1.1305778853847322e-08 seconds.
Warning: Simulation tolerance relaxed to achieve convergence from 1.1305778853847322e-08 to 1.1305778853944978e-08 seconds.
Warning: Simulation tolerance relaxed to achieve convergence from 1.1305778853944978e-08 to 1.1305778854042635e-08 seconds.
Warning: Simulation tolerance relaxed to achieve convergence from 1.1305778854042635e-08 to 1.1305778854140292e-08 seconds.
Warning: Simulation tolerance relaxed to achieve convergence from 1.1305778854140292e-08 to 1.1305778854237949e-08 seconds.
Warning: Simulation tolerance relaxed to achieve convergence from 1.1305778854237949e-08 to 1.1305778854335606e-08 seconds.
Warning: Simulation tolerance relaxed to achieve convergence from 1.1305778854335606e-08 to 1.1305778854433263e-08 seconds.
Warning: Simulation tolerance relaxed to achieve convergence from 1.1305778854433263e-08 to 1.1305778854530920e-08 seconds.
Warning: Simulation tolerance relaxed to achieve convergence from 1.1305778854530920e-08 to 1.1305778854628577e-08 seconds.
Warning: Simulation tolerance relaxed to achieve convergence from 1.1305778854628577e-08 to 1.1305778854726234e-08 seconds.
Warning: Simulation tolerance relaxed to achieve convergence from 1.1305778854726234e-08 to 1.1305778854823891e-08 seconds.
Warning: Simulation tolerance relaxed to achieve convergence from 1.1305778854823891e-08 to 1.1305778854921548e-08 seconds.
Warning: Simulation tolerance relaxed to achieve convergence from 1.1305778854921548e-08 to 1.1305778855019205e-08 seconds.
Warning: Simulation tolerance relaxed to achieve convergence from 1.1305778855019205e-08 to 1.1305778855116862e-08 seconds.
Warning: Simulation tolerance relaxed to achieve convergence from 1.1305778855116862e-08 to 1.1305778855214519e-08 seconds.
Warning: Simulation tolerance relaxed to achieve convergence from 1.1305778855214519e-08 to 1.1305778855312176e-08 seconds.
Warning: Simulation tolerance relaxed to achieve convergence from 1.1305778855312176e-08 to 1.1305778855409833e-08 seconds.
Warning: Simulation tolerance relaxed to achieve convergence from 1.1305778855409833e-08 to 1.1305778855507490e-08 seconds.
Warning: Simulation tolerance relaxed to achieve convergence from 1.1305778855507490e-08 to 1.1305778855605146e-08 seconds.
Warning: Simulation tolerance relaxed to achieve convergence from 1.1305778855605146e-08 to 1.1305778855702803e-08 seconds.
Warning: Simulation tolerance relaxed to achieve convergence from 1.1305778855702803e-08 to 1.1305778855800460e-08 seconds.
Warning: Simulation tolerance relaxed to achieve convergence from 1.1305778855800460e-08 to 1.1305778855898117e-08 seconds.
Warning: Simulation tolerance relaxed to achieve convergence from 1.1305778855898117e-08 to 1.1305778855995774e-08 seconds.
Warning: Simulation tolerance relaxed to achieve convergence from 1.1305778855995774e-08 to 1.1305778856093431e-08 seconds.
Warning: Simulation tolerance relaxed to achieve convergence from 1.1305778856093431e-08 to 1.1305778856191088e-08 seconds.
Warning: Simulation tolerance relaxed to achieve convergence from 1.1305778856191088e-08 to 1.1305778856288745e-08 seconds.
Warning: Simulation tolerance relaxed to achieve convergence from 1.1305778856288745e-08 to 1.1305778856386402e-08 seconds.
Warning: Simulation tolerance relaxed to achieve convergence from 1.1305778856386402e-08 to 1.1305778856484059e-08 seconds.
Warning: Simulation tolerance relaxed to achieve convergence from 1.1305778856484059e-08 to 1.1305778856581716e-08 seconds.
Warning: Simulation tolerance relaxed to achieve convergence from 1.1305778856581716e-08 to 1.1305778856679373e-08 seconds.
Warning: Simulation tolerance relaxed to achieve convergence from 1.1305778856679373e-08 to 1.1305778856777030e-08 seconds.
Warning: Simulation tolerance relaxed to achieve convergence from 1.3094264793640293e-08 to 1.3094264793737950e-08 seconds.
Warning: Simulation tolerance relaxed to achieve convergence from 1.7305778779526335e-08 to 1.7305778779623992e-08 seconds.
Warning: Simulation tolerance relaxed to achieve convergence from 1.7305778779623992e-08 to 1.7305778779721649e-08 seconds.
Warning: Simulation tolerance relaxed to achieve convergence from 1.7305778779721649e-08 to 1.7305778779819306e-08 seconds.
Warning: Simulation tolerance relaxed to achieve convergence from 1.7305778779819306e-08 to 1.7305778779916963e-08 seconds.
Warning: Simulation tolerance relaxed to achieve convergence from 1.7305778779916963e-08 to 1.7305778780014620e-08 seconds.
Warning: Simulation tolerance relaxed to achieve convergence from 1.7305778780014620e-08 to 1.7305778780112277e-08 seconds.
Warning: Simulation tolerance relaxed to achieve convergence from 1.7305778780112277e-08 to 1.7305778780209934e-08 seconds.
Warning: Simulation tolerance relaxed to achieve convergence from 1.7305778780209934e-08 to 1.7305778780307591e-08 seconds.
Warning: Simulation tolerance relaxed to achieve convergence from 1.7305778780307591e-08 to 1.7305778780405248e-08 seconds.
Warning: Simulation tolerance relaxed to achieve convergence from 1.7305778780405248e-08 to 1.7305778780502905e-08 seconds.
Warning: Simulation tolerance relaxed to achieve convergence from 1.7305778780502905e-08 to 1.7305778780600562e-08 seconds.
Warning: Simulation tolerance relaxed to achieve convergence from 1.7305778780600562e-08 to 1.7305778780698219e-08 seconds.
Warning: Simulation tolerance relaxed to achieve convergence from 1.7305778780698219e-08 to 1.7305778780795876e-08 seconds.
Warning: Simulation tolerance relaxed to achieve convergence from 1.7305778780795876e-08 to 1.7305778780893533e-08 seconds.
Warning: Simulation tolerance relaxed to achieve convergence from 1.7305778780893533e-08 to 1.7305778780991190e-08 seconds.
Warning: Simulation tolerance relaxed to achieve convergence from 1.7305778780991190e-08 to 1.7305778781088847e-08 seconds.
Warning: Simulation tolerance relaxed to achieve convergence from 1.7305778781088847e-08 to 1.7305778781186503e-08 seconds.
Warning: Simulation tolerance relaxed to achieve convergence from 1.7305778781186503e-08 to 1.7305778781284160e-08 seconds.
Warning: Simulation tolerance relaxed to achieve convergence from 1.7305778781284160e-08 to 1.7305778781381817e-08 seconds.
Warning: Simulation tolerance relaxed to achieve convergence from 1.7305778781381817e-08 to 1.7305778781479474e-08 seconds.
Warning: Simulation tolerance relaxed to achieve convergence from 1.7305778781479474e-08 to 1.7305778781577131e-08 seconds.
Warning: Simulation tolerance relaxed to achieve convergence from 1.7305778781577131e-08 to 1.7305778781674788e-08 seconds.
Warning: Simulation tolerance relaxed to achieve convergence from 1.7305778781674788e-08 to 1.7305778781772445e-08 seconds.
Warning: Simulation tolerance relaxed to achieve convergence from 1.7305778781772445e-08 to 1.7305778781870102e-08 seconds.
Warning: Simulation tolerance relaxed to achieve convergence from 1.7305778781870102e-08 to 1.7305778781967759e-08 seconds.
Warning: Simulation tolerance relaxed to achieve convergence from 1.7305778781967759e-08 to 1.7305778782065416e-08 seconds.
Warning: Simulation tolerance relaxed to achieve convergence from 1.7305778782065416e-08 to 1.7305778782163073e-08 seconds.
Warning: Simulation tolerance relaxed to achieve convergence from 1.7305778782163073e-08 to 1.7305778782260730e-08 seconds.
Warning: Simulation tolerance relaxed to achieve convergence from 1.7305778782260730e-08 to 1.7305778782358387e-08 seconds.
Warning: Simulation tolerance relaxed to achieve convergence from 1.7305778782358387e-08 to 1.7305778782456044e-08 seconds.
Warning: Simulation tolerance relaxed to achieve convergence from 1.7305778782456044e-08 to 1.7305778782553701e-08 seconds.
Warning: Simulation tolerance relaxed to achieve convergence from 1.7305778782553701e-08 to 1.7305778782651358e-08 seconds.
Warning: Simulation tolerance relaxed to achieve convergence from 1.7305778782651358e-08 to 1.7305778782749015e-08 seconds.
Warning: Simulation tolerance relaxed to achieve convergence from 1.7305778782749015e-08 to 1.7305778782846671e-08 seconds.
Warning: Simulation tolerance relaxed to achieve convergence from 1.7305778782846671e-08 to 1.7305778782944328e-08 seconds.
Warning: Simulation tolerance relaxed to achieve convergence from 1.7305778782944328e-08 to 1.7305778783041985e-08 seconds.
Warning: Simulation tolerance relaxed to achieve convergence from 1.7305778783041985e-08 to 1.7305778783139642e-08 seconds.
Warning: Simulation tolerance relaxed to achieve convergence from 1.7305778783139642e-08 to 1.7305778783237299e-08 seconds.
Warning: Simulation tolerance relaxed to achieve convergence from 1.7305778783237299e-08 to 1.7305778783334956e-08 seconds.
Warning: Simulation tolerance relaxed to achieve convergence from 1.7305778783334956e-08 to 1.7305778783432613e-08 seconds.
Warning: Simulation tolerance relaxed to achieve convergence from 1.7305778783432613e-08 to 1.7305778783530270e-08 seconds.
Warning: Simulation tolerance relaxed to achieve convergence from 1.7305778783530270e-08 to 1.7305778783627927e-08 seconds.
Warning: Simulation tolerance relaxed to achieve convergence from 1.7305778783627927e-08 to 1.7305778783725584e-08 seconds.
Warning: Simulation tolerance relaxed to achieve convergence from 1.7305778783725584e-08 to 1.7305778783823241e-08 seconds.
Warning: Simulation tolerance relaxed to achieve convergence from 1.7305778783823241e-08 to 1.7305778783920898e-08 seconds.
Warning: Simulation tolerance relaxed to achieve convergence from 1.7305778783920898e-08 to 1.7305778784018555e-08 seconds.
Warning: Simulation tolerance relaxed to achieve convergence from 1.7305778784018555e-08 to 1.7305778784116212e-08 seconds.
Warning: Simulation tolerance relaxed to achieve convergence from 1.7305778784116212e-08 to 1.7305778784213869e-08 seconds.
Warning: Simulation tolerance relaxed to achieve convergence from 1.7305778784213869e-08 to 1.7305778784311526e-08 seconds.
Warning: Simulation tolerance relaxed to achieve convergence from 1.7305778784311526e-08 to 1.7305778784409183e-08 seconds.
Warning: Simulation tolerance relaxed to achieve convergence from 1.7305778784409183e-08 to 1.7305778784506840e-08 seconds.
Warning: Simulation tolerance relaxed to achieve convergence from 1.7305778784506840e-08 to 1.7305778784604496e-08 seconds.
Warning: Simulation tolerance relaxed to achieve convergence from 1.7305778784604496e-08 to 1.7305778784702153e-08 seconds.
Warning: Simulation tolerance relaxed to achieve convergence from 1.7305778784702153e-08 to 1.7305778784799810e-08 seconds.
Warning: Simulation tolerance relaxed to achieve convergence from 1.7305778784799810e-08 to 1.7305778784897467e-08 seconds.
Warning: Simulation tolerance relaxed to achieve convergence from 1.7305778784897467e-08 to 1.7305778784995124e-08 seconds.
Warning: Simulation tolerance relaxed to achieve convergence from 1.7305778784995124e-08 to 1.7305778785092781e-08 seconds.
Warning: Simulation tolerance relaxed to achieve convergence from 1.7305778785092781e-08 to 1.7305778785190438e-08 seconds.
Warning: Simulation tolerance relaxed to achieve convergence from 1.7305778785190438e-08 to 1.7305778785288095e-08 seconds.
Warning: Simulation tolerance relaxed to achieve convergence from 1.7305778785288095e-08 to 1.7305778785385752e-08 seconds.
Warning: Simulation tolerance relaxed to achieve convergence from 1.7305778785385752e-08 to 1.7305778785483409e-08 seconds.
Warning: Simulation tolerance relaxed to achieve convergence from 1.7305778785483409e-08 to 1.7305778785581066e-08 seconds.
Warning: Simulation tolerance relaxed to achieve convergence from 1.7305778785581066e-08 to 1.7305778785678723e-08 seconds.
Warning: Simulation tolerance relaxed to achieve convergence from 1.7305778785678723e-08 to 1.7305778785776380e-08 seconds.
Warning: Simulation tolerance relaxed to achieve convergence from 1.7305778785776380e-08 to 1.7305778785874037e-08 seconds.
Warning: Simulation tolerance relaxed to achieve convergence from 1.7305778785874037e-08 to 1.7305778785971694e-08 seconds.
Warning: Simulation tolerance relaxed to achieve convergence from 1.7305778785971694e-08 to 1.7305778786069351e-08 seconds.
Warning: Simulation tolerance relaxed to achieve convergence from 1.7305778786069351e-08 to 1.7305778786167008e-08 seconds.
Warning: Simulation tolerance relaxed to achieve convergence from 1.7305778786167008e-08 to 1.7305778786264664e-08 seconds.
Warning: Simulation tolerance relaxed to achieve convergence from 1.7305778786264664e-08 to 1.7305778786362321e-08 seconds.
Warning: Simulation tolerance relaxed to achieve convergence from 1.7305778786362321e-08 to 1.7305778786459978e-08 seconds.
Warning: Simulation tolerance relaxed to achieve convergence from 1.7305778786459978e-08 to 1.7305778786557635e-08 seconds.
Warning: Simulation tolerance relaxed to achieve convergence from 1.7305778786557635e-08 to 1.7305778786655292e-08 seconds.
Warning: Simulation tolerance relaxed to achieve convergence from 1.7305778786655292e-08 to 1.7305778786752949e-08 seconds.
Warning: Simulation tolerance relaxed to achieve convergence from 1.7305778786752949e-08 to 1.7305778786850606e-08 seconds.
Warning: Simulation tolerance relaxed to achieve convergence from 1.7305778786850606e-08 to 1.7305778786948263e-08 seconds.
Warning: Simulation tolerance relaxed to achieve convergence from 1.7305778786948263e-08 to 1.7305778787045920e-08 seconds.
Warning: Simulation tolerance relaxed to achieve convergence from 1.7305778787045920e-08 to 1.7305778787143577e-08 seconds.
Warning: Simulation tolerance relaxed to achieve convergence from 1.7305778787143577e-08 to 1.7305778787241234e-08 seconds.
Warning: Simulation tolerance relaxed to achieve convergence from 1.7305778787241234e-08 to 1.7305778787338891e-08 seconds.
Warning: Simulation tolerance relaxed to achieve convergence from 1.7305778787338891e-08 to 1.7305778787436548e-08 seconds.
Warning: Simulation tolerance relaxed to achieve convergence from 1.7305778787436548e-08 to 1.7305778787534205e-08 seconds.
Warning: Simulation tolerance relaxed to achieve convergence from 1.7305778787534205e-08 to 1.7305778787631862e-08 seconds.
Warning: Simulation tolerance relaxed to achieve convergence from 1.7305778787631862e-08 to 1.7305778787729519e-08 seconds.
Warning: Simulation tolerance relaxed to achieve convergence from 1.7305778787729519e-08 to 1.7305778787827176e-08 seconds.
Warning: Simulation tolerance relaxed to achieve convergence from 1.7305778787827176e-08 to 1.7305778787924833e-08 seconds.
Warning: Simulation tolerance relaxed to achieve convergence from 1.7305778787924833e-08 to 1.7305778788022489e-08 seconds.
Warning: Simulation tolerance relaxed to achieve convergence from 1.7305778788022489e-08 to 1.7305778788120146e-08 seconds.
Warning: Simulation tolerance relaxed to achieve convergence from 1.7305778788120146e-08 to 1.7305778788217803e-08 seconds.
Warning: Simulation tolerance relaxed to achieve convergence from 1.7305778788217803e-08 to 1.7305778788315460e-08 seconds.
Warning: Simulation tolerance relaxed to achieve convergence from 1.7305778788315460e-08 to 1.7305778788413117e-08 seconds.
Warning: Simulation tolerance relaxed to achieve convergence from 1.7305778788413117e-08 to 1.7305778788510774e-08 seconds.
Warning: Simulation tolerance relaxed to achieve convergence from 1.7305778788510774e-08 to 1.7305778788608431e-08 seconds.
Warning: Simulation tolerance relaxed to achieve convergence from 1.7305778788608431e-08 to 1.7305778788706088e-08 seconds.
Warning: Simulation tolerance relaxed to achieve convergence from 1.7305778788706088e-08 to 1.7305778788803745e-08 seconds.
Warning: Simulation tolerance relaxed to achieve convergence from 1.7305778788803745e-08 to 1.7305778788901402e-08 seconds.
Warning: Simulation tolerance relaxed to achieve convergence from 1.7305778788901402e-08 to 1.7305778788999059e-08 seconds.
Warning: Simulation tolerance relaxed to achieve convergence from 1.7305778788999059e-08 to 1.7305778789096716e-08 seconds.
Warning: Simulation tolerance relaxed to achieve convergence from 1.7305778789096716e-08 to 1.7305778789194373e-08 seconds.
Warning: Simulation tolerance relaxed to achieve convergence from 1.7305778789194373e-08 to 1.7305778789292030e-08 seconds.
Warning: Simulation tolerance relaxed to achieve convergence from 1.7305778789292030e-08 to 1.7305778789389687e-08 seconds.
Warning: Simulation tolerance relaxed to achieve convergence from 1.7305778789389687e-08 to 1.7305778789487344e-08 seconds.
Warning: Simulation tolerance relaxed to achieve convergence from 1.7305778789487344e-08 to 1.7305778789585001e-08 seconds.
Warning: Simulation tolerance relaxed to achieve convergence from 1.7305778789585001e-08 to 1.7305778789682657e-08 seconds.
Warning: Simulation tolerance relaxed to achieve convergence from 1.7305778789682657e-08 to 1.7305778789780314e-08 seconds.
Warning: Simulation tolerance relaxed to achieve convergence from 1.7305778789780314e-08 to 1.7305778789877971e-08 seconds.
Warning: Simulation tolerance relaxed to achieve convergence from 1.7305778789877971e-08 to 1.7305778789975628e-08 seconds.
Warning: Simulation tolerance relaxed to achieve convergence from 1.7305778789975628e-08 to 1.7305778790073285e-08 seconds.
Warning: Simulation tolerance relaxed to achieve convergence from 1.7305778790073285e-08 to 1.7305778790170942e-08 seconds.
Warning: Simulation tolerance relaxed to achieve convergence from 1.7305778790170942e-08 to 1.7305778790268599e-08 seconds.
Warning: Simulation tolerance relaxed to achieve convergence from 1.7305778790268599e-08 to 1.7305778790366256e-08 seconds.
Warning: Simulation tolerance relaxed to achieve convergence from 1.7305778790366256e-08 to 1.7305778790463913e-08 seconds.
Warning: Simulation tolerance relaxed to achieve convergence from 1.7305778790463913e-08 to 1.7305778790561570e-08 seconds.
Warning: Simulation tolerance relaxed to achieve convergence from 1.7305778790561570e-08 to 1.7305778790659227e-08 seconds.
Warning: Simulation tolerance relaxed to achieve convergence from 1.7305778790659227e-08 to 1.7305778790756884e-08 seconds.
Warning: Simulation tolerance relaxed to achieve convergence from 1.7305778790756884e-08 to 1.7305778790854541e-08 seconds.
Warning: Simulation tolerance relaxed to achieve convergence from 1.7305778790854541e-08 to 1.7305778790952198e-08 seconds.
Warning: Simulation tolerance relaxed to achieve convergence from 1.7305778790952198e-08 to 1.7305778791049855e-08 seconds.
Warning: Simulation tolerance relaxed to achieve convergence from 1.7305778791049855e-08 to 1.7305778791147512e-08 seconds.
Warning: Simulation tolerance relaxed to achieve convergence from 1.7305778791147512e-08 to 1.7305778791245169e-08 seconds.
Warning: Simulation tolerance relaxed to achieve convergence from 1.7305778791245169e-08 to 1.7305778791342826e-08 seconds.
Warning: Simulation tolerance relaxed to achieve convergence from 1.7305778791342826e-08 to 1.7305778791440482e-08 seconds.
Warning: Simulation tolerance relaxed to achieve convergence from 1.7305778791440482e-08 to 1.7305778791538139e-08 seconds.
Warning: Simulation tolerance relaxed to achieve convergence from 1.7305778791538139e-08 to 1.7305778791635796e-08 seconds.
Warning: Simulation tolerance relaxed to achieve convergence from 1.7305778791635796e-08 to 1.7305778791733453e-08 seconds.
Warning: Simulation tolerance relaxed to achieve convergence from 1.7305778791733453e-08 to 1.7305778791831110e-08 seconds.
Warning: Simulation tolerance relaxed to achieve convergence from 1.7305778791831110e-08 to 1.7305778791928767e-08 seconds.
Warning: Simulation tolerance relaxed to achieve convergence from 1.7305778791928767e-08 to 1.7305778792026424e-08 seconds.
Warning: Simulation tolerance relaxed to achieve convergence from 1.7305778792026424e-08 to 1.7305778792124081e-08 seconds.
Warning: Simulation tolerance relaxed to achieve convergence from 1.7305778792124081e-08 to 1.7305778792221738e-08 seconds.
Warning: Simulation tolerance relaxed to achieve convergence from 1.7305778792221738e-08 to 1.7305778792319395e-08 seconds.
Warning: Simulation tolerance relaxed to achieve convergence from 1.7305778792319395e-08 to 1.7305778792417052e-08 seconds.
Warning: Simulation tolerance relaxed to achieve convergence from 1.7305778792417052e-08 to 1.7305778792514709e-08 seconds.
Warning: Simulation tolerance relaxed to achieve convergence from 1.7305778792514709e-08 to 1.7305778792612366e-08 seconds.
Warning: Simulation tolerance relaxed to achieve convergence from 1.7305778792612366e-08 to 1.7305778792710023e-08 seconds.
Warning: Simulation tolerance relaxed to achieve convergence from 1.7305778792710023e-08 to 1.7305778792807680e-08 seconds.
Warning: Simulation tolerance relaxed to achieve convergence from 1.7305778792807680e-08 to 1.7305778792905337e-08 seconds.
Warning: Simulation tolerance relaxed to achieve convergence from 1.7305778792905337e-08 to 1.7305778793002994e-08 seconds.
Warning: Simulation tolerance relaxed to achieve convergence from 1.7305778793002994e-08 to 1.7305778793100651e-08 seconds.
Warning: Simulation tolerance relaxed to achieve convergence from 1.7305778793100651e-08 to 1.7305778793198307e-08 seconds.
Warning: Simulation tolerance relaxed to achieve convergence from 1.7305778793198307e-08 to 1.7305778793295964e-08 seconds.
Warning: Simulation tolerance relaxed to achieve convergence from 1.7305778793295964e-08 to 1.7305778793393621e-08 seconds.
Warning: Simulation tolerance relaxed to achieve convergence from 1.7305778793393621e-08 to 1.7305778793491278e-08 seconds.
Warning: Simulation tolerance relaxed to achieve convergence from 1.7305778793491278e-08 to 1.7305778793588935e-08 seconds.
Warning: Simulation tolerance relaxed to achieve convergence from 1.7305778793588935e-08 to 1.7305778793686592e-08 seconds.
Warning: Simulation tolerance relaxed to achieve convergence from 1.7305778793686592e-08 to 1.7305778793784249e-08 seconds.
Warning: Simulation tolerance relaxed to achieve convergence from 1.7305778793784249e-08 to 1.7305778793881906e-08 seconds.
Warning: Simulation tolerance relaxed to achieve convergence from 1.7305778793881906e-08 to 1.7305778793979563e-08 seconds.
Warning: Simulation tolerance relaxed to achieve convergence from 1.7305778793979563e-08 to 1.7305778794077220e-08 seconds.
Warning: Simulation tolerance relaxed to achieve convergence from 1.7305778794077220e-08 to 1.7305778794174877e-08 seconds.
Warning: Simulation tolerance relaxed to achieve convergence from 1.7305778794174877e-08 to 1.7305778794272534e-08 seconds.
Warning: Simulation tolerance relaxed to achieve convergence from 1.7305778794272534e-08 to 1.7305778794370191e-08 seconds.
Warning: Simulation tolerance relaxed to achieve convergence from 1.7305778794370191e-08 to 1.7305778794467848e-08 seconds.
Warning: Simulation tolerance relaxed to achieve convergence from 1.7305778794467848e-08 to 1.7305778794565505e-08 seconds.
Warning: Simulation tolerance relaxed to achieve convergence from 1.7305778794565505e-08 to 1.7305778794663162e-08 seconds.
Warning: Simulation tolerance relaxed to achieve convergence from 1.7305778794663162e-08 to 1.7305778794760819e-08 seconds.
Warning: Simulation tolerance relaxed to achieve convergence from 1.7305778794760819e-08 to 1.7305778794858475e-08 seconds.
Warning: Simulation tolerance relaxed to achieve convergence from 1.7305778794858475e-08 to 1.7305778794956132e-08 seconds.
Warning: Simulation tolerance relaxed to achieve convergence from 1.7305778794956132e-08 to 1.7305778795053789e-08 seconds.
Warning: Simulation tolerance relaxed to achieve convergence from 1.7305778795053789e-08 to 1.7305778795151446e-08 seconds.
Warning: Simulation tolerance relaxed to achieve convergence from 1.7305778795151446e-08 to 1.7305778795249103e-08 seconds.
Warning: Simulation tolerance relaxed to achieve convergence from 1.7305778795249103e-08 to 1.7305778795346760e-08 seconds.
Warning: Simulation tolerance relaxed to achieve convergence from 1.7305778795346760e-08 to 1.7305778795444417e-08 seconds.
Warning: Simulation tolerance relaxed to achieve convergence from 1.7305778795444417e-08 to 1.7305778795542074e-08 seconds.
Warning: Simulation tolerance relaxed to achieve convergence from 1.7305778795542074e-08 to 1.7305778795639731e-08 seconds.
Warning: Simulation tolerance relaxed to achieve convergence from 1.7305778795639731e-08 to 1.7305778795737388e-08 seconds.
Warning: Simulation tolerance relaxed to achieve convergence from 1.7305778795737388e-08 to 1.7305778795835045e-08 seconds.
Warning: Simulation tolerance relaxed to achieve convergence from 1.7305778795835045e-08 to 1.7305778795932702e-08 seconds.
Warning: Simulation tolerance relaxed to achieve convergence from 1.7305778795932702e-08 to 1.7305778796030359e-08 seconds.
Warning: Simulation tolerance relaxed to achieve convergence from 1.7305778796030359e-08 to 1.7305778796128016e-08 seconds.
Warning: Simulation tolerance relaxed to achieve convergence from 1.7305778796128016e-08 to 1.7305778796225673e-08 seconds.
Warning: Simulation tolerance relaxed to achieve convergence from 1.7305778796225673e-08 to 1.7305778796323330e-08 seconds.
Warning: Simulation tolerance relaxed to achieve convergence from 1.7305778796323330e-08 to 1.7305778796420987e-08 seconds.
Warning: Simulation tolerance relaxed to achieve convergence from 1.7305778796420987e-08 to 1.7305778796518644e-08 seconds.
Warning: Simulation tolerance relaxed to achieve convergence from 1.7305778796518644e-08 to 1.7305778796616300e-08 seconds.
Warning: Simulation tolerance relaxed to achieve convergence from 1.7305778796616300e-08 to 1.7305778796713957e-08 seconds.
Warning: Simulation tolerance relaxed to achieve convergence from 2.3305778779485788e-08 to 2.3305778779583445e-08 seconds.
Warning: Simulation tolerance relaxed to achieve convergence from 2.3305778779583445e-08 to 2.3305778779681102e-08 seconds.
Warning: Simulation tolerance relaxed to achieve convergence from 2.3305778779681102e-08 to 2.3305778779778759e-08 seconds.
Warning: Simulation tolerance relaxed to achieve convergence from 2.3305778779778759e-08 to 2.3305778779876416e-08 seconds.
Warning: Simulation tolerance relaxed to achieve convergence from 2.3305778779876416e-08 to 2.3305778779974073e-08 seconds.
Warning: Simulation tolerance relaxed to achieve convergence from 2.3305778779974073e-08 to 2.3305778780071729e-08 seconds.
Warning: Simulation tolerance relaxed to achieve convergence from 2.3305778780071729e-08 to 2.3305778780169386e-08 seconds.
Warning: Simulation tolerance relaxed to achieve convergence from 2.3305778780169386e-08 to 2.3305778780267043e-08 seconds.
Warning: Simulation tolerance relaxed to achieve convergence from 2.3305778780267043e-08 to 2.3305778780364700e-08 seconds.
Warning: Simulation tolerance relaxed to achieve convergence from 2.3305778780364700e-08 to 2.3305778780462357e-08 seconds.
Warning: Simulation tolerance relaxed to achieve convergence from 2.3305778780462357e-08 to 2.3305778780560014e-08 seconds.
Warning: Simulation tolerance relaxed to achieve convergence from 2.3305778780560014e-08 to 2.3305778780657671e-08 seconds.
Warning: Simulation tolerance relaxed to achieve convergence from 2.3305778780657671e-08 to 2.3305778780755328e-08 seconds.
Warning: Simulation tolerance relaxed to achieve convergence from 2.3305778780755328e-08 to 2.3305778780852985e-08 seconds.
Warning: Simulation tolerance relaxed to achieve convergence from 2.3305778780852985e-08 to 2.3305778780950642e-08 seconds.
Warning: Simulation tolerance relaxed to achieve convergence from 2.3305778780950642e-08 to 2.3305778781048299e-08 seconds.
Warning: Simulation tolerance relaxed to achieve convergence from 2.3305778781048299e-08 to 2.3305778781145956e-08 seconds.
Warning: Simulation tolerance relaxed to achieve convergence from 2.3305778781145956e-08 to 2.3305778781243613e-08 seconds.
Warning: Simulation tolerance relaxed to achieve convergence from 2.3305778781243613e-08 to 2.3305778781341270e-08 seconds.
Warning: Simulation tolerance relaxed to achieve convergence from 2.3305778781341270e-08 to 2.3305778781438927e-08 seconds.
Warning: Simulation tolerance relaxed to achieve convergence from 2.3305778781438927e-08 to 2.3305778781536584e-08 seconds.
Warning: Simulation tolerance relaxed to achieve convergence from 2.3305778781536584e-08 to 2.3305778781634241e-08 seconds.
Warning: Simulation tolerance relaxed to achieve convergence from 2.3305778781634241e-08 to 2.3305778781731897e-08 seconds.
Warning: Simulation tolerance relaxed to achieve convergence from 2.3305778781731897e-08 to 2.3305778781829554e-08 seconds.
Warning: Simulation tolerance relaxed to achieve convergence from 2.3305778781829554e-08 to 2.3305778781927211e-08 seconds.
Warning: Simulation tolerance relaxed to achieve convergence from 2.3305778781927211e-08 to 2.3305778782024868e-08 seconds.
Warning: Simulation tolerance relaxed to achieve convergence from 2.3305778782024868e-08 to 2.3305778782122525e-08 seconds.
Warning: Simulation tolerance relaxed to achieve convergence from 2.3305778782122525e-08 to 2.3305778782220182e-08 seconds.
Warning: Simulation tolerance relaxed to achieve convergence from 2.3305778782220182e-08 to 2.3305778782317839e-08 seconds.
Warning: Simulation tolerance relaxed to achieve convergence from 2.3305778782317839e-08 to 2.3305778782415496e-08 seconds.
Warning: Simulation tolerance relaxed to achieve convergence from 2.3305778782415496e-08 to 2.3305778782513153e-08 seconds.
Warning: Simulation tolerance relaxed to achieve convergence from 2.3305778782513153e-08 to 2.3305778782610810e-08 seconds.
Warning: Simulation tolerance relaxed to achieve convergence from 2.3305778782610810e-08 to 2.3305778782708467e-08 seconds.
Warning: Simulation tolerance relaxed to achieve convergence from 2.3305778782708467e-08 to 2.3305778782806124e-08 seconds.
Warning: Simulation tolerance relaxed to achieve convergence from 2.3305778782806124e-08 to 2.3305778782903781e-08 seconds.
Warning: Simulation tolerance relaxed to achieve convergence from 2.3305778782903781e-08 to 2.3305778783001438e-08 seconds.
Warning: Simulation tolerance relaxed to achieve convergence from 2.3305778783001438e-08 to 2.3305778783099095e-08 seconds.
Warning: Simulation tolerance relaxed to achieve convergence from 2.3305778783099095e-08 to 2.3305778783196752e-08 seconds.
Warning: Simulation tolerance relaxed to achieve convergence from 2.3305778783196752e-08 to 2.3305778783294409e-08 seconds.
Warning: Simulation tolerance relaxed to achieve convergence from 2.3305778783294409e-08 to 2.3305778783392066e-08 seconds.
Warning: Simulation tolerance relaxed to achieve convergence from 2.3305778783392066e-08 to 2.3305778783489722e-08 seconds.
Warning: Simulation tolerance relaxed to achieve convergence from 2.3305778783489722e-08 to 2.3305778783587379e-08 seconds.
Warning: Simulation tolerance relaxed to achieve convergence from 2.3305778783587379e-08 to 2.3305778783685036e-08 seconds.
Warning: Simulation tolerance relaxed to achieve convergence from 2.3305778783685036e-08 to 2.3305778783782693e-08 seconds.
Warning: Simulation tolerance relaxed to achieve convergence from 2.3305778783782693e-08 to 2.3305778783880350e-08 seconds.
Warning: Simulation tolerance relaxed to achieve convergence from 2.3305778783880350e-08 to 2.3305778783978007e-08 seconds.
Warning: Simulation tolerance relaxed to achieve convergence from 2.3305778783978007e-08 to 2.3305778784075664e-08 seconds.
Warning: Simulation tolerance relaxed to achieve convergence from 2.3305778784075664e-08 to 2.3305778784173321e-08 seconds.
Warning: Simulation tolerance relaxed to achieve convergence from 2.3305778784173321e-08 to 2.3305778784270978e-08 seconds.
Warning: Simulation tolerance relaxed to achieve convergence from 2.3305778784270978e-08 to 2.3305778784368635e-08 seconds.
Warning: Simulation tolerance relaxed to achieve convergence from 2.3305778784368635e-08 to 2.3305778784466292e-08 seconds.
Warning: Simulation tolerance relaxed to achieve convergence from 2.3305778784466292e-08 to 2.3305778784563949e-08 seconds.
Warning: Simulation tolerance relaxed to achieve convergence from 2.3305778784563949e-08 to 2.3305778784661606e-08 seconds.
Warning: Simulation tolerance relaxed to achieve convergence from 2.3305778784661606e-08 to 2.3305778784759263e-08 seconds.
Warning: Simulation tolerance relaxed to achieve convergence from 2.3305778784759263e-08 to 2.3305778784856920e-08 seconds.
Warning: Simulation tolerance relaxed to achieve convergence from 2.3305778784856920e-08 to 2.3305778784954577e-08 seconds.
Warning: Simulation tolerance relaxed to achieve convergence from 2.3305778784954577e-08 to 2.3305778785052234e-08 seconds.
Warning: Simulation tolerance relaxed to achieve convergence from 2.3305778785052234e-08 to 2.3305778785149891e-08 seconds.
Warning: Simulation tolerance relaxed to achieve convergence from 2.3305778785149891e-08 to 2.3305778785247547e-08 seconds.
Warning: Simulation tolerance relaxed to achieve convergence from 2.3305778785247547e-08 to 2.3305778785345204e-08 seconds.
Warning: Simulation tolerance relaxed to achieve convergence from 2.3305778785345204e-08 to 2.3305778785442861e-08 seconds.
Warning: Simulation tolerance relaxed to achieve convergence from 2.3305778785442861e-08 to 2.3305778785540518e-08 seconds.
Warning: Simulation tolerance relaxed to achieve convergence from 2.3305778785540518e-08 to 2.3305778785638175e-08 seconds.
Warning: Simulation tolerance relaxed to achieve convergence from 2.3305778785638175e-08 to 2.3305778785735832e-08 seconds.
Warning: Simulation tolerance relaxed to achieve convergence from 2.3305778785735832e-08 to 2.3305778785833489e-08 seconds.
Warning: Simulation tolerance relaxed to achieve convergence from 2.3305778785833489e-08 to 2.3305778785931146e-08 seconds.
Warning: Simulation tolerance relaxed to achieve convergence from 2.3305778785931146e-08 to 2.3305778786028803e-08 seconds.
Warning: Simulation tolerance relaxed to achieve convergence from 2.3305778786028803e-08 to 2.3305778786126460e-08 seconds.
Warning: Simulation tolerance relaxed to achieve convergence from 2.3305778786126460e-08 to 2.3305778786224117e-08 seconds.
Warning: Simulation tolerance relaxed to achieve convergence from 2.3305778786224117e-08 to 2.3305778786321774e-08 seconds.
Warning: Simulation tolerance relaxed to achieve convergence from 2.3305778786321774e-08 to 2.3305778786419431e-08 seconds.
Warning: Simulation tolerance relaxed to achieve convergence from 2.3305778786419431e-08 to 2.3305778786517088e-08 seconds.
Warning: Simulation tolerance relaxed to achieve convergence from 2.3305778786517088e-08 to 2.3305778786614745e-08 seconds.
Warning: Simulation tolerance relaxed to achieve convergence from 2.3305778786614745e-08 to 2.3305778786712402e-08 seconds.
Warning: Simulation tolerance relaxed to achieve convergence from 2.3305778786712402e-08 to 2.3305778786810059e-08 seconds.
Warning: Simulation tolerance relaxed to achieve convergence from 2.3305778786810059e-08 to 2.3305778786907715e-08 seconds.
Warning: Simulation tolerance relaxed to achieve convergence from 2.3305778786907715e-08 to 2.3305778787005372e-08 seconds.
Warning: Simulation tolerance relaxed to achieve convergence from 2.3305778787005372e-08 to 2.3305778787103029e-08 seconds.
Warning: Simulation tolerance relaxed to achieve convergence from 2.3305778787103029e-08 to 2.3305778787200686e-08 seconds.
Warning: Simulation tolerance relaxed to achieve convergence from 2.3305778787200686e-08 to 2.3305778787298343e-08 seconds.
Warning: Simulation tolerance relaxed to achieve convergence from 2.3305778787298343e-08 to 2.3305778787396000e-08 seconds.
Warning: Simulation tolerance relaxed to achieve convergence from 2.3305778787396000e-08 to 2.3305778787493657e-08 seconds.
Warning: Simulation tolerance relaxed to achieve convergence from 2.3305778787493657e-08 to 2.3305778787591314e-08 seconds.
Warning: Simulation tolerance relaxed to achieve convergence from 2.3305778787591314e-08 to 2.3305778787688971e-08 seconds.
Warning: Simulation tolerance relaxed to achieve convergence from 2.3305778787688971e-08 to 2.3305778787786628e-08 seconds.
Warning: Simulation tolerance relaxed to achieve convergence from 2.3305778787786628e-08 to 2.3305778787884285e-08 seconds.
Warning: Simulation tolerance relaxed to achieve convergence from 2.3305778787884285e-08 to 2.3305778787981942e-08 seconds.
Warning: Simulation tolerance relaxed to achieve convergence from 2.3305778787981942e-08 to 2.3305778788079599e-08 seconds.
Warning: Simulation tolerance relaxed to achieve convergence from 2.3305778788079599e-08 to 2.3305778788177256e-08 seconds.
Warning: Simulation tolerance relaxed to achieve convergence from 2.3305778788177256e-08 to 2.3305778788274913e-08 seconds.
Warning: Simulation tolerance relaxed to achieve convergence from 2.3305778788274913e-08 to 2.3305778788372570e-08 seconds.
Warning: Simulation tolerance relaxed to achieve convergence from 2.3305778788372570e-08 to 2.3305778788470227e-08 seconds.
Warning: Simulation tolerance relaxed to achieve convergence from 2.3305778788470227e-08 to 2.3305778788567884e-08 seconds.
Warning: Simulation tolerance relaxed to achieve convergence from 2.3305778788567884e-08 to 2.3305778788665540e-08 seconds.
Warning: Simulation tolerance relaxed to achieve convergence from 2.3305778788665540e-08 to 2.3305778788763197e-08 seconds.
Warning: Simulation tolerance relaxed to achieve convergence from 2.3305778788763197e-08 to 2.3305778788860854e-08 seconds.
Warning: Simulation tolerance relaxed to achieve convergence from 2.3305778788860854e-08 to 2.3305778788958511e-08 seconds.
Warning: Simulation tolerance relaxed to achieve convergence from 2.3305778788958511e-08 to 2.3305778789056168e-08 seconds.
Warning: Simulation tolerance relaxed to achieve convergence from 2.3305778789056168e-08 to 2.3305778789153825e-08 seconds.
Warning: Simulation tolerance relaxed to achieve convergence from 2.3305778789153825e-08 to 2.3305778789251482e-08 seconds.
Warning: Simulation tolerance relaxed to achieve convergence from 2.3305778789251482e-08 to 2.3305778789349139e-08 seconds.
Warning: Simulation tolerance relaxed to achieve convergence from 2.3305778789349139e-08 to 2.3305778789446796e-08 seconds.
Warning: Simulation tolerance relaxed to achieve convergence from 2.3305778789446796e-08 to 2.3305778789544453e-08 seconds.
Warning: Simulation tolerance relaxed to achieve convergence from 2.3305778789544453e-08 to 2.3305778789642110e-08 seconds.
Warning: Simulation tolerance relaxed to achieve convergence from 2.3305778789642110e-08 to 2.3305778789739767e-08 seconds.
Warning: Simulation tolerance relaxed to achieve convergence from 2.3305778789739767e-08 to 2.3305778789837424e-08 seconds.
Warning: Simulation tolerance relaxed to achieve convergence from 2.3305778789837424e-08 to 2.3305778789935081e-08 seconds.
Warning: Simulation tolerance relaxed to achieve convergence from 2.3305778789935081e-08 to 2.3305778790032738e-08 seconds.
Warning: Simulation tolerance relaxed to achieve convergence from 2.3305778790032738e-08 to 2.3305778790130395e-08 seconds.
Warning: Simulation tolerance relaxed to achieve convergence from 2.3305778790130395e-08 to 2.3305778790228052e-08 seconds.
Warning: Simulation tolerance relaxed to achieve convergence from 2.3305778790228052e-08 to 2.3305778790325708e-08 seconds.
Warning: Simulation tolerance relaxed to achieve convergence from 2.3305778790325708e-08 to 2.3305778790423365e-08 seconds.
Warning: Simulation tolerance relaxed to achieve convergence from 2.3305778790423365e-08 to 2.3305778790521022e-08 seconds.
Warning: Simulation tolerance relaxed to achieve convergence from 2.3305778790521022e-08 to 2.3305778790618679e-08 seconds.
Warning: Simulation tolerance relaxed to achieve convergence from 2.3305778790618679e-08 to 2.3305778790716336e-08 seconds.
Warning: Simulation tolerance relaxed to achieve convergence from 2.3305778790716336e-08 to 2.3305778790813993e-08 seconds.
Warning: Simulation tolerance relaxed to achieve convergence from 2.3305778790813993e-08 to 2.3305778790911650e-08 seconds.
Warning: Simulation tolerance relaxed to achieve convergence from 2.3305778790911650e-08 to 2.3305778791009307e-08 seconds.
Warning: Simulation tolerance relaxed to achieve convergence from 2.3305778791009307e-08 to 2.3305778791106964e-08 seconds.
Warning: Simulation tolerance relaxed to achieve convergence from 2.3305778791106964e-08 to 2.3305778791204621e-08 seconds.
Warning: Simulation tolerance relaxed to achieve convergence from 2.3305778791204621e-08 to 2.3305778791302278e-08 seconds.
Warning: Simulation tolerance relaxed to achieve convergence from 2.3305778791302278e-08 to 2.3305778791399935e-08 seconds.
Warning: Simulation tolerance relaxed to achieve convergence from 2.3305778791399935e-08 to 2.3305778791497592e-08 seconds.
Warning: Simulation tolerance relaxed to achieve convergence from 2.3305778791497592e-08 to 2.3305778791595249e-08 seconds.
Warning: Simulation tolerance relaxed to achieve convergence from 2.3305778791595249e-08 to 2.3305778791692906e-08 seconds.
Warning: Simulation tolerance relaxed to achieve convergence from 2.3305778791692906e-08 to 2.3305778791790563e-08 seconds.
Warning: Simulation tolerance relaxed to achieve convergence from 2.3305778791790563e-08 to 2.3305778791888220e-08 seconds.
Warning: Simulation tolerance relaxed to achieve convergence from 2.3305778791888220e-08 to 2.3305778791985877e-08 seconds.
Warning: Simulation tolerance relaxed to achieve convergence from 2.3305778791985877e-08 to 2.3305778792083533e-08 seconds.
Warning: Simulation tolerance relaxed to achieve convergence from 2.3305778792083533e-08 to 2.3305778792181190e-08 seconds.
Warning: Simulation tolerance relaxed to achieve convergence from 2.3305778792181190e-08 to 2.3305778792278847e-08 seconds.
Warning: Simulation tolerance relaxed to achieve convergence from 2.3305778792278847e-08 to 2.3305778792376504e-08 seconds.
Warning: Simulation tolerance relaxed to achieve convergence from 2.3305778792376504e-08 to 2.3305778792474161e-08 seconds.
Warning: Simulation tolerance relaxed to achieve convergence from 2.3305778792474161e-08 to 2.3305778792571818e-08 seconds.
Warning: Simulation tolerance relaxed to achieve convergence from 2.3305778792571818e-08 to 2.3305778792669475e-08 seconds.
Warning: Simulation tolerance relaxed to achieve convergence from 2.3305778792669475e-08 to 2.3305778792767132e-08 seconds.
Warning: Simulation tolerance relaxed to achieve convergence from 2.3305778792767132e-08 to 2.3305778792864789e-08 seconds.
Warning: Simulation tolerance relaxed to achieve convergence from 2.3305778792864789e-08 to 2.3305778792962446e-08 seconds.
Warning: Simulation tolerance relaxed to achieve convergence from 2.3305778792962446e-08 to 2.3305778793060103e-08 seconds.
Warning: Simulation tolerance relaxed to achieve convergence from 2.3305778793060103e-08 to 2.3305778793157760e-08 seconds.
Warning: Simulation tolerance relaxed to achieve convergence from 2.3305778793157760e-08 to 2.3305778793255417e-08 seconds.
Warning: Simulation tolerance relaxed to achieve convergence from 2.3305778793255417e-08 to 2.3305778793353074e-08 seconds.
Warning: Simulation tolerance relaxed to achieve convergence from 2.3305778793353074e-08 to 2.3305778793450731e-08 seconds.
Warning: Simulation tolerance relaxed to achieve convergence from 2.3305778793450731e-08 to 2.3305778793548388e-08 seconds.
Warning: Simulation tolerance relaxed to achieve convergence from 2.3305778793548388e-08 to 2.3305778793646045e-08 seconds.
Warning: Simulation tolerance relaxed to achieve convergence from 2.3305778793646045e-08 to 2.3305778793743702e-08 seconds.
Warning: Simulation tolerance relaxed to achieve convergence from 2.3305778793743702e-08 to 2.3305778793841358e-08 seconds.
Warning: Simulation tolerance relaxed to achieve convergence from 2.3305778793841358e-08 to 2.3305778793939015e-08 seconds.
Warning: Simulation tolerance relaxed to achieve convergence from 2.3305778793939015e-08 to 2.3305778794036672e-08 seconds.
Warning: Simulation tolerance relaxed to achieve convergence from 2.3305778794036672e-08 to 2.3305778794134329e-08 seconds.
Warning: Simulation tolerance relaxed to achieve convergence from 2.3305778794134329e-08 to 2.3305778794231986e-08 seconds.
Warning: Simulation tolerance relaxed to achieve convergence from 2.3305778794231986e-08 to 2.3305778794329643e-08 seconds.
Warning: Simulation tolerance relaxed to achieve convergence from 2.3305778794329643e-08 to 2.3305778794427300e-08 seconds.
Warning: Simulation tolerance relaxed to achieve convergence from 2.3305778794427300e-08 to 2.3305778794524957e-08 seconds.
Warning: Simulation tolerance relaxed to achieve convergence from 2.3305778794524957e-08 to 2.3305778794622614e-08 seconds.
Warning: Simulation tolerance relaxed to achieve convergence from 2.3305778794622614e-08 to 2.3305778794720271e-08 seconds.
Warning: Simulation tolerance relaxed to achieve convergence from 2.3305778794720271e-08 to 2.3305778794817928e-08 seconds.
Warning: Simulation tolerance relaxed to achieve convergence from 2.3305778794817928e-08 to 2.3305778794915585e-08 seconds.
Warning: Simulation tolerance relaxed to achieve convergence from 2.3305778794915585e-08 to 2.3305778795013242e-08 seconds.
Warning: Simulation tolerance relaxed to achieve convergence from 2.3305778795013242e-08 to 2.3305778795110899e-08 seconds.
Warning: Simulation tolerance relaxed to achieve convergence from 2.3305778795110899e-08 to 2.3305778795208556e-08 seconds.
Warning: Simulation tolerance relaxed to achieve convergence from 2.3305778795208556e-08 to 2.3305778795306213e-08 seconds.
Warning: Simulation tolerance relaxed to achieve convergence from 2.3305778795306213e-08 to 2.3305778795403870e-08 seconds.
Warning: Simulation tolerance relaxed to achieve convergence from 2.3305778795403870e-08 to 2.3305778795501526e-08 seconds.
Warning: Simulation tolerance relaxed to achieve convergence from 2.3305778795501526e-08 to 2.3305778795599183e-08 seconds.
Warning: Simulation tolerance relaxed to achieve convergence from 2.3305778795599183e-08 to 2.3305778795696840e-08 seconds.
Warning: Simulation tolerance relaxed to achieve convergence from 2.3305778795696840e-08 to 2.3305778795794497e-08 seconds.
Warning: Simulation tolerance relaxed to achieve convergence from 2.3305778795794497e-08 to 2.3305778795892154e-08 seconds.
Warning: Simulation tolerance relaxed to achieve convergence from 2.3305778795892154e-08 to 2.3305778795989811e-08 seconds.
Warning: Simulation tolerance relaxed to achieve convergence from 2.3305778795989811e-08 to 2.3305778796087468e-08 seconds.
Warning: Simulation tolerance relaxed to achieve convergence from 2.3305778796087468e-08 to 2.3305778796185125e-08 seconds.
Warning: Simulation tolerance relaxed to achieve convergence from 2.3305778796185125e-08 to 2.3305778796282782e-08 seconds.
Warning: Simulation tolerance relaxed to achieve convergence from 2.3305778796282782e-08 to 2.3305778796380439e-08 seconds.
Warning: Simulation tolerance relaxed to achieve convergence from 2.3305778796380439e-08 to 2.3305778796478096e-08 seconds.
Warning: Simulation tolerance relaxed to achieve convergence from 2.3305778796478096e-08 to 2.3305778796575753e-08 seconds.
Warning: Simulation tolerance relaxed to achieve convergence from 2.3305778796575753e-08 to 2.3305778796673410e-08 seconds.
Warning: Simulation tolerance relaxed to achieve convergence from 2.3305778796673410e-08 to 2.3305778796771067e-08 seconds.
Warning: Simulation tolerance relaxed to achieve convergence from 2.3305778796771067e-08 to 2.3305778796868724e-08 seconds.
Warning: Simulation tolerance relaxed to achieve convergence from 2.3305778796868724e-08 to 2.3305778796966381e-08 seconds.
Warning: Simulation tolerance relaxed to achieve convergence from 2.3305778796966381e-08 to 2.3305778797064038e-08 seconds.
Warning: Simulation tolerance relaxed to achieve convergence from 2.3305778797064038e-08 to 2.3305778797161695e-08 seconds.
Warning: Simulation tolerance relaxed to achieve convergence from 2.3305778797161695e-08 to 2.3305778797259351e-08 seconds.
Warning: Simulation tolerance relaxed to achieve convergence from 2.3305778797259351e-08 to 2.3305778797357008e-08 seconds.
Warning: Simulation tolerance relaxed to achieve convergence from 2.3305778797357008e-08 to 2.3305778797454665e-08 seconds.
Warning: Simulation tolerance relaxed to achieve convergence from 2.3305778797454665e-08 to 2.3305778797552322e-08 seconds.
Warning: Simulation tolerance relaxed to achieve convergence from 2.3305778797552322e-08 to 2.3305778797649979e-08 seconds.
Warning: Simulation tolerance relaxed to achieve convergence from 2.3305778797649979e-08 to 2.3305778797747636e-08 seconds.
Warning: Simulation tolerance relaxed to achieve convergence from 2.3305778797747636e-08 to 2.3305778797845293e-08 seconds.
Warning: Simulation tolerance relaxed to achieve convergence from 2.3305778797845293e-08 to 2.3305778797942950e-08 seconds.
Warning: Simulation tolerance relaxed to achieve convergence from 2.3305778797942950e-08 to 2.3305778798040607e-08 seconds.
Warning: Simulation tolerance relaxed to achieve convergence from 2.3305778798040607e-08 to 2.3305778798138264e-08 seconds.
Warning: Simulation tolerance relaxed to achieve convergence from 2.3305778798138264e-08 to 2.3305778798235921e-08 seconds.
Warning: Simulation tolerance relaxed to achieve convergence from 2.3305778798235921e-08 to 2.3305778798333578e-08 seconds.
Warning: Simulation tolerance relaxed to achieve convergence from 2.3305778798333578e-08 to 2.3305778798431235e-08 seconds.
Warning: Simulation tolerance relaxed to achieve convergence from 2.3305778798431235e-08 to 2.3305778798528892e-08 seconds.
Warning: Simulation tolerance relaxed to achieve convergence from 2.3305778798528892e-08 to 2.3305778798626549e-08 seconds.
Warning: Simulation tolerance relaxed to achieve convergence from 2.3305778798626549e-08 to 2.3305778798724206e-08 seconds.
Warning: Simulation tolerance relaxed to achieve convergence from 2.3305778798724206e-08 to 2.3305778798821863e-08 seconds.
Warning: Simulation tolerance relaxed to achieve convergence from 2.3305778798821863e-08 to 2.3305778798919519e-08 seconds.
Warning: Simulation tolerance relaxed to achieve convergence from 2.3305778798919519e-08 to 2.3305778799017176e-08 seconds.
Warning: Simulation tolerance relaxed to achieve convergence from 2.3305778799017176e-08 to 2.3305778799114833e-08 seconds.
Warning: Simulation tolerance relaxed to achieve convergence from 2.3305778799114833e-08 to 2.3305778799212490e-08 seconds.
Warning: Simulation tolerance relaxed to achieve convergence from 2.3305778799212490e-08 to 2.3305778799310147e-08 seconds.
Warning: Simulation tolerance relaxed to achieve convergence from 2.3305778799310147e-08 to 2.3305778799407804e-08 seconds.
Warning: Simulation tolerance relaxed to achieve convergence from 2.3305778799407804e-08 to 2.3305778799505461e-08 seconds.
Warning: Simulation tolerance relaxed to achieve convergence from 2.3305778799505461e-08 to 2.3305778799603118e-08 seconds.
Warning: Simulation tolerance relaxed to achieve convergence from 2.3305778799603118e-08 to 2.3305778799700775e-08 seconds.
Warning: Simulation tolerance relaxed to achieve convergence from 2.3305778799700775e-08 to 2.3305778799798432e-08 seconds.
Warning: Simulation tolerance relaxed to achieve convergence from 2.3305778799798432e-08 to 2.3305778799896089e-08 seconds.
Warning: Simulation tolerance relaxed to achieve convergence from 2.3305778799896089e-08 to 2.3305778799993746e-08 seconds.
Warning: Simulation tolerance relaxed to achieve convergence from 2.3305778799993746e-08 to 2.3305778800091403e-08 seconds.
Warning: Simulation tolerance relaxed to achieve convergence from 2.3305778800091403e-08 to 2.3305778800189060e-08 seconds.
Warning: Simulation tolerance relaxed to achieve convergence from 2.3305778800189060e-08 to 2.3305778800286717e-08 seconds.
Warning: Simulation tolerance relaxed to achieve convergence from 2.3305778800286717e-08 to 2.3305778800384374e-08 seconds.
Warning: Simulation tolerance relaxed to achieve convergence from 2.3305778800384374e-08 to 2.3305778800482031e-08 seconds.
Warning: Simulation tolerance relaxed to achieve convergence from 2.3305778800482031e-08 to 2.3305778800579688e-08 seconds.
Warning: Simulation tolerance relaxed to achieve convergence from 2.3305778800579688e-08 to 2.3305778800677344e-08 seconds.
Warning: Simulation tolerance relaxed to achieve convergence from 2.3305778800677344e-08 to 2.3305778800775001e-08 seconds.
Warning: Simulation tolerance relaxed to achieve convergence from 2.3305778800775001e-08 to 2.3305778800872658e-08 seconds.
Warning: Simulation tolerance relaxed to achieve convergence from 2.3305778800872658e-08 to 2.3305778800970315e-08 seconds.
Warning: Simulation tolerance relaxed to achieve convergence from 2.3305778800970315e-08 to 2.3305778801067972e-08 seconds.
Warning: Simulation tolerance relaxed to achieve convergence from 2.3305778801067972e-08 to 2.3305778801165629e-08 seconds.
Warning: Simulation tolerance relaxed to achieve convergence from 2.3305778801165629e-08 to 2.3305778801263286e-08 seconds.
Warning: Simulation tolerance relaxed to achieve convergence from 2.3305778801263286e-08 to 2.3305778801360943e-08 seconds.
Warning: Simulation tolerance relaxed to achieve convergence from 2.3305778801360943e-08 to 2.3305778801458600e-08 seconds.
Warning: Simulation tolerance relaxed to achieve convergence from 2.3305778801458600e-08 to 2.3305778801556257e-08 seconds.
Warning: Simulation tolerance relaxed to achieve convergence from 2.3305778801556257e-08 to 2.3305778801653914e-08 seconds.
Warning: Simulation tolerance relaxed to achieve convergence from 2.3305778801653914e-08 to 2.3305778801751571e-08 seconds.
Warning: Simulation tolerance relaxed to achieve convergence from 2.3305778801751571e-08 to 2.3305778801849228e-08 seconds.
Warning: Simulation tolerance relaxed to achieve convergence from 2.3305778801849228e-08 to 2.3305778801946885e-08 seconds.
Warning: Simulation tolerance relaxed to achieve convergence from 2.3305778801946885e-08 to 2.3305778802044542e-08 seconds.
Warning: Simulation tolerance relaxed to achieve convergence from 2.3305778802044542e-08 to 2.3305778802142199e-08 seconds.
Warning: Simulation tolerance relaxed to achieve convergence from 2.3305778802142199e-08 to 2.3305778802239856e-08 seconds.
Warning: Simulation tolerance relaxed to achieve convergence from 2.3305778802239856e-08 to 2.3305778802337512e-08 seconds.
Warning: Simulation tolerance relaxed to achieve convergence from 2.3305778802337512e-08 to 2.3305778802435169e-08 seconds.
Warning: Simulation tolerance relaxed to achieve convergence from 2.3305778802435169e-08 to 2.3305778802532826e-08 seconds.
Warning: Simulation tolerance relaxed to achieve convergence from 2.3305778802532826e-08 to 2.3305778802630483e-08 seconds.
Warning: Simulation tolerance relaxed to achieve convergence from 2.3305778802630483e-08 to 2.3305778802728140e-08 seconds.
Warning: Simulation tolerance relaxed to achieve convergence from 2.3305778802728140e-08 to 2.3305778802825797e-08 seconds.
Warning: Simulation tolerance relaxed to achieve convergence from 2.3305778802825797e-08 to 2.3305778802923454e-08 seconds.
Warning: Simulation tolerance relaxed to achieve convergence from 2.3305778802923454e-08 to 2.3305778803021111e-08 seconds.
Warning: Simulation tolerance relaxed to achieve convergence from 2.3305778803021111e-08 to 2.3305778803118768e-08 seconds.
Warning: Simulation tolerance relaxed to achieve convergence from 2.3305778803118768e-08 to 2.3305778803216425e-08 seconds.
Warning: Simulation tolerance relaxed to achieve convergence from 2.3305778803216425e-08 to 2.3305778803314082e-08 seconds.
Warning: Simulation tolerance relaxed to achieve convergence from 2.3305778803314082e-08 to 2.3305778803411739e-08 seconds.
Warning: Simulation tolerance relaxed to achieve convergence from 2.3305778803411739e-08 to 2.3305778803509396e-08 seconds.
Warning: Simulation tolerance relaxed to achieve convergence from 2.3305778803509396e-08 to 2.3305778803607053e-08 seconds.
Warning: Simulation tolerance relaxed to achieve convergence from 2.3305778803607053e-08 to 2.3305778803704710e-08 seconds.
Warning: Simulation tolerance relaxed to achieve convergence from 2.3305778803704710e-08 to 2.3305778803802367e-08 seconds.
Warning: Simulation tolerance relaxed to achieve convergence from 2.3305778803802367e-08 to 2.3305778803900024e-08 seconds.
Warning: Simulation tolerance relaxed to achieve convergence from 2.3305778803900024e-08 to 2.3305778803997681e-08 seconds.
Warning: Simulation tolerance relaxed to achieve convergence from 2.3305778803997681e-08 to 2.3305778804095337e-08 seconds.
Warning: Simulation tolerance relaxed to achieve convergence from 2.3305778804095337e-08 to 2.3305778804192994e-08 seconds.
Warning: Simulation tolerance relaxed to achieve convergence from 2.3305778804192994e-08 to 2.3305778804290651e-08 seconds.
Warning: Simulation tolerance relaxed to achieve convergence from 2.3305778804290651e-08 to 2.3305778804388308e-08 seconds.
Warning: Simulation tolerance relaxed to achieve convergence from 2.3305778804388308e-08 to 2.3305778804485965e-08 seconds.
Warning: Simulation tolerance relaxed to achieve convergence from 2.3305778804485965e-08 to 2.3305778804583622e-08 seconds.
Warning: Simulation tolerance relaxed to achieve convergence from 2.3305778804583622e-08 to 2.3305778804681279e-08 seconds.
Warning: Simulation tolerance relaxed to achieve convergence from 2.3305778804681279e-08 to 2.3305778804778936e-08 seconds.
Warning: Simulation tolerance relaxed to achieve convergence from 2.3305778804778936e-08 to 2.3305778804876593e-08 seconds.
Warning: Simulation tolerance relaxed to achieve convergence from 2.3305778804876593e-08 to 2.3305778804974250e-08 seconds.
Warning: Simulation tolerance relaxed to achieve convergence from 2.3305778804974250e-08 to 2.3305778805071907e-08 seconds.
Warning: Simulation tolerance relaxed to achieve convergence from 2.3305778805071907e-08 to 2.3305778805169564e-08 seconds.
Warning: Simulation tolerance relaxed to achieve convergence from 2.3305778805169564e-08 to 2.3305778805267221e-08 seconds.
Warning: Simulation tolerance relaxed to achieve convergence from 2.3305778805267221e-08 to 2.3305778805364878e-08 seconds.
Warning: Simulation tolerance relaxed to achieve convergence from 2.3305778805364878e-08 to 2.3305778805462535e-08 seconds.
Warning: Simulation tolerance relaxed to achieve convergence from 2.3305778805462535e-08 to 2.3305778805560192e-08 seconds.
Warning: Simulation tolerance relaxed to achieve convergence from 2.3305778805560192e-08 to 2.3305778805657849e-08 seconds.
Warning: Simulation tolerance relaxed to achieve convergence from 2.3305778805657849e-08 to 2.3305778805755506e-08 seconds.
Warning: Simulation tolerance relaxed to achieve convergence from 2.3305778805755506e-08 to 2.3305778805853162e-08 seconds.
Warning: Simulation tolerance relaxed to achieve convergence from 2.3305778805853162e-08 to 2.3305778805950819e-08 seconds.
Warning: Simulation tolerance relaxed to achieve convergence from 2.3305778805950819e-08 to 2.3305778806048476e-08 seconds.
Warning: Simulation tolerance relaxed to achieve convergence from 2.3305778806048476e-08 to 2.3305778806146133e-08 seconds.
Warning: Simulation tolerance relaxed to achieve convergence from 2.3305778806146133e-08 to 2.3305778806243790e-08 seconds.
Warning: Simulation tolerance relaxed to achieve convergence from 2.3305778806243790e-08 to 2.3305778806341447e-08 seconds.
Warning: Simulation tolerance relaxed to achieve convergence from 2.3305778806341447e-08 to 2.3305778806439104e-08 seconds.
Warning: Simulation tolerance relaxed to achieve convergence from 2.3305778806439104e-08 to 2.3305778806536761e-08 seconds.
Warning: Simulation tolerance relaxed to achieve convergence from 2.3305778806536761e-08 to 2.3305778806634418e-08 seconds.
Warning: Simulation tolerance relaxed to achieve convergence from 2.3305778806634418e-08 to 2.3305778806732075e-08 seconds.
Warning: Simulation tolerance relaxed to achieve convergence from 2.3305778806732075e-08 to 2.3305778806829732e-08 seconds.
Warning: Simulation tolerance relaxed to achieve convergence from 2.3305778806829732e-08 to 2.3305778806927389e-08 seconds.
Warning: Simulation tolerance relaxed to achieve convergence from 2.3305778806927389e-08 to 2.3305778807025046e-08 seconds.
Warning: Simulation tolerance relaxed to achieve convergence from 2.3305778807025046e-08 to 2.3305778807122703e-08 seconds.
Warning: Simulation tolerance relaxed to achieve convergence from 2.3305778807122703e-08 to 2.3305778807220360e-08 seconds.
Warning: Simulation tolerance relaxed to achieve convergence from 2.3305778807220360e-08 to 2.3305778807318017e-08 seconds.
Warning: Simulation tolerance relaxed to achieve convergence from 2.3305778807318017e-08 to 2.3305778807415674e-08 seconds.
Warning: Simulation tolerance relaxed to achieve convergence from 2.3305778807415674e-08 to 2.3305778807513330e-08 seconds.
Warning: Simulation tolerance relaxed to achieve convergence from 2.3305778807513330e-08 to 2.3305778807610987e-08 seconds.
Warning: Simulation tolerance relaxed to achieve convergence from 2.3305778807610987e-08 to 2.3305778807708644e-08 seconds.
Warning: Simulation tolerance relaxed to achieve convergence from 2.3305778807708644e-08 to 2.3305778807806301e-08 seconds.
Warning: Simulation tolerance relaxed to achieve convergence from 2.3305778807806301e-08 to 2.3305778807903958e-08 seconds.
Warning: Simulation tolerance relaxed to achieve convergence from 2.3305778807903958e-08 to 2.3305778808001615e-08 seconds.
Warning: Simulation tolerance relaxed to achieve convergence from 2.3305778808001615e-08 to 2.3305778808099272e-08 seconds.
Warning: Simulation tolerance relaxed to achieve convergence from 2.3305778808099272e-08 to 2.3305778808196929e-08 seconds.
Warning: Simulation tolerance relaxed to achieve convergence from 2.3305778808196929e-08 to 2.3305778808294586e-08 seconds.
Warning: Simulation tolerance relaxed to achieve convergence from 2.3305778808294586e-08 to 2.3305778808392243e-08 seconds.
Warning: Simulation tolerance relaxed to achieve convergence from 2.3305778808392243e-08 to 2.3305778808489900e-08 seconds.
Warning: Simulation tolerance relaxed to achieve convergence from 2.3305778808489900e-08 to 2.3305778808587557e-08 seconds.
Warning: Simulation tolerance relaxed to achieve convergence from 2.3305778808587557e-08 to 2.3305778808685214e-08 seconds.
Warning: Simulation tolerance relaxed to achieve convergence from 2.3305778808685214e-08 to 2.3305778808782871e-08 seconds.
Warning: Simulation tolerance relaxed to achieve convergence from 2.3305778808782871e-08 to 2.3305778808880528e-08 seconds.
Warning: Simulation tolerance relaxed to achieve convergence from 2.3305778808880528e-08 to 2.3305778808978185e-08 seconds.
Warning: Simulation tolerance relaxed to achieve convergence from 2.3305778808978185e-08 to 2.3305778809075842e-08 seconds.
Warning: Simulation tolerance relaxed to achieve convergence from 2.3305778809075842e-08 to 2.3305778809173499e-08 seconds.
Warning: Simulation tolerance relaxed to achieve convergence from 2.3305778809173499e-08 to 2.3305778809271155e-08 seconds.
Warning: Simulation tolerance relaxed to achieve convergence from 2.3305778809271155e-08 to 2.3305778809368812e-08 seconds.
Warning: Simulation tolerance relaxed to achieve convergence from 2.3305778809368812e-08 to 2.3305778809466469e-08 seconds.
Warning: Simulation tolerance relaxed to achieve convergence from 2.3305778809466469e-08 to 2.3305778809564126e-08 seconds.
Warning: Simulation tolerance relaxed to achieve convergence from 2.3305778809564126e-08 to 2.3305778809661783e-08 seconds.
Warning: Simulation tolerance relaxed to achieve convergence from 2.3305778809661783e-08 to 2.3305778809759440e-08 seconds.
Warning: Simulation tolerance relaxed to achieve convergence from 2.3305778809759440e-08 to 2.3305778809857097e-08 seconds.
Warning: Simulation tolerance relaxed to achieve convergence from 2.3305778809857097e-08 to 2.3305778809954754e-08 seconds.
Warning: Simulation tolerance relaxed to achieve convergence from 2.3305778809954754e-08 to 2.3305778810052411e-08 seconds.
Warning: Simulation tolerance relaxed to achieve convergence from 2.3305778810052411e-08 to 2.3305778810150068e-08 seconds.
Warning: Simulation tolerance relaxed to achieve convergence from 2.3305778810150068e-08 to 2.3305778810247725e-08 seconds.
Warning: Simulation tolerance relaxed to achieve convergence from 2.3305778810247725e-08 to 2.3305778810345382e-08 seconds.
Warning: Simulation tolerance relaxed to achieve convergence from 2.3305778810345382e-08 to 2.3305778810443039e-08 seconds.
Warning: Simulation tolerance relaxed to achieve convergence from 2.3305778810443039e-08 to 2.3305778810540696e-08 seconds.
Warning: Simulation tolerance relaxed to achieve convergence from 2.3305778810540696e-08 to 2.3305778810638353e-08 seconds.
Warning: Simulation tolerance relaxed to achieve convergence from 2.3305778810638353e-08 to 2.3305778810736010e-08 seconds.
Warning: Simulation tolerance relaxed to achieve convergence from 2.3305778810736010e-08 to 2.3305778810833667e-08 seconds.
Warning: Simulation tolerance relaxed to achieve convergence from 2.3305778810833667e-08 to 2.3305778810931323e-08 seconds.
Warning: Simulation tolerance relaxed to achieve convergence from 2.3305778810931323e-08 to 2.3305778811028980e-08 seconds.
Warning: Simulation tolerance relaxed to achieve convergence from 2.3305778811028980e-08 to 2.3305778811126637e-08 seconds.
Warning: Simulation tolerance relaxed to achieve convergence from 2.3305778811126637e-08 to 2.3305778811224294e-08 seconds.
Warning: Simulation tolerance relaxed to achieve convergence from 2.3305778811224294e-08 to 2.3305778811321951e-08 seconds.
Warning: Simulation tolerance relaxed to achieve convergence from 2.3305778811321951e-08 to 2.3305778811419608e-08 seconds.
Warning: Simulation tolerance relaxed to achieve convergence from 2.3305778811419608e-08 to 2.3305778811517265e-08 seconds.
Warning: Simulation tolerance relaxed to achieve convergence from 2.3305778811517265e-08 to 2.3305778811614922e-08 seconds.
Warning: Simulation tolerance relaxed to achieve convergence from 2.3305778811614922e-08 to 2.3305778811712579e-08 seconds.
Warning: Simulation tolerance relaxed to achieve convergence from 2.3305778811712579e-08 to 2.3305778811810236e-08 seconds.
Warning: Simulation tolerance relaxed to achieve convergence from 2.3305778811810236e-08 to 2.3305778811907893e-08 seconds.
Warning: Simulation tolerance relaxed to achieve convergence from 2.3305778811907893e-08 to 2.3305778812005550e-08 seconds.
Warning: Simulation tolerance relaxed to achieve convergence from 2.3305778812005550e-08 to 2.3305778812103207e-08 seconds.
Warning: Simulation tolerance relaxed to achieve convergence from 2.3305778812103207e-08 to 2.3305778812200864e-08 seconds.
Warning: Simulation tolerance relaxed to achieve convergence from 2.3305778812200864e-08 to 2.3305778812298521e-08 seconds.
Warning: Simulation tolerance relaxed to achieve convergence from 2.3305778812298521e-08 to 2.3305778812396178e-08 seconds.
Warning: Simulation tolerance relaxed to achieve convergence from 2.3305778812396178e-08 to 2.3305778812493835e-08 seconds.
Warning: Simulation tolerance relaxed to achieve convergence from 2.3305778812493835e-08 to 2.3305778812591492e-08 seconds.
Warning: Simulation tolerance relaxed to achieve convergence from 2.3305778812591492e-08 to 2.3305778812689148e-08 seconds.
Warning: Simulation tolerance relaxed to achieve convergence from 2.3305778812689148e-08 to 2.3305778812786805e-08 seconds.
Warning: Simulation tolerance relaxed to achieve convergence from 2.3305778812786805e-08 to 2.3305778812884462e-08 seconds.
Warning: Simulation tolerance relaxed to achieve convergence from 2.3305778812884462e-08 to 2.3305778812982119e-08 seconds.
Warning: Simulation tolerance relaxed to achieve convergence from 2.3305778812982119e-08 to 2.3305778813079776e-08 seconds.
Warning: Simulation tolerance relaxed to achieve convergence from 2.3305778813079776e-08 to 2.3305778813177433e-08 seconds.
Warning: Simulation tolerance relaxed to achieve convergence from 2.3305778813177433e-08 to 2.3305778813275090e-08 seconds.
Warning: Simulation tolerance relaxed to achieve convergence from 2.3305778813275090e-08 to 2.3305778813372747e-08 seconds.
Warning: Simulation tolerance relaxed to achieve convergence from 2.3305778813372747e-08 to 2.3305778813470404e-08 seconds.
Warning: Simulation tolerance relaxed to achieve convergence from 2.3305778813470404e-08 to 2.3305778813568061e-08 seconds.
Warning: Simulation tolerance relaxed to achieve convergence from 2.3305778813568061e-08 to 2.3305778813665718e-08 seconds.
Warning: Simulation tolerance relaxed to achieve convergence from 2.3305778813665718e-08 to 2.3305778813763375e-08 seconds.
Warning: Simulation tolerance relaxed to achieve convergence from 2.3305778813763375e-08 to 2.3305778813861032e-08 seconds.
Warning: Simulation tolerance relaxed to achieve convergence from 2.3305778813861032e-08 to 2.3305778813958689e-08 seconds.
Warning: Simulation tolerance relaxed to achieve convergence from 2.3305778813958689e-08 to 2.3305778814056346e-08 seconds.
Warning: Simulation tolerance relaxed to achieve convergence from 2.3305778814056346e-08 to 2.3305778814154003e-08 seconds.
Warning: Simulation tolerance relaxed to achieve convergence from 2.3305778814154003e-08 to 2.3305778814251660e-08 seconds.
Warning: Simulation tolerance relaxed to achieve convergence from 2.3305778814251660e-08 to 2.3305778814349316e-08 seconds.
Warning: Simulation tolerance relaxed to achieve convergence from 2.3305778814349316e-08 to 2.3305778814446973e-08 seconds.
Warning: Simulation tolerance relaxed to achieve convergence from 2.3305778814446973e-08 to 2.3305778814544630e-08 seconds.
Warning: Simulation tolerance relaxed to achieve convergence from 2.3305778814544630e-08 to 2.3305778814642287e-08 seconds.
Warning: Simulation tolerance relaxed to achieve convergence from 2.3305778814642287e-08 to 2.3305778814739944e-08 seconds.
Warning: Simulation tolerance relaxed to achieve convergence from 2.3305778814739944e-08 to 2.3305778814837601e-08 seconds.
Warning: Simulation tolerance relaxed to achieve convergence from 2.3305778814837601e-08 to 2.3305778814935258e-08 seconds.
Warning: Simulation tolerance relaxed to achieve convergence from 2.3305778814935258e-08 to 2.3305778815032915e-08 seconds.
Warning: Simulation tolerance relaxed to achieve convergence from 2.3305778815032915e-08 to 2.3305778815130572e-08 seconds.
Warning: Simulation tolerance relaxed to achieve convergence from 2.3305778815130572e-08 to 2.3305778815228229e-08 seconds.
Warning: Simulation tolerance relaxed to achieve convergence from 2.3305778815228229e-08 to 2.3305778815325886e-08 seconds.
Warning: Simulation tolerance relaxed to achieve convergence from 2.3305778815325886e-08 to 2.3305778815423543e-08 seconds.
Warning: Simulation tolerance relaxed to achieve convergence from 2.3305778815423543e-08 to 2.3305778815521200e-08 seconds.
Warning: Simulation tolerance relaxed to achieve convergence from 2.5094264793618898e-08 to 2.5094264793716555e-08 seconds.
Warning: Simulation tolerance relaxed to achieve convergence from 2.9305778779556374e-08 to 2.9305778779654031e-08 seconds.
Warning: Simulation tolerance relaxed to achieve convergence from 2.9305778779654031e-08 to 2.9305778779751687e-08 seconds.
Warning: Simulation tolerance relaxed to achieve convergence from 2.9305778779751687e-08 to 2.9305778779849344e-08 seconds.
Warning: Simulation tolerance relaxed to achieve convergence from 2.9305778779849344e-08 to 2.9305778779947001e-08 seconds.
Warning: Simulation tolerance relaxed to achieve convergence from 2.9305778779947001e-08 to 2.9305778780044658e-08 seconds.
Warning: Simulation tolerance relaxed to achieve convergence from 2.9305778780044658e-08 to 2.9305778780142315e-08 seconds.
Warning: Simulation tolerance relaxed to achieve convergence from 2.9305778780142315e-08 to 2.9305778780239972e-08 seconds.
Warning: Simulation tolerance relaxed to achieve convergence from 2.9305778780239972e-08 to 2.9305778780337629e-08 seconds.
Warning: Simulation tolerance relaxed to achieve convergence from 2.9305778780337629e-08 to 2.9305778780435286e-08 seconds.
Warning: Simulation tolerance relaxed to achieve convergence from 2.9305778780435286e-08 to 2.9305778780532943e-08 seconds.
Warning: Simulation tolerance relaxed to achieve convergence from 2.9305778780532943e-08 to 2.9305778780630600e-08 seconds.
Warning: Simulation tolerance relaxed to achieve convergence from 2.9305778780630600e-08 to 2.9305778780728257e-08 seconds.
Warning: Simulation tolerance relaxed to achieve convergence from 2.9305778780728257e-08 to 2.9305778780825914e-08 seconds.
Warning: Simulation tolerance relaxed to achieve convergence from 2.9305778780825914e-08 to 2.9305778780923571e-08 seconds.
Warning: Simulation tolerance relaxed to achieve convergence from 2.9305778780923571e-08 to 2.9305778781021228e-08 seconds.
Warning: Simulation tolerance relaxed to achieve convergence from 2.9305778781021228e-08 to 2.9305778781118885e-08 seconds.
Warning: Simulation tolerance relaxed to achieve convergence from 2.9305778781118885e-08 to 2.9305778781216542e-08 seconds.
Warning: Simulation tolerance relaxed to achieve convergence from 2.9305778781216542e-08 to 2.9305778781314199e-08 seconds.
Warning: Simulation tolerance relaxed to achieve convergence from 2.9305778781314199e-08 to 2.9305778781411855e-08 seconds.
Warning: Simulation tolerance relaxed to achieve convergence from 2.9305778781411855e-08 to 2.9305778781509512e-08 seconds.
Warning: Simulation tolerance relaxed to achieve convergence from 2.9305778781509512e-08 to 2.9305778781607169e-08 seconds.
Warning: Simulation tolerance relaxed to achieve convergence from 2.9305778781607169e-08 to 2.9305778781704826e-08 seconds.
Warning: Simulation tolerance relaxed to achieve convergence from 2.9305778781704826e-08 to 2.9305778781802483e-08 seconds.
Warning: Simulation tolerance relaxed to achieve convergence from 2.9305778781802483e-08 to 2.9305778781900140e-08 seconds.
Warning: Simulation tolerance relaxed to achieve convergence from 2.9305778781900140e-08 to 2.9305778781997797e-08 seconds.
Warning: Simulation tolerance relaxed to achieve convergence from 2.9305778781997797e-08 to 2.9305778782095454e-08 seconds.
Warning: Simulation tolerance relaxed to achieve convergence from 2.9305778782095454e-08 to 2.9305778782193111e-08 seconds.
Warning: Simulation tolerance relaxed to achieve convergence from 2.9305778782193111e-08 to 2.9305778782290768e-08 seconds.
Warning: Simulation tolerance relaxed to achieve convergence from 2.9305778782290768e-08 to 2.9305778782388425e-08 seconds.
Warning: Simulation tolerance relaxed to achieve convergence from 2.9305778782388425e-08 to 2.9305778782486082e-08 seconds.
Warning: Simulation tolerance relaxed to achieve convergence from 2.9305778782486082e-08 to 2.9305778782583739e-08 seconds.
Warning: Simulation tolerance relaxed to achieve convergence from 2.9305778782583739e-08 to 2.9305778782681396e-08 seconds.
Warning: Simulation tolerance relaxed to achieve convergence from 2.9305778782681396e-08 to 2.9305778782779053e-08 seconds.
Warning: Simulation tolerance relaxed to achieve convergence from 2.9305778782779053e-08 to 2.9305778782876710e-08 seconds.
Warning: Simulation tolerance relaxed to achieve convergence from 2.9305778782876710e-08 to 2.9305778782974367e-08 seconds.
Warning: Simulation tolerance relaxed to achieve convergence from 2.9305778782974367e-08 to 2.9305778783072024e-08 seconds.
Warning: Simulation tolerance relaxed to achieve convergence from 2.9305778783072024e-08 to 2.9305778783169680e-08 seconds.
Warning: Simulation tolerance relaxed to achieve convergence from 2.9305778783169680e-08 to 2.9305778783267337e-08 seconds.
Warning: Simulation tolerance relaxed to achieve convergence from 2.9305778783267337e-08 to 2.9305778783364994e-08 seconds.
Warning: Simulation tolerance relaxed to achieve convergence from 2.9305778783364994e-08 to 2.9305778783462651e-08 seconds.
Warning: Simulation tolerance relaxed to achieve convergence from 2.9305778783462651e-08 to 2.9305778783560308e-08 seconds.
Warning: Simulation tolerance relaxed to achieve convergence from 2.9305778783560308e-08 to 2.9305778783657965e-08 seconds.
Warning: Simulation tolerance relaxed to achieve convergence from 2.9305778783657965e-08 to 2.9305778783755622e-08 seconds.
Warning: Simulation tolerance relaxed to achieve convergence from 2.9305778783755622e-08 to 2.9305778783853279e-08 seconds.
Warning: Simulation tolerance relaxed to achieve convergence from 2.9305778783853279e-08 to 2.9305778783950936e-08 seconds.
Warning: Simulation tolerance relaxed to achieve convergence from 2.9305778783950936e-08 to 2.9305778784048593e-08 seconds.
Warning: Simulation tolerance relaxed to achieve convergence from 2.9305778784048593e-08 to 2.9305778784146250e-08 seconds.
Warning: Simulation tolerance relaxed to achieve convergence from 2.9305778784146250e-08 to 2.9305778784243907e-08 seconds.
Warning: Simulation tolerance relaxed to achieve convergence from 2.9305778784243907e-08 to 2.9305778784341564e-08 seconds.
Warning: Simulation tolerance relaxed to achieve convergence from 2.9305778784341564e-08 to 2.9305778784439221e-08 seconds.
Warning: Simulation tolerance relaxed to achieve convergence from 2.9305778784439221e-08 to 2.9305778784536878e-08 seconds.
Warning: Simulation tolerance relaxed to achieve convergence from 2.9305778784536878e-08 to 2.9305778784634535e-08 seconds.
Warning: Simulation tolerance relaxed to achieve convergence from 2.9305778784634535e-08 to 2.9305778784732192e-08 seconds.
Warning: Simulation tolerance relaxed to achieve convergence from 2.9305778784732192e-08 to 2.9305778784829848e-08 seconds.
Warning: Simulation tolerance relaxed to achieve convergence from 2.9305778784829848e-08 to 2.9305778784927505e-08 seconds.
Warning: Simulation tolerance relaxed to achieve convergence from 2.9305778784927505e-08 to 2.9305778785025162e-08 seconds.
Warning: Simulation tolerance relaxed to achieve convergence from 2.9305778785025162e-08 to 2.9305778785122819e-08 seconds.
Warning: Simulation tolerance relaxed to achieve convergence from 2.9305778785122819e-08 to 2.9305778785220476e-08 seconds.
Warning: Simulation tolerance relaxed to achieve convergence from 2.9305778785220476e-08 to 2.9305778785318133e-08 seconds.
Warning: Simulation tolerance relaxed to achieve convergence from 2.9305778785318133e-08 to 2.9305778785415790e-08 seconds.
Warning: Simulation tolerance relaxed to achieve convergence from 2.9305778785415790e-08 to 2.9305778785513447e-08 seconds.
Warning: Simulation tolerance relaxed to achieve convergence from 2.9305778785513447e-08 to 2.9305778785611104e-08 seconds.
Warning: Simulation tolerance relaxed to achieve convergence from 2.9305778785611104e-08 to 2.9305778785708761e-08 seconds.
Warning: Simulation tolerance relaxed to achieve convergence from 2.9305778785708761e-08 to 2.9305778785806418e-08 seconds.
Warning: Simulation tolerance relaxed to achieve convergence from 2.9305778785806418e-08 to 2.9305778785904075e-08 seconds.
Warning: Simulation tolerance relaxed to achieve convergence from 2.9305778785904075e-08 to 2.9305778786001732e-08 seconds.
Warning: Simulation tolerance relaxed to achieve convergence from 2.9305778786001732e-08 to 2.9305778786099389e-08 seconds.
Warning: Simulation tolerance relaxed to achieve convergence from 2.9305778786099389e-08 to 2.9305778786197046e-08 seconds.
Warning: Simulation tolerance relaxed to achieve convergence from 2.9305778786197046e-08 to 2.9305778786294703e-08 seconds.
Warning: Simulation tolerance relaxed to achieve convergence from 2.9305778786294703e-08 to 2.9305778786392360e-08 seconds.
Warning: Simulation tolerance relaxed to achieve convergence from 2.9305778786392360e-08 to 2.9305778786490017e-08 seconds.
Warning: Simulation tolerance relaxed to achieve convergence from 2.9305778786490017e-08 to 2.9305778786587673e-08 seconds.
Warning: Simulation tolerance relaxed to achieve convergence from 2.9305778786587673e-08 to 2.9305778786685330e-08 seconds.
Warning: Simulation tolerance relaxed to achieve convergence from 2.9305778786685330e-08 to 2.9305778786782987e-08 seconds.
Warning: Simulation tolerance relaxed to achieve convergence from 2.9305778786782987e-08 to 2.9305778786880644e-08 seconds.
Warning: Simulation tolerance relaxed to achieve convergence from 2.9305778786880644e-08 to 2.9305778786978301e-08 seconds.
Warning: Simulation tolerance relaxed to achieve convergence from 2.9305778786978301e-08 to 2.9305778787075958e-08 seconds.
Warning: Simulation tolerance relaxed to achieve convergence from 2.9305778787075958e-08 to 2.9305778787173615e-08 seconds.
Warning: Simulation tolerance relaxed to achieve convergence from 2.9305778787173615e-08 to 2.9305778787271272e-08 seconds.
Warning: Simulation tolerance relaxed to achieve convergence from 2.9305778787271272e-08 to 2.9305778787368929e-08 seconds.
Warning: Simulation tolerance relaxed to achieve convergence from 2.9305778787368929e-08 to 2.9305778787466586e-08 seconds.
Warning: Simulation tolerance relaxed to achieve convergence from 2.9305778787466586e-08 to 2.9305778787564243e-08 seconds.
Warning: Simulation tolerance relaxed to achieve convergence from 2.9305778787564243e-08 to 2.9305778787661900e-08 seconds.
Warning: Simulation tolerance relaxed to achieve convergence from 2.9305778787661900e-08 to 2.9305778787759557e-08 seconds.
Warning: Simulation tolerance relaxed to achieve convergence from 2.9305778787759557e-08 to 2.9305778787857214e-08 seconds.
Warning: Simulation tolerance relaxed to achieve convergence from 2.9305778787857214e-08 to 2.9305778787954871e-08 seconds.
Warning: Simulation tolerance relaxed to achieve convergence from 2.9305778787954871e-08 to 2.9305778788052528e-08 seconds.
Warning: Simulation tolerance relaxed to achieve convergence from 2.9305778788052528e-08 to 2.9305778788150185e-08 seconds.
Warning: Simulation tolerance relaxed to achieve convergence from 2.9305778788150185e-08 to 2.9305778788247842e-08 seconds.
Warning: Simulation tolerance relaxed to achieve convergence from 2.9305778788247842e-08 to 2.9305778788345498e-08 seconds.
Warning: Simulation tolerance relaxed to achieve convergence from 2.9305778788345498e-08 to 2.9305778788443155e-08 seconds.
Warning: Simulation tolerance relaxed to achieve convergence from 2.9305778788443155e-08 to 2.9305778788540812e-08 seconds.
Warning: Simulation tolerance relaxed to achieve convergence from 2.9305778788540812e-08 to 2.9305778788638469e-08 seconds.
Warning: Simulation tolerance relaxed to achieve convergence from 2.9305778788638469e-08 to 2.9305778788736126e-08 seconds.
Warning: Simulation tolerance relaxed to achieve convergence from 2.9305778788736126e-08 to 2.9305778788833783e-08 seconds.
Warning: Simulation tolerance relaxed to achieve convergence from 2.9305778788833783e-08 to 2.9305778788931440e-08 seconds.
Warning: Simulation tolerance relaxed to achieve convergence from 2.9305778788931440e-08 to 2.9305778789029097e-08 seconds.
Warning: Simulation tolerance relaxed to achieve convergence from 2.9305778789029097e-08 to 2.9305778789126754e-08 seconds.
Warning: Simulation tolerance relaxed to achieve convergence from 2.9305778789126754e-08 to 2.9305778789224411e-08 seconds.
Warning: Simulation tolerance relaxed to achieve convergence from 2.9305778789224411e-08 to 2.9305778789322068e-08 seconds.
Warning: Simulation tolerance relaxed to achieve convergence from 2.9305778789322068e-08 to 2.9305778789419725e-08 seconds.
Warning: Simulation tolerance relaxed to achieve convergence from 2.9305778789419725e-08 to 2.9305778789517382e-08 seconds.
Warning: Simulation tolerance relaxed to achieve convergence from 2.9305778789517382e-08 to 2.9305778789615039e-08 seconds.
Warning: Simulation tolerance relaxed to achieve convergence from 2.9305778789615039e-08 to 2.9305778789712696e-08 seconds.
Warning: Simulation tolerance relaxed to achieve convergence from 2.9305778789712696e-08 to 2.9305778789810353e-08 seconds.
Warning: Simulation tolerance relaxed to achieve convergence from 2.9305778789810353e-08 to 2.9305778789908010e-08 seconds.
Warning: Simulation tolerance relaxed to achieve convergence from 2.9305778789908010e-08 to 2.9305778790005666e-08 seconds.
Warning: Simulation tolerance relaxed to achieve convergence from 2.9305778790005666e-08 to 2.9305778790103323e-08 seconds.
Warning: Simulation tolerance relaxed to achieve convergence from 2.9305778790103323e-08 to 2.9305778790200980e-08 seconds.
Warning: Simulation tolerance relaxed to achieve convergence from 2.9305778790200980e-08 to 2.9305778790298637e-08 seconds.
Warning: Simulation tolerance relaxed to achieve convergence from 2.9305778790298637e-08 to 2.9305778790396294e-08 seconds.
Warning: Simulation tolerance relaxed to achieve convergence from 2.9305778790396294e-08 to 2.9305778790493951e-08 seconds.
Warning: Simulation tolerance relaxed to achieve convergence from 2.9305778790493951e-08 to 2.9305778790591608e-08 seconds.
Warning: Simulation tolerance relaxed to achieve convergence from 2.9305778790591608e-08 to 2.9305778790689265e-08 seconds.
Warning: Simulation tolerance relaxed to achieve convergence from 2.9305778790689265e-08 to 2.9305778790786922e-08 seconds.
Warning: Simulation tolerance relaxed to achieve convergence from 2.9305778790786922e-08 to 2.9305778790884579e-08 seconds.
Warning: Simulation tolerance relaxed to achieve convergence from 2.9305778790884579e-08 to 2.9305778790982236e-08 seconds.
Warning: Simulation tolerance relaxed to achieve convergence from 2.9305778790982236e-08 to 2.9305778791079893e-08 seconds.
Warning: Simulation tolerance relaxed to achieve convergence from 2.9305778791079893e-08 to 2.9305778791177550e-08 seconds.
Warning: Simulation tolerance relaxed to achieve convergence from 2.9305778791177550e-08 to 2.9305778791275207e-08 seconds.
Warning: Simulation tolerance relaxed to achieve convergence from 2.9305778791275207e-08 to 2.9305778791372864e-08 seconds.
Warning: Simulation tolerance relaxed to achieve convergence from 2.9305778791372864e-08 to 2.9305778791470521e-08 seconds.
Warning: Simulation tolerance relaxed to achieve convergence from 2.9305778791470521e-08 to 2.9305778791568178e-08 seconds.
Warning: Simulation tolerance relaxed to achieve convergence from 2.9305778791568178e-08 to 2.9305778791665835e-08 seconds.
Warning: Simulation tolerance relaxed to achieve convergence from 2.9305778791665835e-08 to 2.9305778791763491e-08 seconds.
Warning: Simulation tolerance relaxed to achieve convergence from 2.9305778791763491e-08 to 2.9305778791861148e-08 seconds.
Warning: Simulation tolerance relaxed to achieve convergence from 2.9305778791861148e-08 to 2.9305778791958805e-08 seconds.
Warning: Simulation tolerance relaxed to achieve convergence from 2.9305778791958805e-08 to 2.9305778792056462e-08 seconds.
Warning: Simulation tolerance relaxed to achieve convergence from 2.9305778792056462e-08 to 2.9305778792154119e-08 seconds.
Warning: Simulation tolerance relaxed to achieve convergence from 2.9305778792154119e-08 to 2.9305778792251776e-08 seconds.
Warning: Simulation tolerance relaxed to achieve convergence from 2.9305778792251776e-08 to 2.9305778792349433e-08 seconds.
Warning: Simulation tolerance relaxed to achieve convergence from 2.9305778792349433e-08 to 2.9305778792447090e-08 seconds.
Warning: Simulation tolerance relaxed to achieve convergence from 2.9305778792447090e-08 to 2.9305778792544747e-08 seconds.
Warning: Simulation tolerance relaxed to achieve convergence from 2.9305778792544747e-08 to 2.9305778792642404e-08 seconds.
Warning: Simulation tolerance relaxed to achieve convergence from 2.9305778792642404e-08 to 2.9305778792740061e-08 seconds.
Warning: Simulation tolerance relaxed to achieve convergence from 2.9305778792740061e-08 to 2.9305778792837718e-08 seconds.
Warning: Simulation tolerance relaxed to achieve convergence from 2.9305778792837718e-08 to 2.9305778792935375e-08 seconds.
Warning: Simulation tolerance relaxed to achieve convergence from 2.9305778792935375e-08 to 2.9305778793033032e-08 seconds.
Warning: Simulation tolerance relaxed to achieve convergence from 2.9305778793033032e-08 to 2.9305778793130689e-08 seconds.
Warning: Simulation tolerance relaxed to achieve convergence from 2.9305778793130689e-08 to 2.9305778793228346e-08 seconds.
Warning: Simulation tolerance relaxed to achieve convergence from 2.9305778793228346e-08 to 2.9305778793326003e-08 seconds.
Warning: Simulation tolerance relaxed to achieve convergence from 2.9305778793326003e-08 to 2.9305778793423659e-08 seconds.
Warning: Simulation tolerance relaxed to achieve convergence from 2.9305778793423659e-08 to 2.9305778793521316e-08 seconds.
Warning: Simulation tolerance relaxed to achieve convergence from 2.9305778793521316e-08 to 2.9305778793618973e-08 seconds.
Warning: Simulation tolerance relaxed to achieve convergence from 2.9305778793618973e-08 to 2.9305778793716630e-08 seconds.
Warning: Simulation tolerance relaxed to achieve convergence from 2.9305778793716630e-08 to 2.9305778793814287e-08 seconds.
Warning: Simulation tolerance relaxed to achieve convergence from 2.9305778793814287e-08 to 2.9305778793911944e-08 seconds.
Warning: Simulation tolerance relaxed to achieve convergence from 2.9305778793911944e-08 to 2.9305778794009601e-08 seconds.
Warning: Simulation tolerance relaxed to achieve convergence from 2.9305778794009601e-08 to 2.9305778794107258e-08 seconds.
Warning: Simulation tolerance relaxed to achieve convergence from 2.9305778794107258e-08 to 2.9305778794204915e-08 seconds.
Warning: Simulation tolerance relaxed to achieve convergence from 2.9305778794204915e-08 to 2.9305778794302572e-08 seconds.
Warning: Simulation tolerance relaxed to achieve convergence from 2.9305778794302572e-08 to 2.9305778794400229e-08 seconds.
Warning: Simulation tolerance relaxed to achieve convergence from 2.9305778794400229e-08 to 2.9305778794497886e-08 seconds.
Warning: Simulation tolerance relaxed to achieve convergence from 2.9305778794497886e-08 to 2.9305778794595543e-08 seconds.
Warning: Simulation tolerance relaxed to achieve convergence from 2.9305778794595543e-08 to 2.9305778794693200e-08 seconds.
Warning: Simulation tolerance relaxed to achieve convergence from 2.9305778794693200e-08 to 2.9305778794790857e-08 seconds.
Warning: Simulation tolerance relaxed to achieve convergence from 2.9305778794790857e-08 to 2.9305778794888514e-08 seconds.
Warning: Simulation tolerance relaxed to achieve convergence from 2.9305778794888514e-08 to 2.9305778794986171e-08 seconds.
Warning: Simulation tolerance relaxed to achieve convergence from 2.9305778794986171e-08 to 2.9305778795083828e-08 seconds.
Warning: Simulation tolerance relaxed to achieve convergence from 2.9305778795083828e-08 to 2.9305778795181484e-08 seconds.
Warning: Simulation tolerance relaxed to achieve convergence from 2.9305778795181484e-08 to 2.9305778795279141e-08 seconds.
Warning: Simulation tolerance relaxed to achieve convergence from 2.9305778795279141e-08 to 2.9305778795376798e-08 seconds.
Warning: Simulation tolerance relaxed to achieve convergence from 2.9305778795376798e-08 to 2.9305778795474455e-08 seconds.
Warning: Simulation tolerance relaxed to achieve convergence from 2.9305778795474455e-08 to 2.9305778795572112e-08 seconds.
Warning: Simulation tolerance relaxed to achieve convergence from 2.9305778795572112e-08 to 2.9305778795669769e-08 seconds.
Warning: Simulation tolerance relaxed to achieve convergence from 2.9305778795669769e-08 to 2.9305778795767426e-08 seconds.
Warning: Simulation tolerance relaxed to achieve convergence from 2.9305778795767426e-08 to 2.9305778795865083e-08 seconds.
Warning: Simulation tolerance relaxed to achieve convergence from 2.9305778795865083e-08 to 2.9305778795962740e-08 seconds.
Warning: Simulation tolerance relaxed to achieve convergence from 2.9305778795962740e-08 to 2.9305778796060397e-08 seconds.
Warning: Simulation tolerance relaxed to achieve convergence from 2.9305778796060397e-08 to 2.9305778796158054e-08 seconds.
Warning: Simulation tolerance relaxed to achieve convergence from 2.9305778796158054e-08 to 2.9305778796255711e-08 seconds.
Warning: Simulation tolerance relaxed to achieve convergence from 2.9305778796255711e-08 to 2.9305778796353368e-08 seconds.
Warning: Simulation tolerance relaxed to achieve convergence from 2.9305778796353368e-08 to 2.9305778796451025e-08 seconds.
Warning: Simulation tolerance relaxed to achieve convergence from 2.9305778796451025e-08 to 2.9305778796548682e-08 seconds.
Warning: Simulation tolerance relaxed to achieve convergence from 2.9305778796548682e-08 to 2.9305778796646339e-08 seconds.
Warning: Simulation tolerance relaxed to achieve convergence from 2.9305778796646339e-08 to 2.9305778796743996e-08 seconds.
Warning: Simulation tolerance relaxed to achieve convergence from 2.9305778796743996e-08 to 2.9305778796841653e-08 seconds.
Warning: Simulation tolerance relaxed to achieve convergence from 2.9305778796841653e-08 to 2.9305778796939309e-08 seconds.
Warning: Simulation tolerance relaxed to achieve convergence from 2.9305778796939309e-08 to 2.9305778797036966e-08 seconds.
Warning: Simulation tolerance relaxed to achieve convergence from 2.9305778797036966e-08 to 2.9305778797134623e-08 seconds.
Warning: Simulation tolerance relaxed to achieve convergence from 2.9305778797134623e-08 to 2.9305778797232280e-08 seconds.
Warning: Simulation tolerance relaxed to achieve convergence from 2.9305778797232280e-08 to 2.9305778797329937e-08 seconds.
Warning: Simulation tolerance relaxed to achieve convergence from 2.9305778797329937e-08 to 2.9305778797427594e-08 seconds.
Warning: Simulation tolerance relaxed to achieve convergence from 2.9305778797427594e-08 to 2.9305778797525251e-08 seconds.
Warning: Simulation tolerance relaxed to achieve convergence from 2.9305778797525251e-08 to 2.9305778797622908e-08 seconds.
Warning: Simulation tolerance relaxed to achieve convergence from 2.9305778797622908e-08 to 2.9305778797720565e-08 seconds.
Warning: Simulation tolerance relaxed to achieve convergence from 2.9305778797720565e-08 to 2.9305778797818222e-08 seconds.
Warning: Simulation tolerance relaxed to achieve convergence from 2.9305778797818222e-08 to 2.9305778797915879e-08 seconds.
Warning: Simulation tolerance relaxed to achieve convergence from 2.9305778797915879e-08 to 2.9305778798013536e-08 seconds.
Warning: Simulation tolerance relaxed to achieve convergence from 2.9305778798013536e-08 to 2.9305778798111193e-08 seconds.
Warning: Simulation tolerance relaxed to achieve convergence from 2.9305778798111193e-08 to 2.9305778798208850e-08 seconds.
Warning: Simulation tolerance relaxed to achieve convergence from 2.9305778798208850e-08 to 2.9305778798306507e-08 seconds.
Warning: Simulation tolerance relaxed to achieve convergence from 2.9305778798306507e-08 to 2.9305778798404164e-08 seconds.
Warning: Simulation tolerance relaxed to achieve convergence from 2.9305778798404164e-08 to 2.9305778798501821e-08 seconds.
Warning: Simulation tolerance relaxed to achieve convergence from 2.9305778798501821e-08 to 2.9305778798599477e-08 seconds.
Warning: Simulation tolerance relaxed to achieve convergence from 2.9305778798599477e-08 to 2.9305778798697134e-08 seconds.
Warning: Simulation tolerance relaxed to achieve convergence from 2.9305778798697134e-08 to 2.9305778798794791e-08 seconds.
Warning: Simulation tolerance relaxed to achieve convergence from 2.9305778798794791e-08 to 2.9305778798892448e-08 seconds.
Warning: Simulation tolerance relaxed to achieve convergence from 3.5305778779518063e-08 to 3.5305778779615716e-08 seconds.
Warning: Simulation tolerance relaxed to achieve convergence from 3.5305778779615716e-08 to 3.5305778779713370e-08 seconds.
Warning: Simulation tolerance relaxed to achieve convergence from 3.5305778779713370e-08 to 3.5305778779811024e-08 seconds.
Warning: Simulation tolerance relaxed to achieve convergence from 3.5305778779811024e-08 to 3.5305778779908677e-08 seconds.
Warning: Simulation tolerance relaxed to achieve convergence from 3.5305778779908677e-08 to 3.5305778780006331e-08 seconds.
Warning: Simulation tolerance relaxed to achieve convergence from 3.5305778780006331e-08 to 3.5305778780103984e-08 seconds.
Warning: Simulation tolerance relaxed to achieve convergence from 3.5305778780103984e-08 to 3.5305778780201638e-08 seconds.
Warning: Simulation tolerance relaxed to achieve convergence from 3.5305778780201638e-08 to 3.5305778780299292e-08 seconds.
Warning: Simulation tolerance relaxed to achieve convergence from 3.5305778780299292e-08 to 3.5305778780396945e-08 seconds.
Warning: Simulation tolerance relaxed to achieve convergence from 3.5305778780396945e-08 to 3.5305778780494599e-08 seconds.
Warning: Simulation tolerance relaxed to achieve convergence from 3.5305778780494599e-08 to 3.5305778780592253e-08 seconds.
Warning: Simulation tolerance relaxed to achieve convergence from 3.5305778780592253e-08 to 3.5305778780689906e-08 seconds.
Warning: Simulation tolerance relaxed to achieve convergence from 3.5305778780689906e-08 to 3.5305778780787560e-08 seconds.
Warning: Simulation tolerance relaxed to achieve convergence from 3.5305778780787560e-08 to 3.5305778780885214e-08 seconds.
Warning: Simulation tolerance relaxed to achieve convergence from 3.5305778780885214e-08 to 3.5305778780982867e-08 seconds.
Warning: Simulation tolerance relaxed to achieve convergence from 3.5305778780982867e-08 to 3.5305778781080521e-08 seconds.
Warning: Simulation tolerance relaxed to achieve convergence from 3.5305778781080521e-08 to 3.5305778781178174e-08 seconds.
Warning: Simulation tolerance relaxed to achieve convergence from 3.5305778781178174e-08 to 3.5305778781275828e-08 seconds.
Warning: Simulation tolerance relaxed to achieve convergence from 3.5305778781275828e-08 to 3.5305778781373482e-08 seconds.
Warning: Simulation tolerance relaxed to achieve convergence from 3.5305778781373482e-08 to 3.5305778781471135e-08 seconds.
Warning: Simulation tolerance relaxed to achieve convergence from 3.5305778781471135e-08 to 3.5305778781568789e-08 seconds.
Warning: Simulation tolerance relaxed to achieve convergence from 3.5305778781568789e-08 to 3.5305778781666443e-08 seconds.
Warning: Simulation tolerance relaxed to achieve convergence from 3.5305778781666443e-08 to 3.5305778781764096e-08 seconds.
Warning: Simulation tolerance relaxed to achieve convergence from 3.5305778781764096e-08 to 3.5305778781861750e-08 seconds.
Warning: Simulation tolerance relaxed to achieve convergence from 3.5305778781861750e-08 to 3.5305778781959404e-08 seconds.
Warning: Simulation tolerance relaxed to achieve convergence from 3.5305778781959404e-08 to 3.5305778782057057e-08 seconds.
Warning: Simulation tolerance relaxed to achieve convergence from 3.5305778782057057e-08 to 3.5305778782154711e-08 seconds.
Warning: Simulation tolerance relaxed to achieve convergence from 3.5305778782154711e-08 to 3.5305778782252364e-08 seconds.
Warning: Simulation tolerance relaxed to achieve convergence from 3.5305778782252364e-08 to 3.5305778782350018e-08 seconds.
Warning: Simulation tolerance relaxed to achieve convergence from 3.5305778782350018e-08 to 3.5305778782447672e-08 seconds.
Warning: Simulation tolerance relaxed to achieve convergence from 3.5305778782447672e-08 to 3.5305778782545325e-08 seconds.
Warning: Simulation tolerance relaxed to achieve convergence from 3.5305778782545325e-08 to 3.5305778782642979e-08 seconds.
Warning: Simulation tolerance relaxed to achieve convergence from 3.5305778782642979e-08 to 3.5305778782740633e-08 seconds.
Warning: Simulation tolerance relaxed to achieve convergence from 3.5305778782740633e-08 to 3.5305778782838286e-08 seconds.
Warning: Simulation tolerance relaxed to achieve convergence from 3.5305778782838286e-08 to 3.5305778782935940e-08 seconds.
Warning: Simulation tolerance relaxed to achieve convergence from 3.5305778782935940e-08 to 3.5305778783033593e-08 seconds.
Warning: Simulation tolerance relaxed to achieve convergence from 3.5305778783033593e-08 to 3.5305778783131247e-08 seconds.
Warning: Simulation tolerance relaxed to achieve convergence from 3.5305778783131247e-08 to 3.5305778783228901e-08 seconds.
Warning: Simulation tolerance relaxed to achieve convergence from 3.5305778783228901e-08 to 3.5305778783326554e-08 seconds.
Warning: Simulation tolerance relaxed to achieve convergence from 3.5305778783326554e-08 to 3.5305778783424208e-08 seconds.
Warning: Simulation tolerance relaxed to achieve convergence from 3.5305778783424208e-08 to 3.5305778783521862e-08 seconds.
Warning: Simulation tolerance relaxed to achieve convergence from 3.5305778783521862e-08 to 3.5305778783619515e-08 seconds.
Warning: Simulation tolerance relaxed to achieve convergence from 3.5305778783619515e-08 to 3.5305778783717169e-08 seconds.
Warning: Simulation tolerance relaxed to achieve convergence from 3.5305778783717169e-08 to 3.5305778783814823e-08 seconds.
Warning: Simulation tolerance relaxed to achieve convergence from 3.5305778783814823e-08 to 3.5305778783912476e-08 seconds.
Warning: Simulation tolerance relaxed to achieve convergence from 3.5305778783912476e-08 to 3.5305778784010130e-08 seconds.
Warning: Simulation tolerance relaxed to achieve convergence from 3.5305778784010130e-08 to 3.5305778784107783e-08 seconds.
Warning: Simulation tolerance relaxed to achieve convergence from 3.5305778784107783e-08 to 3.5305778784205437e-08 seconds.
Warning: Simulation tolerance relaxed to achieve convergence from 3.5305778784205437e-08 to 3.5305778784303091e-08 seconds.
Warning: Simulation tolerance relaxed to achieve convergence from 3.5305778784303091e-08 to 3.5305778784400744e-08 seconds.
Warning: Simulation tolerance relaxed to achieve convergence from 3.5305778784400744e-08 to 3.5305778784498398e-08 seconds.
Warning: Simulation tolerance relaxed to achieve convergence from 3.5305778784498398e-08 to 3.5305778784596052e-08 seconds.
Warning: Simulation tolerance relaxed to achieve convergence from 3.5305778784596052e-08 to 3.5305778784693705e-08 seconds.
Warning: Simulation tolerance relaxed to achieve convergence from 3.5305778784693705e-08 to 3.5305778784791359e-08 seconds.
Warning: Simulation tolerance relaxed to achieve convergence from 3.5305778784791359e-08 to 3.5305778784889013e-08 seconds.
Warning: Simulation tolerance relaxed to achieve convergence from 3.5305778784889013e-08 to 3.5305778784986666e-08 seconds.
Warning: Simulation tolerance relaxed to achieve convergence from 3.5305778784986666e-08 to 3.5305778785084320e-08 seconds.
Warning: Simulation tolerance relaxed to achieve convergence from 3.5305778785084320e-08 to 3.5305778785181973e-08 seconds.
Warning: Simulation tolerance relaxed to achieve convergence from 3.5305778785181973e-08 to 3.5305778785279627e-08 seconds.
Warning: Simulation tolerance relaxed to achieve convergence from 3.5305778785279627e-08 to 3.5305778785377281e-08 seconds.
Warning: Simulation tolerance relaxed to achieve convergence from 3.5305778785377281e-08 to 3.5305778785474934e-08 seconds.
Warning: Simulation tolerance relaxed to achieve convergence from 3.5305778785474934e-08 to 3.5305778785572588e-08 seconds.
Warning: Simulation tolerance relaxed to achieve convergence from 3.5305778785572588e-08 to 3.5305778785670242e-08 seconds.
Warning: Simulation tolerance relaxed to achieve convergence from 3.5305778785670242e-08 to 3.5305778785767895e-08 seconds.
Warning: Simulation tolerance relaxed to achieve convergence from 3.5305778785767895e-08 to 3.5305778785865549e-08 seconds.
Warning: Simulation tolerance relaxed to achieve convergence from 3.5305778785865549e-08 to 3.5305778785963203e-08 seconds.
Warning: Simulation tolerance relaxed to achieve convergence from 3.5305778785963203e-08 to 3.5305778786060856e-08 seconds.
Warning: Simulation tolerance relaxed to achieve convergence from 3.5305778786060856e-08 to 3.5305778786158510e-08 seconds.
Warning: Simulation tolerance relaxed to achieve convergence from 3.5305778786158510e-08 to 3.5305778786256163e-08 seconds.
Warning: Simulation tolerance relaxed to achieve convergence from 3.5305778786256163e-08 to 3.5305778786353817e-08 seconds.
Warning: Simulation tolerance relaxed to achieve convergence from 3.5305778786353817e-08 to 3.5305778786451471e-08 seconds.
Warning: Simulation tolerance relaxed to achieve convergence from 3.5305778786451471e-08 to 3.5305778786549124e-08 seconds.
Warning: Simulation tolerance relaxed to achieve convergence from 3.5305778786549124e-08 to 3.5305778786646778e-08 seconds.
Warning: Simulation tolerance relaxed to achieve convergence from 3.5305778786646778e-08 to 3.5305778786744432e-08 seconds.
Warning: Simulation tolerance relaxed to achieve convergence from 3.5305778786744432e-08 to 3.5305778786842085e-08 seconds.
Warning: Simulation tolerance relaxed to achieve convergence from 3.5305778786842085e-08 to 3.5305778786939739e-08 seconds.
Warning: Simulation tolerance relaxed to achieve convergence from 3.5305778786939739e-08 to 3.5305778787037393e-08 seconds.
Warning: Simulation tolerance relaxed to achieve convergence from 3.5305778787037393e-08 to 3.5305778787135046e-08 seconds.
Warning: Simulation tolerance relaxed to achieve convergence from 3.5305778787135046e-08 to 3.5305778787232700e-08 seconds.
Warning: Simulation tolerance relaxed to achieve convergence from 3.5305778787232700e-08 to 3.5305778787330353e-08 seconds.
Warning: Simulation tolerance relaxed to achieve convergence from 3.5305778787330353e-08 to 3.5305778787428007e-08 seconds.
Warning: Simulation tolerance relaxed to achieve convergence from 3.5305778787428007e-08 to 3.5305778787525661e-08 seconds.
Warning: Simulation tolerance relaxed to achieve convergence from 3.5305778787525661e-08 to 3.5305778787623314e-08 seconds.
Warning: Simulation tolerance relaxed to achieve convergence from 3.5305778787623314e-08 to 3.5305778787720968e-08 seconds.
Warning: Simulation tolerance relaxed to achieve convergence from 3.5305778787720968e-08 to 3.5305778787818622e-08 seconds.
Warning: Simulation tolerance relaxed to achieve convergence from 3.5305778787818622e-08 to 3.5305778787916275e-08 seconds.
Warning: Simulation tolerance relaxed to achieve convergence from 3.5305778787916275e-08 to 3.5305778788013929e-08 seconds.
Warning: Simulation tolerance relaxed to achieve convergence from 3.5305778788013929e-08 to 3.5305778788111582e-08 seconds.
Warning: Simulation tolerance relaxed to achieve convergence from 3.5305778788111582e-08 to 3.5305778788209236e-08 seconds.
Warning: Simulation tolerance relaxed to achieve convergence from 3.5305778788209236e-08 to 3.5305778788306890e-08 seconds.
Warning: Simulation tolerance relaxed to achieve convergence from 3.5305778788306890e-08 to 3.5305778788404543e-08 seconds.
Warning: Simulation tolerance relaxed to achieve convergence from 3.5305778788404543e-08 to 3.5305778788502197e-08 seconds.
Warning: Simulation tolerance relaxed to achieve convergence from 3.5305778788502197e-08 to 3.5305778788599851e-08 seconds.
Warning: Simulation tolerance relaxed to achieve convergence from 3.5305778788599851e-08 to 3.5305778788697504e-08 seconds.
Warning: Simulation tolerance relaxed to achieve convergence from 3.5305778788697504e-08 to 3.5305778788795158e-08 seconds.
Warning: Simulation tolerance relaxed to achieve convergence from 3.5305778788795158e-08 to 3.5305778788892812e-08 seconds.
Warning: Simulation tolerance relaxed to achieve convergence from 3.5305778788892812e-08 to 3.5305778788990465e-08 seconds.
Warning: Simulation tolerance relaxed to achieve convergence from 3.5305778788990465e-08 to 3.5305778789088119e-08 seconds.
Warning: Simulation tolerance relaxed to achieve convergence from 3.5305778789088119e-08 to 3.5305778789185772e-08 seconds.
Warning: Simulation tolerance relaxed to achieve convergence from 3.5305778789185772e-08 to 3.5305778789283426e-08 seconds.
Warning: Simulation tolerance relaxed to achieve convergence from 3.5305778789283426e-08 to 3.5305778789381080e-08 seconds.
Warning: Simulation tolerance relaxed to achieve convergence from 3.5305778789381080e-08 to 3.5305778789478733e-08 seconds.
Warning: Simulation tolerance relaxed to achieve convergence from 3.5305778789478733e-08 to 3.5305778789576387e-08 seconds.
Warning: Simulation tolerance relaxed to achieve convergence from 3.5305778789576387e-08 to 3.5305778789674041e-08 seconds.
Warning: Simulation tolerance relaxed to achieve convergence from 3.5305778789674041e-08 to 3.5305778789771694e-08 seconds.
Warning: Simulation tolerance relaxed to achieve convergence from 3.5305778789771694e-08 to 3.5305778789869348e-08 seconds.
Warning: Simulation tolerance relaxed to achieve convergence from 3.5305778789869348e-08 to 3.5305778789967002e-08 seconds.
Warning: Simulation tolerance relaxed to achieve convergence from 3.5305778789967002e-08 to 3.5305778790064655e-08 seconds.
Warning: Simulation tolerance relaxed to achieve convergence from 3.5305778790064655e-08 to 3.5305778790162309e-08 seconds.
Warning: Simulation tolerance relaxed to achieve convergence from 3.5305778790162309e-08 to 3.5305778790259962e-08 seconds.
Warning: Simulation tolerance relaxed to achieve convergence from 3.5305778790259962e-08 to 3.5305778790357616e-08 seconds.
Warning: Simulation tolerance relaxed to achieve convergence from 3.5305778790357616e-08 to 3.5305778790455270e-08 seconds.
Warning: Simulation tolerance relaxed to achieve convergence from 3.5305778790455270e-08 to 3.5305778790552923e-08 seconds.
Warning: Simulation tolerance relaxed to achieve convergence from 3.5305778790552923e-08 to 3.5305778790650577e-08 seconds.
Warning: Simulation tolerance relaxed to achieve convergence from 3.5305778790650577e-08 to 3.5305778790748231e-08 seconds.
Warning: Simulation tolerance relaxed to achieve convergence from 3.5305778790748231e-08 to 3.5305778790845884e-08 seconds.
Warning: Simulation tolerance relaxed to achieve convergence from 3.5305778790845884e-08 to 3.5305778790943538e-08 seconds.
Warning: Simulation tolerance relaxed to achieve convergence from 3.5305778790943538e-08 to 3.5305778791041192e-08 seconds.
Warning: Simulation tolerance relaxed to achieve convergence from 3.5305778791041192e-08 to 3.5305778791138845e-08 seconds.
Warning: Simulation tolerance relaxed to achieve convergence from 3.5305778791138845e-08 to 3.5305778791236499e-08 seconds.
Warning: Simulation tolerance relaxed to achieve convergence from 3.5305778791236499e-08 to 3.5305778791334152e-08 seconds.
Warning: Simulation tolerance relaxed to achieve convergence from 3.5305778791334152e-08 to 3.5305778791431806e-08 seconds.
Warning: Simulation tolerance relaxed to achieve convergence from 3.5305778791431806e-08 to 3.5305778791529460e-08 seconds.
Warning: Simulation tolerance relaxed to achieve convergence from 3.5305778791529460e-08 to 3.5305778791627113e-08 seconds.
Warning: Simulation tolerance relaxed to achieve convergence from 3.5305778791627113e-08 to 3.5305778791724767e-08 seconds.
Warning: Simulation tolerance relaxed to achieve convergence from 3.5305778791724767e-08 to 3.5305778791822421e-08 seconds.
Warning: Simulation tolerance relaxed to achieve convergence from 3.5305778791822421e-08 to 3.5305778791920074e-08 seconds.
Warning: Simulation tolerance relaxed to achieve convergence from 3.5305778791920074e-08 to 3.5305778792017728e-08 seconds.
Warning: Simulation tolerance relaxed to achieve convergence from 3.5305778792017728e-08 to 3.5305778792115381e-08 seconds.
Warning: Simulation tolerance relaxed to achieve convergence from 3.5305778792115381e-08 to 3.5305778792213035e-08 seconds.
Warning: Simulation tolerance relaxed to achieve convergence from 3.5305778792213035e-08 to 3.5305778792310689e-08 seconds.
Warning: Simulation tolerance relaxed to achieve convergence from 3.5305778792310689e-08 to 3.5305778792408342e-08 seconds.
Warning: Simulation tolerance relaxed to achieve convergence from 3.5305778792408342e-08 to 3.5305778792505996e-08 seconds.
Warning: Simulation tolerance relaxed to achieve convergence from 3.5305778792505996e-08 to 3.5305778792603650e-08 seconds.
Warning: Simulation tolerance relaxed to achieve convergence from 3.5305778792603650e-08 to 3.5305778792701303e-08 seconds.
Warning: Simulation tolerance relaxed to achieve convergence from 3.5305778792701303e-08 to 3.5305778792798957e-08 seconds.
Warning: Simulation tolerance relaxed to achieve convergence from 3.5305778792798957e-08 to 3.5305778792896611e-08 seconds.
Warning: Simulation tolerance relaxed to achieve convergence from 3.5305778792896611e-08 to 3.5305778792994264e-08 seconds.
Warning: Simulation tolerance relaxed to achieve convergence from 3.5305778792994264e-08 to 3.5305778793091918e-08 seconds.
Warning: Simulation tolerance relaxed to achieve convergence from 3.5305778793091918e-08 to 3.5305778793189571e-08 seconds.
Warning: Simulation tolerance relaxed to achieve convergence from 3.5305778793189571e-08 to 3.5305778793287225e-08 seconds.
Warning: Simulation tolerance relaxed to achieve convergence from 3.5305778793287225e-08 to 3.5305778793384879e-08 seconds.
Warning: Simulation tolerance relaxed to achieve convergence from 3.5305778793384879e-08 to 3.5305778793482532e-08 seconds.
Warning: Simulation tolerance relaxed to achieve convergence from 3.5305778793482532e-08 to 3.5305778793580186e-08 seconds.
Warning: Simulation tolerance relaxed to achieve convergence from 3.5305778793580186e-08 to 3.5305778793677840e-08 seconds.
Warning: Simulation tolerance relaxed to achieve convergence from 3.5305778793677840e-08 to 3.5305778793775493e-08 seconds.
Warning: Simulation tolerance relaxed to achieve convergence from 3.5305778793775493e-08 to 3.5305778793873147e-08 seconds.
Warning: Simulation tolerance relaxed to achieve convergence from 3.5305778793873147e-08 to 3.5305778793970801e-08 seconds.
Warning: Simulation tolerance relaxed to achieve convergence from 3.5305778793970801e-08 to 3.5305778794068454e-08 seconds.
Warning: Simulation tolerance relaxed to achieve convergence from 3.5305778794068454e-08 to 3.5305778794166108e-08 seconds.
Warning: Simulation tolerance relaxed to achieve convergence from 3.5305778794166108e-08 to 3.5305778794263761e-08 seconds.
Warning: Simulation tolerance relaxed to achieve convergence from 3.5305778794263761e-08 to 3.5305778794361415e-08 seconds.
Warning: Simulation tolerance relaxed to achieve convergence from 3.5305778794361415e-08 to 3.5305778794459069e-08 seconds.
Warning: Simulation tolerance relaxed to achieve convergence from 3.5305778794459069e-08 to 3.5305778794556722e-08 seconds.
Warning: Simulation tolerance relaxed to achieve convergence from 3.5305778794556722e-08 to 3.5305778794654376e-08 seconds.
Warning: Simulation tolerance relaxed to achieve convergence from 3.5305778794654376e-08 to 3.5305778794752030e-08 seconds.
Warning: Simulation tolerance relaxed to achieve convergence from 3.5305778794752030e-08 to 3.5305778794849683e-08 seconds.
Warning: Simulation tolerance relaxed to achieve convergence from 3.5305778794849683e-08 to 3.5305778794947337e-08 seconds.
Warning: Simulation tolerance relaxed to achieve convergence from 3.5305778794947337e-08 to 3.5305778795044991e-08 seconds.
Warning: Simulation tolerance relaxed to achieve convergence from 3.5305778795044991e-08 to 3.5305778795142644e-08 seconds.
Warning: Simulation tolerance relaxed to achieve convergence from 3.5305778795142644e-08 to 3.5305778795240298e-08 seconds.
Warning: Simulation tolerance relaxed to achieve convergence from 3.5305778795240298e-08 to 3.5305778795337951e-08 seconds.
Warning: Simulation tolerance relaxed to achieve convergence from 3.5305778795337951e-08 to 3.5305778795435605e-08 seconds.
Warning: Simulation tolerance relaxed to achieve convergence from 3.5305778795435605e-08 to 3.5305778795533259e-08 seconds.
Warning: Simulation tolerance relaxed to achieve convergence from 3.5305778795533259e-08 to 3.5305778795630912e-08 seconds.
Warning: Simulation tolerance relaxed to achieve convergence from 3.5305778795630912e-08 to 3.5305778795728566e-08 seconds.
Warning: Simulation tolerance relaxed to achieve convergence from 3.5305778795728566e-08 to 3.5305778795826220e-08 seconds.
Warning: Simulation tolerance relaxed to achieve convergence from 3.5305778795826220e-08 to 3.5305778795923873e-08 seconds.
Warning: Simulation tolerance relaxed to achieve convergence from 3.5305778795923873e-08 to 3.5305778796021527e-08 seconds.
Warning: Simulation tolerance relaxed to achieve convergence from 3.5305778796021527e-08 to 3.5305778796119181e-08 seconds.
Warning: Simulation tolerance relaxed to achieve convergence from 3.5305778796119181e-08 to 3.5305778796216834e-08 seconds.
Warning: Simulation tolerance relaxed to achieve convergence from 3.5305778796216834e-08 to 3.5305778796314488e-08 seconds.
Warning: Simulation tolerance relaxed to achieve convergence from 3.5305778796314488e-08 to 3.5305778796412141e-08 seconds.
Warning: Simulation tolerance relaxed to achieve convergence from 3.5305778796412141e-08 to 3.5305778796509795e-08 seconds.
Warning: Simulation tolerance relaxed to achieve convergence from 3.5305778796509795e-08 to 3.5305778796607449e-08 seconds.
Warning: Simulation tolerance relaxed to achieve convergence from 3.5305778796607449e-08 to 3.5305778796705102e-08 seconds.
Warning: Simulation tolerance relaxed to achieve convergence from 3.5305778796705102e-08 to 3.5305778796802756e-08 seconds.
Warning: Simulation tolerance relaxed to achieve convergence from 3.5305778796802756e-08 to 3.5305778796900410e-08 seconds.
Warning: Simulation tolerance relaxed to achieve convergence from 3.5305778796900410e-08 to 3.5305778796998063e-08 seconds.
Warning: Simulation tolerance relaxed to achieve convergence from 3.5305778796998063e-08 to 3.5305778797095717e-08 seconds.
Warning: Simulation tolerance relaxed to achieve convergence from 3.5305778797095717e-08 to 3.5305778797193370e-08 seconds.
Warning: Simulation tolerance relaxed to achieve convergence from 3.5305778797193370e-08 to 3.5305778797291024e-08 seconds.
Warning: Simulation tolerance relaxed to achieve convergence from 3.5305778797291024e-08 to 3.5305778797388678e-08 seconds.
Warning: Simulation tolerance relaxed to achieve convergence from 3.5305778797388678e-08 to 3.5305778797486331e-08 seconds.
Warning: Simulation tolerance relaxed to achieve convergence from 3.5305778797486331e-08 to 3.5305778797583985e-08 seconds.
Warning: Simulation tolerance relaxed to achieve convergence from 3.5305778797583985e-08 to 3.5305778797681639e-08 seconds.
Warning: Simulation tolerance relaxed to achieve convergence from 3.5305778797681639e-08 to 3.5305778797779292e-08 seconds.
Warning: Simulation tolerance relaxed to achieve convergence from 3.5305778797779292e-08 to 3.5305778797876946e-08 seconds.
Warning: Simulation tolerance relaxed to achieve convergence from 3.5305778797876946e-08 to 3.5305778797974600e-08 seconds.
Warning: Simulation tolerance relaxed to achieve convergence from 3.5305778797974600e-08 to 3.5305778798072253e-08 seconds.
Warning: Simulation tolerance relaxed to achieve convergence from 3.5305778798072253e-08 to 3.5305778798169907e-08 seconds.
Warning: Simulation tolerance relaxed to achieve convergence from 3.5305778798169907e-08 to 3.5305778798267560e-08 seconds.
Warning: Simulation tolerance relaxed to achieve convergence from 3.5305778798267560e-08 to 3.5305778798365214e-08 seconds.
Warning: Simulation tolerance relaxed to achieve convergence from 3.5305778798365214e-08 to 3.5305778798462868e-08 seconds.
Warning: Simulation tolerance relaxed to achieve convergence from 3.5305778798462868e-08 to 3.5305778798560521e-08 seconds.
Warning: Simulation tolerance relaxed to achieve convergence from 3.5305778798560521e-08 to 3.5305778798658175e-08 seconds.
Warning: Simulation tolerance relaxed to achieve convergence from 3.5305778798658175e-08 to 3.5305778798755829e-08 seconds.
Warning: Simulation tolerance relaxed to achieve convergence from 3.5305778798755829e-08 to 3.5305778798853482e-08 seconds.
Warning: Simulation tolerance relaxed to achieve convergence from 3.5305778798853482e-08 to 3.5305778798951136e-08 seconds.
Warning: Simulation tolerance relaxed to achieve convergence from 3.5305778798951136e-08 to 3.5305778799048790e-08 seconds.
Warning: Simulation tolerance relaxed to achieve convergence from 3.5305778799048790e-08 to 3.5305778799146443e-08 seconds.
Warning: Simulation tolerance relaxed to achieve convergence from 3.5305778799146443e-08 to 3.5305778799244097e-08 seconds.
Warning: Simulation tolerance relaxed to achieve convergence from 3.5305778799244097e-08 to 3.5305778799341750e-08 seconds.
Warning: Simulation tolerance relaxed to achieve convergence from 3.5305778799341750e-08 to 3.5305778799439404e-08 seconds.
Warning: Simulation tolerance relaxed to achieve convergence from 3.5305778799439404e-08 to 3.5305778799537058e-08 seconds.
Warning: Simulation tolerance relaxed to achieve convergence from 3.5305778799537058e-08 to 3.5305778799634711e-08 seconds.
Warning: Simulation tolerance relaxed to achieve convergence from 3.5305778799634711e-08 to 3.5305778799732365e-08 seconds.
Warning: Simulation tolerance relaxed to achieve convergence from 3.5305778799732365e-08 to 3.5305778799830019e-08 seconds.
Warning: Simulation tolerance relaxed to achieve convergence from 3.5305778799830019e-08 to 3.5305778799927672e-08 seconds.
Warning: Simulation tolerance relaxed to achieve convergence from 3.5305778799927672e-08 to 3.5305778800025326e-08 seconds.
Warning: Simulation tolerance relaxed to achieve convergence from 3.5305778800025326e-08 to 3.5305778800122980e-08 seconds.
Warning: Simulation tolerance relaxed to achieve convergence from 3.5305778800122980e-08 to 3.5305778800220633e-08 seconds.
Warning: Simulation tolerance relaxed to achieve convergence from 3.5305778800220633e-08 to 3.5305778800318287e-08 seconds.
Warning: Simulation tolerance relaxed to achieve convergence from 3.5305778800318287e-08 to 3.5305778800415940e-08 seconds.
Warning: Simulation tolerance relaxed to achieve convergence from 3.5305778800415940e-08 to 3.5305778800513594e-08 seconds.
Warning: Simulation tolerance relaxed to achieve convergence from 3.5305778800513594e-08 to 3.5305778800611248e-08 seconds.
Warning: Simulation tolerance relaxed to achieve convergence from 3.5305778800611248e-08 to 3.5305778800708901e-08 seconds.
Warning: Simulation tolerance relaxed to achieve convergence from 3.5305778800708901e-08 to 3.5305778800806555e-08 seconds.
Warning: Simulation tolerance relaxed to achieve convergence from 3.5305778800806555e-08 to 3.5305778800904209e-08 seconds.
Warning: Simulation tolerance relaxed to achieve convergence from 3.5305778800904209e-08 to 3.5305778801001862e-08 seconds.
Warning: Simulation tolerance relaxed to achieve convergence from 3.5305778801001862e-08 to 3.5305778801099516e-08 seconds.
Warning: Simulation tolerance relaxed to achieve convergence from 3.5305778801099516e-08 to 3.5305778801197169e-08 seconds.
Warning: Simulation tolerance relaxed to achieve convergence from 3.5305778801197169e-08 to 3.5305778801294823e-08 seconds.
Warning: Simulation tolerance relaxed to achieve convergence from 3.5305778801294823e-08 to 3.5305778801392477e-08 seconds.
Warning: Simulation tolerance relaxed to achieve convergence from 3.5305778801392477e-08 to 3.5305778801490130e-08 seconds.
Warning: Simulation tolerance relaxed to achieve convergence from 3.5305778801490130e-08 to 3.5305778801587784e-08 seconds.
Warning: Simulation tolerance relaxed to achieve convergence from 3.5305778801587784e-08 to 3.5305778801685438e-08 seconds.
Warning: Simulation tolerance relaxed to achieve convergence from 3.5305778801685438e-08 to 3.5305778801783091e-08 seconds.
Warning: Simulation tolerance relaxed to achieve convergence from 3.5305778801783091e-08 to 3.5305778801880745e-08 seconds.
Warning: Simulation tolerance relaxed to achieve convergence from 3.5305778801880745e-08 to 3.5305778801978399e-08 seconds.
Warning: Simulation tolerance relaxed to achieve convergence from 3.5305778801978399e-08 to 3.5305778802076052e-08 seconds.
Warning: Simulation tolerance relaxed to achieve convergence from 3.5305778802076052e-08 to 3.5305778802173706e-08 seconds.
Warning: Simulation tolerance relaxed to achieve convergence from 3.5305778802173706e-08 to 3.5305778802271359e-08 seconds.
Warning: Simulation tolerance relaxed to achieve convergence from 3.5305778802271359e-08 to 3.5305778802369013e-08 seconds.
Warning: Simulation tolerance relaxed to achieve convergence from 3.5305778802369013e-08 to 3.5305778802466667e-08 seconds.
Warning: Simulation tolerance relaxed to achieve convergence from 3.5305778802466667e-08 to 3.5305778802564320e-08 seconds.
Warning: Simulation tolerance relaxed to achieve convergence from 3.5305778802564320e-08 to 3.5305778802661974e-08 seconds.
Warning: Simulation tolerance relaxed to achieve convergence from 3.5305778802661974e-08 to 3.5305778802759628e-08 seconds.
Warning: Simulation tolerance relaxed to achieve convergence from 3.5305778802759628e-08 to 3.5305778802857281e-08 seconds.
Warning: Simulation tolerance relaxed to achieve convergence from 3.5305778802857281e-08 to 3.5305778802954935e-08 seconds.
Warning: Simulation tolerance relaxed to achieve convergence from 3.5305778802954935e-08 to 3.5305778803052589e-08 seconds.
Warning: Simulation tolerance relaxed to achieve convergence from 3.5305778803052589e-08 to 3.5305778803150242e-08 seconds.
Warning: Simulation tolerance relaxed to achieve convergence from 3.5305778803150242e-08 to 3.5305778803247896e-08 seconds.
Warning: Simulation tolerance relaxed to achieve convergence from 3.5305778803247896e-08 to 3.5305778803345549e-08 seconds.
Warning: Simulation tolerance relaxed to achieve convergence from 3.5305778803345549e-08 to 3.5305778803443203e-08 seconds.
Warning: Simulation tolerance relaxed to achieve convergence from 3.5305778803443203e-08 to 3.5305778803540857e-08 seconds.
Warning: Simulation tolerance relaxed to achieve convergence from 3.5305778803540857e-08 to 3.5305778803638510e-08 seconds.
Warning: Simulation tolerance relaxed to achieve convergence from 3.5305778803638510e-08 to 3.5305778803736164e-08 seconds.
Warning: Simulation tolerance relaxed to achieve convergence from 3.5305778803736164e-08 to 3.5305778803833818e-08 seconds.
Warning: Simulation tolerance relaxed to achieve convergence from 3.5305778803833818e-08 to 3.5305778803931471e-08 seconds.
Warning: Simulation tolerance relaxed to achieve convergence from 3.5305778803931471e-08 to 3.5305778804029125e-08 seconds.
Warning: Simulation tolerance relaxed to achieve convergence from 3.5305778804029125e-08 to 3.5305778804126779e-08 seconds.
Warning: Simulation tolerance relaxed to achieve convergence from 3.5305778804126779e-08 to 3.5305778804224432e-08 seconds.
Warning: Simulation tolerance relaxed to achieve convergence from 3.5305778804224432e-08 to 3.5305778804322086e-08 seconds.
Warning: Simulation tolerance relaxed to achieve convergence from 3.5305778804322086e-08 to 3.5305778804419739e-08 seconds.
Warning: Simulation tolerance relaxed to achieve convergence from 3.5305778804419739e-08 to 3.5305778804517393e-08 seconds.
Warning: Simulation tolerance relaxed to achieve convergence from 3.5305778804517393e-08 to 3.5305778804615047e-08 seconds.
Warning: Simulation tolerance relaxed to achieve convergence from 3.5305778804615047e-08 to 3.5305778804712700e-08 seconds.
Warning: Simulation tolerance relaxed to achieve convergence from 3.5305778804712700e-08 to 3.5305778804810354e-08 seconds.
Warning: Simulation tolerance relaxed to achieve convergence from 3.5305778804810354e-08 to 3.5305778804908008e-08 seconds.
Warning: Simulation tolerance relaxed to achieve convergence from 3.5305778804908008e-08 to 3.5305778805005661e-08 seconds.
Warning: Simulation tolerance relaxed to achieve convergence from 3.5305778805005661e-08 to 3.5305778805103315e-08 seconds.
Warning: Simulation tolerance relaxed to achieve convergence from 3.5305778805103315e-08 to 3.5305778805200969e-08 seconds.
Warning: Simulation tolerance relaxed to achieve convergence from 3.5305778805200969e-08 to 3.5305778805298622e-08 seconds.
Warning: Simulation tolerance relaxed to achieve convergence from 3.5305778805298622e-08 to 3.5305778805396276e-08 seconds.
Warning: Simulation tolerance relaxed to achieve convergence from 3.5305778805396276e-08 to 3.5305778805493929e-08 seconds.
Warning: Simulation tolerance relaxed to achieve convergence from 3.5305778805493929e-08 to 3.5305778805591583e-08 seconds.
Warning: Simulation tolerance relaxed to achieve convergence from 3.5305778805591583e-08 to 3.5305778805689237e-08 seconds.
Warning: Simulation tolerance relaxed to achieve convergence from 3.5305778805689237e-08 to 3.5305778805786890e-08 seconds.
Warning: Simulation tolerance relaxed to achieve convergence from 3.5305778805786890e-08 to 3.5305778805884544e-08 seconds.
Warning: Simulation tolerance relaxed to achieve convergence from 3.5305778805884544e-08 to 3.5305778805982198e-08 seconds.
Warning: Simulation tolerance relaxed to achieve convergence from 3.5305778805982198e-08 to 3.5305778806079851e-08 seconds.
Warning: Simulation tolerance relaxed to achieve convergence from 3.5305778806079851e-08 to 3.5305778806177505e-08 seconds.
Warning: Simulation tolerance relaxed to achieve convergence from 3.5305778806177505e-08 to 3.5305778806275158e-08 seconds.
Warning: Simulation tolerance relaxed to achieve convergence from 3.5305778806275158e-08 to 3.5305778806372812e-08 seconds.
Warning: Simulation tolerance relaxed to achieve convergence from 3.5305778806372812e-08 to 3.5305778806470466e-08 seconds.
Warning: Simulation tolerance relaxed to achieve convergence from 3.5305778806470466e-08 to 3.5305778806568119e-08 seconds.
Warning: Simulation tolerance relaxed to achieve convergence from 3.5305778806568119e-08 to 3.5305778806665773e-08 seconds.
Warning: Simulation tolerance relaxed to achieve convergence from 3.5305778806665773e-08 to 3.5305778806763427e-08 seconds.
Warning: Simulation tolerance relaxed to achieve convergence from 3.5305778806763427e-08 to 3.5305778806861080e-08 seconds.
Warning: Simulation tolerance relaxed to achieve convergence from 3.5305778806861080e-08 to 3.5305778806958734e-08 seconds.
Warning: Simulation tolerance relaxed to achieve convergence from 3.5305778806958734e-08 to 3.5305778807056388e-08 seconds.
Warning: Simulation tolerance relaxed to achieve convergence from 3.5305778807056388e-08 to 3.5305778807154041e-08 seconds.
Warning: Simulation tolerance relaxed to achieve convergence from 3.5305778807154041e-08 to 3.5305778807251695e-08 seconds.
Warning: Simulation tolerance relaxed to achieve convergence from 3.5305778807251695e-08 to 3.5305778807349348e-08 seconds.
Warning: Simulation tolerance relaxed to achieve convergence from 3.5305778807349348e-08 to 3.5305778807447002e-08 seconds.
Warning: Simulation tolerance relaxed to achieve convergence from 3.5305778807447002e-08 to 3.5305778807544656e-08 seconds.
Warning: Simulation tolerance relaxed to achieve convergence from 3.5305778807544656e-08 to 3.5305778807642309e-08 seconds.
Warning: Simulation tolerance relaxed to achieve convergence from 3.5305778807642309e-08 to 3.5305778807739963e-08 seconds.
Warning: Simulation tolerance relaxed to achieve convergence from 3.5305778807739963e-08 to 3.5305778807837617e-08 seconds.
Warning: Simulation tolerance relaxed to achieve convergence from 3.5305778807837617e-08 to 3.5305778807935270e-08 seconds.
Warning: Simulation tolerance relaxed to achieve convergence from 3.5305778807935270e-08 to 3.5305778808032924e-08 seconds.
Warning: Simulation tolerance relaxed to achieve convergence from 3.5305778808032924e-08 to 3.5305778808130578e-08 seconds.
Warning: Simulation tolerance relaxed to achieve convergence from 3.5305778808130578e-08 to 3.5305778808228231e-08 seconds.
Warning: Simulation tolerance relaxed to achieve convergence from 3.5305778808228231e-08 to 3.5305778808325885e-08 seconds.
Warning: Simulation tolerance relaxed to achieve convergence from 3.5305778808325885e-08 to 3.5305778808423538e-08 seconds.
Warning: Simulation tolerance relaxed to achieve convergence from 3.5305778808423538e-08 to 3.5305778808521192e-08 seconds.
Warning: Simulation tolerance relaxed to achieve convergence from 3.5305778808521192e-08 to 3.5305778808618846e-08 seconds.
Warning: Simulation tolerance relaxed to achieve convergence from 3.5305778808618846e-08 to 3.5305778808716499e-08 seconds.
Warning: Simulation tolerance relaxed to achieve convergence from 3.5305778808716499e-08 to 3.5305778808814153e-08 seconds.
Warning: Simulation tolerance relaxed to achieve convergence from 3.5305778808814153e-08 to 3.5305778808911807e-08 seconds.
Warning: Simulation tolerance relaxed to achieve convergence from 3.5305778808911807e-08 to 3.5305778809009460e-08 seconds.
Warning: Simulation tolerance relaxed to achieve convergence from 3.5305778809009460e-08 to 3.5305778809107114e-08 seconds.
Warning: Simulation tolerance relaxed to achieve convergence from 3.5305778809107114e-08 to 3.5305778809204768e-08 seconds.
Warning: Simulation tolerance relaxed to achieve convergence from 3.5305778809204768e-08 to 3.5305778809302421e-08 seconds.
Warning: Simulation tolerance relaxed to achieve convergence from 3.5305778809302421e-08 to 3.5305778809400075e-08 seconds.
Warning: Simulation tolerance relaxed to achieve convergence from 3.5305778809400075e-08 to 3.5305778809497728e-08 seconds.
Warning: Simulation tolerance relaxed to achieve convergence from 3.5305778809497728e-08 to 3.5305778809595382e-08 seconds.
Warning: Simulation tolerance relaxed to achieve convergence from 3.5305778809595382e-08 to 3.5305778809693036e-08 seconds.
Warning: Simulation tolerance relaxed to achieve convergence from 3.5305778809693036e-08 to 3.5305778809790689e-08 seconds.
Warning: Simulation tolerance relaxed to achieve convergence from 3.5305778809790689e-08 to 3.5305778809888343e-08 seconds.
Warning: Simulation tolerance relaxed to achieve convergence from 3.5305778809888343e-08 to 3.5305778809985997e-08 seconds.
Warning: Simulation tolerance relaxed to achieve convergence from 3.5305778809985997e-08 to 3.5305778810083650e-08 seconds.
Warning: Simulation tolerance relaxed to achieve convergence from 3.5305778810083650e-08 to 3.5305778810181304e-08 seconds.
Warning: Simulation tolerance relaxed to achieve convergence from 3.5305778810181304e-08 to 3.5305778810278957e-08 seconds.
Warning: Simulation tolerance relaxed to achieve convergence from 3.5305778810278957e-08 to 3.5305778810376611e-08 seconds.
Warning: Simulation tolerance relaxed to achieve convergence from 3.5305778810376611e-08 to 3.5305778810474265e-08 seconds.
Warning: Simulation tolerance relaxed to achieve convergence from 3.5305778810474265e-08 to 3.5305778810571918e-08 seconds.
Warning: Simulation tolerance relaxed to achieve convergence from 3.5305778810571918e-08 to 3.5305778810669572e-08 seconds.
Warning: Simulation tolerance relaxed to achieve convergence from 3.5305778810669572e-08 to 3.5305778810767226e-08 seconds.
Warning: Simulation tolerance relaxed to achieve convergence from 3.5305778810767226e-08 to 3.5305778810864879e-08 seconds.
Warning: Simulation tolerance relaxed to achieve convergence from 3.5305778810864879e-08 to 3.5305778810962533e-08 seconds.
Warning: Simulation tolerance relaxed to achieve convergence from 3.5305778810962533e-08 to 3.5305778811060187e-08 seconds.
Warning: Simulation tolerance relaxed to achieve convergence from 3.5305778811060187e-08 to 3.5305778811157840e-08 seconds.
Warning: Simulation tolerance relaxed to achieve convergence from 3.5305778811157840e-08 to 3.5305778811255494e-08 seconds.
Warning: Simulation tolerance relaxed to achieve convergence from 3.5305778811255494e-08 to 3.5305778811353147e-08 seconds.
Warning: Simulation tolerance relaxed to achieve convergence from 3.5305778811353147e-08 to 3.5305778811450801e-08 seconds.
Warning: Simulation tolerance relaxed to achieve convergence from 3.5305778811450801e-08 to 3.5305778811548455e-08 seconds.
Warning: Simulation tolerance relaxed to achieve convergence from 3.5305778811548455e-08 to 3.5305778811646108e-08 seconds.
Warning: Simulation tolerance relaxed to achieve convergence from 3.5305778811646108e-08 to 3.5305778811743762e-08 seconds.
Warning: Simulation tolerance relaxed to achieve convergence from 3.5305778811743762e-08 to 3.5305778811841416e-08 seconds.
Warning: Simulation tolerance relaxed to achieve convergence from 3.5305778811841416e-08 to 3.5305778811939069e-08 seconds.
Warning: Simulation tolerance relaxed to achieve convergence from 3.5305778811939069e-08 to 3.5305778812036723e-08 seconds.
Warning: Simulation tolerance relaxed to achieve convergence from 3.5305778812036723e-08 to 3.5305778812134377e-08 seconds.
Warning: Simulation tolerance relaxed to achieve convergence from 3.5305778812134377e-08 to 3.5305778812232030e-08 seconds.
Warning: Simulation tolerance relaxed to achieve convergence from 3.5305778812232030e-08 to 3.5305778812329684e-08 seconds.
Warning: Simulation tolerance relaxed to achieve convergence from 3.5305778812329684e-08 to 3.5305778812427337e-08 seconds.
Warning: Simulation tolerance relaxed to achieve convergence from 3.5305778812427337e-08 to 3.5305778812524991e-08 seconds.
Warning: Simulation tolerance relaxed to achieve convergence from 3.5305778812524991e-08 to 3.5305778812622645e-08 seconds.
Warning: Simulation tolerance relaxed to achieve convergence from 3.5305778812622645e-08 to 3.5305778812720298e-08 seconds.
Warning: Simulation tolerance relaxed to achieve convergence from 3.5305778812720298e-08 to 3.5305778812817952e-08 seconds.
Warning: Simulation tolerance relaxed to achieve convergence from 3.5305778812817952e-08 to 3.5305778812915606e-08 seconds.
Warning: Simulation tolerance relaxed to achieve convergence from 3.5305778812915606e-08 to 3.5305778813013259e-08 seconds.
Warning: Simulation tolerance relaxed to achieve convergence from 3.5305778813013259e-08 to 3.5305778813110913e-08 seconds.
Warning: Simulation tolerance relaxed to achieve convergence from 3.5305778813110913e-08 to 3.5305778813208567e-08 seconds.
Warning: Simulation tolerance relaxed to achieve convergence from 3.5305778813208567e-08 to 3.5305778813306220e-08 seconds.
Warning: Simulation tolerance relaxed to achieve convergence from 3.5305778813306220e-08 to 3.5305778813403874e-08 seconds.
Warning: Simulation tolerance relaxed to achieve convergence from 3.5305778813403874e-08 to 3.5305778813501527e-08 seconds.
Warning: Simulation tolerance relaxed to achieve convergence from 3.5305778813501527e-08 to 3.5305778813599181e-08 seconds.
Warning: Simulation tolerance relaxed to achieve convergence from 3.5305778813599181e-08 to 3.5305778813696835e-08 seconds.
Warning: Simulation tolerance relaxed to achieve convergence from 3.5305778813696835e-08 to 3.5305778813794488e-08 seconds.
Warning: Simulation tolerance relaxed to achieve convergence from 3.5305778813794488e-08 to 3.5305778813892142e-08 seconds.
Warning: Simulation tolerance relaxed to achieve convergence from 3.5305778813892142e-08 to 3.5305778813989796e-08 seconds.
Warning: Simulation tolerance relaxed to achieve convergence from 3.5305778813989796e-08 to 3.5305778814087449e-08 seconds.
Warning: Simulation tolerance relaxed to achieve convergence from 3.5305778814087449e-08 to 3.5305778814185103e-08 seconds.
Warning: Simulation tolerance relaxed to achieve convergence from 3.5305778814185103e-08 to 3.5305778814282757e-08 seconds.
Warning: Simulation tolerance relaxed to achieve convergence from 3.5305778814282757e-08 to 3.5305778814380410e-08 seconds.
Warning: Simulation tolerance relaxed to achieve convergence from 3.5305778814380410e-08 to 3.5305778814478064e-08 seconds.
Warning: Simulation tolerance relaxed to achieve convergence from 3.5305778814478064e-08 to 3.5305778814575717e-08 seconds.
Warning: Simulation tolerance relaxed to achieve convergence from 3.5305778814575717e-08 to 3.5305778814673371e-08 seconds.
Warning: Simulation tolerance relaxed to achieve convergence from 3.5305778814673371e-08 to 3.5305778814771025e-08 seconds.
Warning: Simulation tolerance relaxed to achieve convergence from 3.5305778814771025e-08 to 3.5305778814868678e-08 seconds.
Warning: Simulation tolerance relaxed to achieve convergence from 3.5305778814868678e-08 to 3.5305778814966332e-08 seconds.
Warning: Simulation tolerance relaxed to achieve convergence from 3.5305778814966332e-08 to 3.5305778815063986e-08 seconds.
Warning: Simulation tolerance relaxed to achieve convergence from 3.5305778815063986e-08 to 3.5305778815161639e-08 seconds.
Warning: Simulation tolerance relaxed to achieve convergence from 3.5305778815161639e-08 to 3.5305778815259293e-08 seconds.
Warning: Simulation tolerance relaxed to achieve convergence from 3.5305778815259293e-08 to 3.5305778815356946e-08 seconds.
Warning: Simulation tolerance relaxed to achieve convergence from 3.5305778815356946e-08 to 3.5305778815454600e-08 seconds.
Warning: Simulation tolerance relaxed to achieve convergence from 3.5305778815454600e-08 to 3.5305778815552254e-08 seconds.
Warning: Simulation tolerance relaxed to achieve convergence from 3.5305778815552254e-08 to 3.5305778815649907e-08 seconds.
Warning: Simulation tolerance relaxed to achieve convergence from 3.7094264793681809e-08 to 3.7094264793779462e-08 seconds.
Warning: Simulation tolerance relaxed to achieve convergence from 4.1305778779498218e-08 to 4.1305778779595871e-08 seconds.
Warning: Simulation tolerance relaxed to achieve convergence from 4.1305778779595871e-08 to 4.1305778779693525e-08 seconds.
Warning: Simulation tolerance relaxed to achieve convergence from 4.1305778779693525e-08 to 4.1305778779791179e-08 seconds.
Warning: Simulation tolerance relaxed to achieve convergence from 4.1305778779791179e-08 to 4.1305778779888832e-08 seconds.
Warning: Simulation tolerance relaxed to achieve convergence from 4.1305778779888832e-08 to 4.1305778779986486e-08 seconds.
Warning: Simulation tolerance relaxed to achieve convergence from 4.1305778779986486e-08 to 4.1305778780084140e-08 seconds.
Warning: Simulation tolerance relaxed to achieve convergence from 4.1305778780084140e-08 to 4.1305778780181793e-08 seconds.
Warning: Simulation tolerance relaxed to achieve convergence from 4.1305778780181793e-08 to 4.1305778780279447e-08 seconds.
Warning: Simulation tolerance relaxed to achieve convergence from 4.1305778780279447e-08 to 4.1305778780377100e-08 seconds.
Warning: Simulation tolerance relaxed to achieve convergence from 4.1305778780377100e-08 to 4.1305778780474754e-08 seconds.
Warning: Simulation tolerance relaxed to achieve convergence from 4.1305778780474754e-08 to 4.1305778780572408e-08 seconds.
Warning: Simulation tolerance relaxed to achieve convergence from 4.1305778780572408e-08 to 4.1305778780670061e-08 seconds.
Warning: Simulation tolerance relaxed to achieve convergence from 4.1305778780670061e-08 to 4.1305778780767715e-08 seconds.
Warning: Simulation tolerance relaxed to achieve convergence from 4.1305778780767715e-08 to 4.1305778780865369e-08 seconds.
Warning: Simulation tolerance relaxed to achieve convergence from 4.1305778780865369e-08 to 4.1305778780963022e-08 seconds.
Warning: Simulation tolerance relaxed to achieve convergence from 4.1305778780963022e-08 to 4.1305778781060676e-08 seconds.
Warning: Simulation tolerance relaxed to achieve convergence from 4.1305778781060676e-08 to 4.1305778781158330e-08 seconds.
Warning: Simulation tolerance relaxed to achieve convergence from 4.1305778781158330e-08 to 4.1305778781255983e-08 seconds.
Warning: Simulation tolerance relaxed to achieve convergence from 4.1305778781255983e-08 to 4.1305778781353637e-08 seconds.
Warning: Simulation tolerance relaxed to achieve convergence from 4.1305778781353637e-08 to 4.1305778781451290e-08 seconds.
Warning: Simulation tolerance relaxed to achieve convergence from 4.1305778781451290e-08 to 4.1305778781548944e-08 seconds.
Warning: Simulation tolerance relaxed to achieve convergence from 4.1305778781548944e-08 to 4.1305778781646598e-08 seconds.
Warning: Simulation tolerance relaxed to achieve convergence from 4.1305778781646598e-08 to 4.1305778781744251e-08 seconds.
Warning: Simulation tolerance relaxed to achieve convergence from 4.1305778781744251e-08 to 4.1305778781841905e-08 seconds.
Warning: Simulation tolerance relaxed to achieve convergence from 4.1305778781841905e-08 to 4.1305778781939559e-08 seconds.
Warning: Simulation tolerance relaxed to achieve convergence from 4.1305778781939559e-08 to 4.1305778782037212e-08 seconds.
Warning: Simulation tolerance relaxed to achieve convergence from 4.1305778782037212e-08 to 4.1305778782134866e-08 seconds.
Warning: Simulation tolerance relaxed to achieve convergence from 4.1305778782134866e-08 to 4.1305778782232519e-08 seconds.
Warning: Simulation tolerance relaxed to achieve convergence from 4.1305778782232519e-08 to 4.1305778782330173e-08 seconds.
Warning: Simulation tolerance relaxed to achieve convergence from 4.1305778782330173e-08 to 4.1305778782427827e-08 seconds.
Warning: Simulation tolerance relaxed to achieve convergence from 4.1305778782427827e-08 to 4.1305778782525480e-08 seconds.
Warning: Simulation tolerance relaxed to achieve convergence from 4.1305778782525480e-08 to 4.1305778782623134e-08 seconds.
Warning: Simulation tolerance relaxed to achieve convergence from 4.1305778782623134e-08 to 4.1305778782720788e-08 seconds.
Warning: Simulation tolerance relaxed to achieve convergence from 4.1305778782720788e-08 to 4.1305778782818441e-08 seconds.
Warning: Simulation tolerance relaxed to achieve convergence from 4.1305778782818441e-08 to 4.1305778782916095e-08 seconds.
Warning: Simulation tolerance relaxed to achieve convergence from 4.1305778782916095e-08 to 4.1305778783013749e-08 seconds.
Warning: Simulation tolerance relaxed to achieve convergence from 4.1305778783013749e-08 to 4.1305778783111402e-08 seconds.
Warning: Simulation tolerance relaxed to achieve convergence from 4.1305778783111402e-08 to 4.1305778783209056e-08 seconds.
Warning: Simulation tolerance relaxed to achieve convergence from 4.1305778783209056e-08 to 4.1305778783306709e-08 seconds.
Warning: Simulation tolerance relaxed to achieve convergence from 4.1305778783306709e-08 to 4.1305778783404363e-08 seconds.
Warning: Simulation tolerance relaxed to achieve convergence from 4.1305778783404363e-08 to 4.1305778783502017e-08 seconds.
Warning: Simulation tolerance relaxed to achieve convergence from 4.1305778783502017e-08 to 4.1305778783599670e-08 seconds.
Warning: Simulation tolerance relaxed to achieve convergence from 4.1305778783599670e-08 to 4.1305778783697324e-08 seconds.
Warning: Simulation tolerance relaxed to achieve convergence from 4.1305778783697324e-08 to 4.1305778783794978e-08 seconds.
Warning: Simulation tolerance relaxed to achieve convergence from 4.1305778783794978e-08 to 4.1305778783892631e-08 seconds.
Warning: Simulation tolerance relaxed to achieve convergence from 4.1305778783892631e-08 to 4.1305778783990285e-08 seconds.
Warning: Simulation tolerance relaxed to achieve convergence from 4.1305778783990285e-08 to 4.1305778784087939e-08 seconds.
Warning: Simulation tolerance relaxed to achieve convergence from 4.1305778784087939e-08 to 4.1305778784185592e-08 seconds.
Warning: Simulation tolerance relaxed to achieve convergence from 4.1305778784185592e-08 to 4.1305778784283246e-08 seconds.
Warning: Simulation tolerance relaxed to achieve convergence from 4.1305778784283246e-08 to 4.1305778784380899e-08 seconds.
Warning: Simulation tolerance relaxed to achieve convergence from 4.1305778784380899e-08 to 4.1305778784478553e-08 seconds.
Warning: Simulation tolerance relaxed to achieve convergence from 4.1305778784478553e-08 to 4.1305778784576207e-08 seconds.
Warning: Simulation tolerance relaxed to achieve convergence from 4.1305778784576207e-08 to 4.1305778784673860e-08 seconds.
Warning: Simulation tolerance relaxed to achieve convergence from 4.1305778784673860e-08 to 4.1305778784771514e-08 seconds.
Warning: Simulation tolerance relaxed to achieve convergence from 4.1305778784771514e-08 to 4.1305778784869168e-08 seconds.
Warning: Simulation tolerance relaxed to achieve convergence from 4.1305778784869168e-08 to 4.1305778784966821e-08 seconds.
Warning: Simulation tolerance relaxed to achieve convergence from 4.1305778784966821e-08 to 4.1305778785064475e-08 seconds.
Warning: Simulation tolerance relaxed to achieve convergence from 4.1305778785064475e-08 to 4.1305778785162129e-08 seconds.
Warning: Simulation tolerance relaxed to achieve convergence from 4.1305778785162129e-08 to 4.1305778785259782e-08 seconds.
Warning: Simulation tolerance relaxed to achieve convergence from 4.1305778785259782e-08 to 4.1305778785357436e-08 seconds.
Warning: Simulation tolerance relaxed to achieve convergence from 4.1305778785357436e-08 to 4.1305778785455089e-08 seconds.
Warning: Simulation tolerance relaxed to achieve convergence from 4.1305778785455089e-08 to 4.1305778785552743e-08 seconds.
Warning: Simulation tolerance relaxed to achieve convergence from 4.1305778785552743e-08 to 4.1305778785650397e-08 seconds.
Warning: Simulation tolerance relaxed to achieve convergence from 4.1305778785650397e-08 to 4.1305778785748050e-08 seconds.
Warning: Simulation tolerance relaxed to achieve convergence from 4.1305778785748050e-08 to 4.1305778785845704e-08 seconds.
Warning: Simulation tolerance relaxed to achieve convergence from 4.1305778785845704e-08 to 4.1305778785943358e-08 seconds.
Warning: Simulation tolerance relaxed to achieve convergence from 4.1305778785943358e-08 to 4.1305778786041011e-08 seconds.
Warning: Simulation tolerance relaxed to achieve convergence from 4.1305778786041011e-08 to 4.1305778786138665e-08 seconds.
Warning: Simulation tolerance relaxed to achieve convergence from 4.1305778786138665e-08 to 4.1305778786236319e-08 seconds.
Warning: Simulation tolerance relaxed to achieve convergence from 4.1305778786236319e-08 to 4.1305778786333972e-08 seconds.
Warning: Simulation tolerance relaxed to achieve convergence from 4.1305778786333972e-08 to 4.1305778786431626e-08 seconds.
Warning: Simulation tolerance relaxed to achieve convergence from 4.1305778786431626e-08 to 4.1305778786529279e-08 seconds.
Warning: Simulation tolerance relaxed to achieve convergence from 4.1305778786529279e-08 to 4.1305778786626933e-08 seconds.
Warning: Simulation tolerance relaxed to achieve convergence from 4.1305778786626933e-08 to 4.1305778786724587e-08 seconds.
Warning: Simulation tolerance relaxed to achieve convergence from 4.1305778786724587e-08 to 4.1305778786822240e-08 seconds.
Warning: Simulation tolerance relaxed to achieve convergence from 4.1305778786822240e-08 to 4.1305778786919894e-08 seconds.
Warning: Simulation tolerance relaxed to achieve convergence from 4.1305778786919894e-08 to 4.1305778787017548e-08 seconds.
Warning: Simulation tolerance relaxed to achieve convergence from 4.1305778787017548e-08 to 4.1305778787115201e-08 seconds.
Warning: Simulation tolerance relaxed to achieve convergence from 4.1305778787115201e-08 to 4.1305778787212855e-08 seconds.
Warning: Simulation tolerance relaxed to achieve convergence from 4.1305778787212855e-08 to 4.1305778787310508e-08 seconds.
Warning: Simulation tolerance relaxed to achieve convergence from 4.1305778787310508e-08 to 4.1305778787408162e-08 seconds.
Warning: Simulation tolerance relaxed to achieve convergence from 4.1305778787408162e-08 to 4.1305778787505816e-08 seconds.
Warning: Simulation tolerance relaxed to achieve convergence from 4.1305778787505816e-08 to 4.1305778787603469e-08 seconds.
Warning: Simulation tolerance relaxed to achieve convergence from 4.1305778787603469e-08 to 4.1305778787701123e-08 seconds.
Warning: Simulation tolerance relaxed to achieve convergence from 4.1305778787701123e-08 to 4.1305778787798777e-08 seconds.
Warning: Simulation tolerance relaxed to achieve convergence from 4.1305778787798777e-08 to 4.1305778787896430e-08 seconds.
Warning: Simulation tolerance relaxed to achieve convergence from 4.1305778787896430e-08 to 4.1305778787994084e-08 seconds.
Warning: Simulation tolerance relaxed to achieve convergence from 4.1305778787994084e-08 to 4.1305778788091738e-08 seconds.
Warning: Simulation tolerance relaxed to achieve convergence from 4.1305778788091738e-08 to 4.1305778788189391e-08 seconds.
Warning: Simulation tolerance relaxed to achieve convergence from 4.1305778788189391e-08 to 4.1305778788287045e-08 seconds.
Warning: Simulation tolerance relaxed to achieve convergence from 4.1305778788287045e-08 to 4.1305778788384698e-08 seconds.
Warning: Simulation tolerance relaxed to achieve convergence from 4.1305778788384698e-08 to 4.1305778788482352e-08 seconds.
Warning: Simulation tolerance relaxed to achieve convergence from 4.1305778788482352e-08 to 4.1305778788580006e-08 seconds.
Warning: Simulation tolerance relaxed to achieve convergence from 4.1305778788580006e-08 to 4.1305778788677659e-08 seconds.
Warning: Simulation tolerance relaxed to achieve convergence from 4.1305778788677659e-08 to 4.1305778788775313e-08 seconds.
Warning: Simulation tolerance relaxed to achieve convergence from 4.1305778788775313e-08 to 4.1305778788872967e-08 seconds.
Warning: Simulation tolerance relaxed to achieve convergence from 4.1305778788872967e-08 to 4.1305778788970620e-08 seconds.
Warning: Simulation tolerance relaxed to achieve convergence from 4.1305778788970620e-08 to 4.1305778789068274e-08 seconds.
Warning: Simulation tolerance relaxed to achieve convergence from 4.1305778789068274e-08 to 4.1305778789165928e-08 seconds.
Warning: Simulation tolerance relaxed to achieve convergence from 4.1305778789165928e-08 to 4.1305778789263581e-08 seconds.
Warning: Simulation tolerance relaxed to achieve convergence from 4.1305778789263581e-08 to 4.1305778789361235e-08 seconds.
Warning: Simulation tolerance relaxed to achieve convergence from 4.1305778789361235e-08 to 4.1305778789458888e-08 seconds.
Warning: Simulation tolerance relaxed to achieve convergence from 4.1305778789458888e-08 to 4.1305778789556542e-08 seconds.
Warning: Simulation tolerance relaxed to achieve convergence from 4.1305778789556542e-08 to 4.1305778789654196e-08 seconds.
Warning: Simulation tolerance relaxed to achieve convergence from 4.1305778789654196e-08 to 4.1305778789751849e-08 seconds.
Warning: Simulation tolerance relaxed to achieve convergence from 4.1305778789751849e-08 to 4.1305778789849503e-08 seconds.
Warning: Simulation tolerance relaxed to achieve convergence from 4.1305778789849503e-08 to 4.1305778789947157e-08 seconds.
Warning: Simulation tolerance relaxed to achieve convergence from 4.1305778789947157e-08 to 4.1305778790044810e-08 seconds.
Warning: Simulation tolerance relaxed to achieve convergence from 4.1305778790044810e-08 to 4.1305778790142464e-08 seconds.
Warning: Simulation tolerance relaxed to achieve convergence from 4.1305778790142464e-08 to 4.1305778790240118e-08 seconds.
Warning: Simulation tolerance relaxed to achieve convergence from 4.1305778790240118e-08 to 4.1305778790337771e-08 seconds.
Warning: Simulation tolerance relaxed to achieve convergence from 4.1305778790337771e-08 to 4.1305778790435425e-08 seconds.
Warning: Simulation tolerance relaxed to achieve convergence from 4.1305778790435425e-08 to 4.1305778790533078e-08 seconds.
Warning: Simulation tolerance relaxed to achieve convergence from 4.1305778790533078e-08 to 4.1305778790630732e-08 seconds.
Warning: Simulation tolerance relaxed to achieve convergence from 4.1305778790630732e-08 to 4.1305778790728386e-08 seconds.
Warning: Simulation tolerance relaxed to achieve convergence from 4.1305778790728386e-08 to 4.1305778790826039e-08 seconds.
Warning: Simulation tolerance relaxed to achieve convergence from 4.1305778790826039e-08 to 4.1305778790923693e-08 seconds.
Warning: Simulation tolerance relaxed to achieve convergence from 4.1305778790923693e-08 to 4.1305778791021347e-08 seconds.
Warning: Simulation tolerance relaxed to achieve convergence from 4.1305778791021347e-08 to 4.1305778791119000e-08 seconds.
Warning: Simulation tolerance relaxed to achieve convergence from 4.1305778791119000e-08 to 4.1305778791216654e-08 seconds.
Warning: Simulation tolerance relaxed to achieve convergence from 4.1305778791216654e-08 to 4.1305778791314307e-08 seconds.
Warning: Simulation tolerance relaxed to achieve convergence from 4.1305778791314307e-08 to 4.1305778791411961e-08 seconds.
Warning: Simulation tolerance relaxed to achieve convergence from 4.1305778791411961e-08 to 4.1305778791509615e-08 seconds.
Warning: Simulation tolerance relaxed to achieve convergence from 4.1305778791509615e-08 to 4.1305778791607268e-08 seconds.
Warning: Simulation tolerance relaxed to achieve convergence from 4.1305778791607268e-08 to 4.1305778791704922e-08 seconds.
Warning: Simulation tolerance relaxed to achieve convergence from 4.1305778791704922e-08 to 4.1305778791802576e-08 seconds.
Warning: Simulation tolerance relaxed to achieve convergence from 4.1305778791802576e-08 to 4.1305778791900229e-08 seconds.
Warning: Simulation tolerance relaxed to achieve convergence from 4.1305778791900229e-08 to 4.1305778791997883e-08 seconds.
Warning: Simulation tolerance relaxed to achieve convergence from 4.1305778791997883e-08 to 4.1305778792095537e-08 seconds.
Warning: Simulation tolerance relaxed to achieve convergence from 4.1305778792095537e-08 to 4.1305778792193190e-08 seconds.
Warning: Simulation tolerance relaxed to achieve convergence from 4.1305778792193190e-08 to 4.1305778792290844e-08 seconds.
Warning: Simulation tolerance relaxed to achieve convergence from 4.1305778792290844e-08 to 4.1305778792388497e-08 seconds.
Warning: Simulation tolerance relaxed to achieve convergence from 4.1305778792388497e-08 to 4.1305778792486151e-08 seconds.
Warning: Simulation tolerance relaxed to achieve convergence from 4.1305778792486151e-08 to 4.1305778792583805e-08 seconds.
Warning: Simulation tolerance relaxed to achieve convergence from 4.1305778792583805e-08 to 4.1305778792681458e-08 seconds.
Warning: Simulation tolerance relaxed to achieve convergence from 4.1305778792681458e-08 to 4.1305778792779112e-08 seconds.
Warning: Simulation tolerance relaxed to achieve convergence from 4.1305778792779112e-08 to 4.1305778792876766e-08 seconds.
Warning: Simulation tolerance relaxed to achieve convergence from 4.1305778792876766e-08 to 4.1305778792974419e-08 seconds.
Warning: Simulation tolerance relaxed to achieve convergence from 4.1305778792974419e-08 to 4.1305778793072073e-08 seconds.
Warning: Simulation tolerance relaxed to achieve convergence from 4.1305778793072073e-08 to 4.1305778793169727e-08 seconds.
Warning: Simulation tolerance relaxed to achieve convergence from 4.1305778793169727e-08 to 4.1305778793267380e-08 seconds.
Warning: Simulation tolerance relaxed to achieve convergence from 4.1305778793267380e-08 to 4.1305778793365034e-08 seconds.
Warning: Simulation tolerance relaxed to achieve convergence from 4.1305778793365034e-08 to 4.1305778793462687e-08 seconds.
Warning: Simulation tolerance relaxed to achieve convergence from 4.1305778793462687e-08 to 4.1305778793560341e-08 seconds.
Warning: Simulation tolerance relaxed to achieve convergence from 4.1305778793560341e-08 to 4.1305778793657995e-08 seconds.
Warning: Simulation tolerance relaxed to achieve convergence from 4.1305778793657995e-08 to 4.1305778793755648e-08 seconds.
Warning: Simulation tolerance relaxed to achieve convergence from 4.1305778793755648e-08 to 4.1305778793853302e-08 seconds.
Warning: Simulation tolerance relaxed to achieve convergence from 4.1305778793853302e-08 to 4.1305778793950956e-08 seconds.
Warning: Simulation tolerance relaxed to achieve convergence from 4.1305778793950956e-08 to 4.1305778794048609e-08 seconds.
Warning: Simulation tolerance relaxed to achieve convergence from 4.1305778794048609e-08 to 4.1305778794146263e-08 seconds.
Warning: Simulation tolerance relaxed to achieve convergence from 4.1305778794146263e-08 to 4.1305778794243917e-08 seconds.
Warning: Simulation tolerance relaxed to achieve convergence from 4.1305778794243917e-08 to 4.1305778794341570e-08 seconds.
Warning: Simulation tolerance relaxed to achieve convergence from 4.1305778794341570e-08 to 4.1305778794439224e-08 seconds.
Warning: Simulation tolerance relaxed to achieve convergence from 4.1305778794439224e-08 to 4.1305778794536877e-08 seconds.
Warning: Simulation tolerance relaxed to achieve convergence from 4.1305778794536877e-08 to 4.1305778794634531e-08 seconds.
Warning: Simulation tolerance relaxed to achieve convergence from 4.1305778794634531e-08 to 4.1305778794732185e-08 seconds.
Warning: Simulation tolerance relaxed to achieve convergence from 4.1305778794732185e-08 to 4.1305778794829838e-08 seconds.
Warning: Simulation tolerance relaxed to achieve convergence from 4.1305778794829838e-08 to 4.1305778794927492e-08 seconds.
Warning: Simulation tolerance relaxed to achieve convergence from 4.1305778794927492e-08 to 4.1305778795025146e-08 seconds.
Warning: Simulation tolerance relaxed to achieve convergence from 4.1305778795025146e-08 to 4.1305778795122799e-08 seconds.
Warning: Simulation tolerance relaxed to achieve convergence from 4.1305778795122799e-08 to 4.1305778795220453e-08 seconds.
Warning: Simulation tolerance relaxed to achieve convergence from 4.1305778795220453e-08 to 4.1305778795318107e-08 seconds.
Warning: Simulation tolerance relaxed to achieve convergence from 4.1305778795318107e-08 to 4.1305778795415760e-08 seconds.
Warning: Simulation tolerance relaxed to achieve convergence from 4.1305778795415760e-08 to 4.1305778795513414e-08 seconds.
Warning: Simulation tolerance relaxed to achieve convergence from 4.1305778795513414e-08 to 4.1305778795611067e-08 seconds.
Warning: Simulation tolerance relaxed to achieve convergence from 4.1305778795611067e-08 to 4.1305778795708721e-08 seconds.
Warning: Simulation tolerance relaxed to achieve convergence from 4.1305778795708721e-08 to 4.1305778795806375e-08 seconds.
Warning: Simulation tolerance relaxed to achieve convergence from 4.1305778795806375e-08 to 4.1305778795904028e-08 seconds.
Warning: Simulation tolerance relaxed to achieve convergence from 4.1305778795904028e-08 to 4.1305778796001682e-08 seconds.
Warning: Simulation tolerance relaxed to achieve convergence from 4.1305778796001682e-08 to 4.1305778796099336e-08 seconds.
Warning: Simulation tolerance relaxed to achieve convergence from 4.1305778796099336e-08 to 4.1305778796196989e-08 seconds.
Warning: Simulation tolerance relaxed to achieve convergence from 4.1305778796196989e-08 to 4.1305778796294643e-08 seconds.
Warning: Simulation tolerance relaxed to achieve convergence from 4.1305778796294643e-08 to 4.1305778796392296e-08 seconds.
Warning: Simulation tolerance relaxed to achieve convergence from 4.1305778796392296e-08 to 4.1305778796489950e-08 seconds.
Warning: Simulation tolerance relaxed to achieve convergence from 4.1305778796489950e-08 to 4.1305778796587604e-08 seconds.
Warning: Simulation tolerance relaxed to achieve convergence from 4.1305778796587604e-08 to 4.1305778796685257e-08 seconds.
Warning: Simulation tolerance relaxed to achieve convergence from 4.1305778796685257e-08 to 4.1305778796782911e-08 seconds.
Warning: Simulation tolerance relaxed to achieve convergence from 4.1305778796782911e-08 to 4.1305778796880565e-08 seconds.
Warning: Simulation tolerance relaxed to achieve convergence from 4.1305778796880565e-08 to 4.1305778796978218e-08 seconds.
Warning: Simulation tolerance relaxed to achieve convergence from 4.1305778796978218e-08 to 4.1305778797075872e-08 seconds.
Warning: Simulation tolerance relaxed to achieve convergence from 4.1305778797075872e-08 to 4.1305778797173526e-08 seconds.
Warning: Simulation tolerance relaxed to achieve convergence from 4.1305778797173526e-08 to 4.1305778797271179e-08 seconds.
Warning: Simulation tolerance relaxed to achieve convergence from 4.1305778797271179e-08 to 4.1305778797368833e-08 seconds.
Warning: Simulation tolerance relaxed to achieve convergence from 4.1305778797368833e-08 to 4.1305778797466486e-08 seconds.
Warning: Simulation tolerance relaxed to achieve convergence from 4.1305778797466486e-08 to 4.1305778797564140e-08 seconds.
Warning: Simulation tolerance relaxed to achieve convergence from 4.1305778797564140e-08 to 4.1305778797661794e-08 seconds.
Warning: Simulation tolerance relaxed to achieve convergence from 4.1305778797661794e-08 to 4.1305778797759447e-08 seconds.
Warning: Simulation tolerance relaxed to achieve convergence from 4.1305778797759447e-08 to 4.1305778797857101e-08 seconds.
Warning: Simulation tolerance relaxed to achieve convergence from 4.1305778797857101e-08 to 4.1305778797954755e-08 seconds.
Warning: Simulation tolerance relaxed to achieve convergence from 4.1305778797954755e-08 to 4.1305778798052408e-08 seconds.
Warning: Simulation tolerance relaxed to achieve convergence from 4.1305778798052408e-08 to 4.1305778798150062e-08 seconds.
Warning: Simulation tolerance relaxed to achieve convergence from 4.1305778798150062e-08 to 4.1305778798247716e-08 seconds.
Warning: Simulation tolerance relaxed to achieve convergence from 4.1305778798247716e-08 to 4.1305778798345369e-08 seconds.
Warning: Simulation tolerance relaxed to achieve convergence from 4.1305778798345369e-08 to 4.1305778798443023e-08 seconds.
Warning: Simulation tolerance relaxed to achieve convergence from 4.1305778798443023e-08 to 4.1305778798540676e-08 seconds.
Warning: Simulation tolerance relaxed to achieve convergence from 4.1305778798540676e-08 to 4.1305778798638330e-08 seconds.
Warning: Simulation tolerance relaxed to achieve convergence from 4.1305778798638330e-08 to 4.1305778798735984e-08 seconds.
Warning: Simulation tolerance relaxed to achieve convergence from 4.1305778798735984e-08 to 4.1305778798833637e-08 seconds.
Warning: Simulation tolerance relaxed to achieve convergence from 4.1305778798833637e-08 to 4.1305778798931291e-08 seconds.
Warning: Simulation tolerance relaxed to achieve convergence from 4.1305778798931291e-08 to 4.1305778799028945e-08 seconds.
Warning: Simulation tolerance relaxed to achieve convergence from 4.1305778799028945e-08 to 4.1305778799126598e-08 seconds.
Warning: Simulation tolerance relaxed to achieve convergence from 4.1305778799126598e-08 to 4.1305778799224252e-08 seconds.
Warning: Simulation tolerance relaxed to achieve convergence from 4.1305778799224252e-08 to 4.1305778799321906e-08 seconds.
Warning: Simulation tolerance relaxed to achieve convergence from 4.1305778799321906e-08 to 4.1305778799419559e-08 seconds.
Warning: Simulation tolerance relaxed to achieve convergence from 4.1305778799419559e-08 to 4.1305778799517213e-08 seconds.
Warning: Simulation tolerance relaxed to achieve convergence from 4.1305778799517213e-08 to 4.1305778799614866e-08 seconds.
Warning: Simulation tolerance relaxed to achieve convergence from 4.1305778799614866e-08 to 4.1305778799712520e-08 seconds.
Warning: Simulation tolerance relaxed to achieve convergence from 4.1305778799712520e-08 to 4.1305778799810174e-08 seconds.
Warning: Simulation tolerance relaxed to achieve convergence from 4.1305778799810174e-08 to 4.1305778799907827e-08 seconds.
Warning: Simulation tolerance relaxed to achieve convergence from 4.1305778799907827e-08 to 4.1305778800005481e-08 seconds.
Warning: Simulation tolerance relaxed to achieve convergence from 4.1305778800005481e-08 to 4.1305778800103135e-08 seconds.
Warning: Simulation tolerance relaxed to achieve convergence from 4.1305778800103135e-08 to 4.1305778800200788e-08 seconds.
Warning: Simulation tolerance relaxed to achieve convergence from 4.1305778800200788e-08 to 4.1305778800298442e-08 seconds.
Warning: Simulation tolerance relaxed to achieve convergence from 4.1305778800298442e-08 to 4.1305778800396095e-08 seconds.
Warning: Simulation tolerance relaxed to achieve convergence from 4.1305778800396095e-08 to 4.1305778800493749e-08 seconds.
Warning: Simulation tolerance relaxed to achieve convergence from 4.1305778800493749e-08 to 4.1305778800591403e-08 seconds.
Warning: Simulation tolerance relaxed to achieve convergence from 4.1305778800591403e-08 to 4.1305778800689056e-08 seconds.
Warning: Simulation tolerance relaxed to achieve convergence from 4.1305778800689056e-08 to 4.1305778800786710e-08 seconds.
Warning: Simulation tolerance relaxed to achieve convergence from 4.1305778800786710e-08 to 4.1305778800884364e-08 seconds.
Warning: Simulation tolerance relaxed to achieve convergence from 4.1305778800884364e-08 to 4.1305778800982017e-08 seconds.
Warning: Simulation tolerance relaxed to achieve convergence from 4.1305778800982017e-08 to 4.1305778801079671e-08 seconds.
Warning: Simulation tolerance relaxed to achieve convergence from 4.1305778801079671e-08 to 4.1305778801177325e-08 seconds.
Warning: Simulation tolerance relaxed to achieve convergence from 4.1305778801177325e-08 to 4.1305778801274978e-08 seconds.
Warning: Simulation tolerance relaxed to achieve convergence from 4.1305778801274978e-08 to 4.1305778801372632e-08 seconds.
Warning: Simulation tolerance relaxed to achieve convergence from 4.1305778801372632e-08 to 4.1305778801470285e-08 seconds.
Warning: Simulation tolerance relaxed to achieve convergence from 4.1305778801470285e-08 to 4.1305778801567939e-08 seconds.
Warning: Simulation tolerance relaxed to achieve convergence from 4.1305778801567939e-08 to 4.1305778801665593e-08 seconds.
Warning: Simulation tolerance relaxed to achieve convergence from 4.1305778801665593e-08 to 4.1305778801763246e-08 seconds.
Warning: Simulation tolerance relaxed to achieve convergence from 4.1305778801763246e-08 to 4.1305778801860900e-08 seconds.
Warning: Simulation tolerance relaxed to achieve convergence from 4.1305778801860900e-08 to 4.1305778801958554e-08 seconds.
Warning: Simulation tolerance relaxed to achieve convergence from 4.1305778801958554e-08 to 4.1305778802056207e-08 seconds.
Warning: Simulation tolerance relaxed to achieve convergence from 4.1305778802056207e-08 to 4.1305778802153861e-08 seconds.
Warning: Simulation tolerance relaxed to achieve convergence from 4.1305778802153861e-08 to 4.1305778802251515e-08 seconds.
Warning: Simulation tolerance relaxed to achieve convergence from 4.1305778802251515e-08 to 4.1305778802349168e-08 seconds.
Warning: Simulation tolerance relaxed to achieve convergence from 4.1305778802349168e-08 to 4.1305778802446822e-08 seconds.
Warning: Simulation tolerance relaxed to achieve convergence from 4.1305778802446822e-08 to 4.1305778802544475e-08 seconds.
Warning: Simulation tolerance relaxed to achieve convergence from 4.1305778802544475e-08 to 4.1305778802642129e-08 seconds.
Warning: Simulation tolerance relaxed to achieve convergence from 4.1305778802642129e-08 to 4.1305778802739783e-08 seconds.
Warning: Simulation tolerance relaxed to achieve convergence from 4.1305778802739783e-08 to 4.1305778802837436e-08 seconds.
Warning: Simulation tolerance relaxed to achieve convergence from 4.1305778802837436e-08 to 4.1305778802935090e-08 seconds.
Warning: Simulation tolerance relaxed to achieve convergence from 4.1305778802935090e-08 to 4.1305778803032744e-08 seconds.
Warning: Simulation tolerance relaxed to achieve convergence from 4.1305778803032744e-08 to 4.1305778803130397e-08 seconds.
Warning: Simulation tolerance relaxed to achieve convergence from 4.1305778803130397e-08 to 4.1305778803228051e-08 seconds.
Warning: Simulation tolerance relaxed to achieve convergence from 4.1305778803228051e-08 to 4.1305778803325705e-08 seconds.
Warning: Simulation tolerance relaxed to achieve convergence from 4.1305778803325705e-08 to 4.1305778803423358e-08 seconds.
Warning: Simulation tolerance relaxed to achieve convergence from 4.1305778803423358e-08 to 4.1305778803521012e-08 seconds.
Warning: Simulation tolerance relaxed to achieve convergence from 4.1305778803521012e-08 to 4.1305778803618665e-08 seconds.
Warning: Simulation tolerance relaxed to achieve convergence from 4.1305778803618665e-08 to 4.1305778803716319e-08 seconds.
Warning: Simulation tolerance relaxed to achieve convergence from 4.1305778803716319e-08 to 4.1305778803813973e-08 seconds.
Warning: Simulation tolerance relaxed to achieve convergence from 4.1305778803813973e-08 to 4.1305778803911626e-08 seconds.
Warning: Simulation tolerance relaxed to achieve convergence from 4.1305778803911626e-08 to 4.1305778804009280e-08 seconds.
Warning: Simulation tolerance relaxed to achieve convergence from 4.1305778804009280e-08 to 4.1305778804106934e-08 seconds.
Warning: Simulation tolerance relaxed to achieve convergence from 4.1305778804106934e-08 to 4.1305778804204587e-08 seconds.
Warning: Simulation tolerance relaxed to achieve convergence from 4.1305778804204587e-08 to 4.1305778804302241e-08 seconds.
Warning: Simulation tolerance relaxed to achieve convergence from 4.1305778804302241e-08 to 4.1305778804399895e-08 seconds.
Warning: Simulation tolerance relaxed to achieve convergence from 4.1305778804399895e-08 to 4.1305778804497548e-08 seconds.
Warning: Simulation tolerance relaxed to achieve convergence from 4.1305778804497548e-08 to 4.1305778804595202e-08 seconds.
Warning: Simulation tolerance relaxed to achieve convergence from 4.1305778804595202e-08 to 4.1305778804692855e-08 seconds.
Warning: Simulation tolerance relaxed to achieve convergence from 4.1305778804692855e-08 to 4.1305778804790509e-08 seconds.
Warning: Simulation tolerance relaxed to achieve convergence from 4.1305778804790509e-08 to 4.1305778804888163e-08 seconds.
Warning: Simulation tolerance relaxed to achieve convergence from 4.1305778804888163e-08 to 4.1305778804985816e-08 seconds.
Warning: Simulation tolerance relaxed to achieve convergence from 4.1305778804985816e-08 to 4.1305778805083470e-08 seconds.
Warning: Simulation tolerance relaxed to achieve convergence from 4.1305778805083470e-08 to 4.1305778805181124e-08 seconds.
Warning: Simulation tolerance relaxed to achieve convergence from 4.1305778805181124e-08 to 4.1305778805278777e-08 seconds.
Warning: Simulation tolerance relaxed to achieve convergence from 4.1305778805278777e-08 to 4.1305778805376431e-08 seconds.
Warning: Simulation tolerance relaxed to achieve convergence from 4.1305778805376431e-08 to 4.1305778805474084e-08 seconds.
Warning: Simulation tolerance relaxed to achieve convergence from 4.1305778805474084e-08 to 4.1305778805571738e-08 seconds.
Warning: Simulation tolerance relaxed to achieve convergence from 4.1305778805571738e-08 to 4.1305778805669392e-08 seconds.
Warning: Simulation tolerance relaxed to achieve convergence from 4.1305778805669392e-08 to 4.1305778805767045e-08 seconds.
Warning: Simulation tolerance relaxed to achieve convergence from 4.1305778805767045e-08 to 4.1305778805864699e-08 seconds.
Warning: Simulation tolerance relaxed to achieve convergence from 4.1305778805864699e-08 to 4.1305778805962353e-08 seconds.
Warning: Simulation tolerance relaxed to achieve convergence from 4.1305778805962353e-08 to 4.1305778806060006e-08 seconds.
Warning: Simulation tolerance relaxed to achieve convergence from 4.1305778806060006e-08 to 4.1305778806157660e-08 seconds.
Warning: Simulation tolerance relaxed to achieve convergence from 4.1305778806157660e-08 to 4.1305778806255314e-08 seconds.
Warning: Simulation tolerance relaxed to achieve convergence from 4.1305778806255314e-08 to 4.1305778806352967e-08 seconds.
Warning: Simulation tolerance relaxed to achieve convergence from 4.1305778806352967e-08 to 4.1305778806450621e-08 seconds.
Warning: Simulation tolerance relaxed to achieve convergence from 4.1305778806450621e-08 to 4.1305778806548274e-08 seconds.
Warning: Simulation tolerance relaxed to achieve convergence from 4.1305778806548274e-08 to 4.1305778806645928e-08 seconds.
Warning: Simulation tolerance relaxed to achieve convergence from 4.1305778806645928e-08 to 4.1305778806743582e-08 seconds.
Warning: Simulation tolerance relaxed to achieve convergence from 4.1305778806743582e-08 to 4.1305778806841235e-08 seconds.
Warning: Simulation tolerance relaxed to achieve convergence from 4.1305778806841235e-08 to 4.1305778806938889e-08 seconds.
Warning: Simulation tolerance relaxed to achieve convergence from 4.1305778806938889e-08 to 4.1305778807036543e-08 seconds.
Warning: Simulation tolerance relaxed to achieve convergence from 4.1305778807036543e-08 to 4.1305778807134196e-08 seconds.
Warning: Simulation tolerance relaxed to achieve convergence from 4.1305778807134196e-08 to 4.1305778807231850e-08 seconds.
Warning: Simulation tolerance relaxed to achieve convergence from 4.1305778807231850e-08 to 4.1305778807329504e-08 seconds.
Warning: Simulation tolerance relaxed to achieve convergence from 4.1305778807329504e-08 to 4.1305778807427157e-08 seconds.
Warning: Simulation tolerance relaxed to achieve convergence from 4.1305778807427157e-08 to 4.1305778807524811e-08 seconds.
Warning: Simulation tolerance relaxed to achieve convergence from 4.1305778807524811e-08 to 4.1305778807622464e-08 seconds.
Warning: Simulation tolerance relaxed to achieve convergence from 4.1305778807622464e-08 to 4.1305778807720118e-08 seconds.
Warning: Simulation tolerance relaxed to achieve convergence from 4.1305778807720118e-08 to 4.1305778807817772e-08 seconds.
Warning: Simulation tolerance relaxed to achieve convergence from 4.1305778807817772e-08 to 4.1305778807915425e-08 seconds.
Warning: Simulation tolerance relaxed to achieve convergence from 4.1305778807915425e-08 to 4.1305778808013079e-08 seconds.
Warning: Simulation tolerance relaxed to achieve convergence from 4.1305778808013079e-08 to 4.1305778808110733e-08 seconds.
Warning: Simulation tolerance relaxed to achieve convergence from 4.1305778808110733e-08 to 4.1305778808208386e-08 seconds.
Warning: Simulation tolerance relaxed to achieve convergence from 4.1305778808208386e-08 to 4.1305778808306040e-08 seconds.
Warning: Simulation tolerance relaxed to achieve convergence from 4.1305778808306040e-08 to 4.1305778808403694e-08 seconds.
Warning: Simulation tolerance relaxed to achieve convergence from 4.1305778808403694e-08 to 4.1305778808501347e-08 seconds.
Warning: Simulation tolerance relaxed to achieve convergence from 4.1305778808501347e-08 to 4.1305778808599001e-08 seconds.
Warning: Simulation tolerance relaxed to achieve convergence from 4.1305778808599001e-08 to 4.1305778808696654e-08 seconds.
Warning: Simulation tolerance relaxed to achieve convergence from 4.1305778808696654e-08 to 4.1305778808794308e-08 seconds.
Warning: Simulation tolerance relaxed to achieve convergence from 4.1305778808794308e-08 to 4.1305778808891962e-08 seconds.
Warning: Simulation tolerance relaxed to achieve convergence from 4.1305778808891962e-08 to 4.1305778808989615e-08 seconds.
Warning: Simulation tolerance relaxed to achieve convergence from 4.1305778808989615e-08 to 4.1305778809087269e-08 seconds.
Warning: Simulation tolerance relaxed to achieve convergence from 4.1305778809087269e-08 to 4.1305778809184923e-08 seconds.
Warning: Simulation tolerance relaxed to achieve convergence from 4.1305778809184923e-08 to 4.1305778809282576e-08 seconds.
Warning: Simulation tolerance relaxed to achieve convergence from 4.1305778809282576e-08 to 4.1305778809380230e-08 seconds.
Warning: Simulation tolerance relaxed to achieve convergence from 4.1305778809380230e-08 to 4.1305778809477883e-08 seconds.
Warning: Simulation tolerance relaxed to achieve convergence from 4.1305778809477883e-08 to 4.1305778809575537e-08 seconds.
Warning: Simulation tolerance relaxed to achieve convergence from 4.1305778809575537e-08 to 4.1305778809673191e-08 seconds.
Warning: Simulation tolerance relaxed to achieve convergence from 4.1305778809673191e-08 to 4.1305778809770844e-08 seconds.
Warning: Simulation tolerance relaxed to achieve convergence from 4.1305778809770844e-08 to 4.1305778809868498e-08 seconds.
Warning: Simulation tolerance relaxed to achieve convergence from 4.1305778809868498e-08 to 4.1305778809966152e-08 seconds.
Warning: Simulation tolerance relaxed to achieve convergence from 4.1305778809966152e-08 to 4.1305778810063805e-08 seconds.
Warning: Simulation tolerance relaxed to achieve convergence from 4.1305778810063805e-08 to 4.1305778810161459e-08 seconds.
Warning: Simulation tolerance relaxed to achieve convergence from 4.1305778810161459e-08 to 4.1305778810259113e-08 seconds.
Warning: Simulation tolerance relaxed to achieve convergence from 4.1305778810259113e-08 to 4.1305778810356766e-08 seconds.
Warning: Simulation tolerance relaxed to achieve convergence from 4.1305778810356766e-08 to 4.1305778810454420e-08 seconds.
Warning: Simulation tolerance relaxed to achieve convergence from 4.1305778810454420e-08 to 4.1305778810552073e-08 seconds.
Warning: Simulation tolerance relaxed to achieve convergence from 4.1305778810552073e-08 to 4.1305778810649727e-08 seconds.
Warning: Simulation tolerance relaxed to achieve convergence from 4.1305778810649727e-08 to 4.1305778810747381e-08 seconds.
Warning: Simulation tolerance relaxed to achieve convergence from 4.1305778810747381e-08 to 4.1305778810845034e-08 seconds.
Warning: Simulation tolerance relaxed to achieve convergence from 4.1305778810845034e-08 to 4.1305778810942688e-08 seconds.
Warning: Simulation tolerance relaxed to achieve convergence from 4.1305778810942688e-08 to 4.1305778811040342e-08 seconds.
Warning: Simulation tolerance relaxed to achieve convergence from 4.1305778811040342e-08 to 4.1305778811137995e-08 seconds.
Warning: Simulation tolerance relaxed to achieve convergence from 4.1305778811137995e-08 to 4.1305778811235649e-08 seconds.
Warning: Simulation tolerance relaxed to achieve convergence from 4.1305778811235649e-08 to 4.1305778811333303e-08 seconds.
Warning: Simulation tolerance relaxed to achieve convergence from 4.1305778811333303e-08 to 4.1305778811430956e-08 seconds.
Warning: Simulation tolerance relaxed to achieve convergence from 4.1305778811430956e-08 to 4.1305778811528610e-08 seconds.
Warning: Simulation tolerance relaxed to achieve convergence from 4.1305778811528610e-08 to 4.1305778811626263e-08 seconds.
Warning: Simulation tolerance relaxed to achieve convergence from 4.1305778811626263e-08 to 4.1305778811723917e-08 seconds.
Warning: Simulation tolerance relaxed to achieve convergence from 4.1305778811723917e-08 to 4.1305778811821571e-08 seconds.
Warning: Simulation tolerance relaxed to achieve convergence from 4.1305778811821571e-08 to 4.1305778811919224e-08 seconds.
Warning: Simulation tolerance relaxed to achieve convergence from 4.1305778811919224e-08 to 4.1305778812016878e-08 seconds.
Warning: Simulation tolerance relaxed to achieve convergence from 4.1305778812016878e-08 to 4.1305778812114532e-08 seconds.
Warning: Simulation tolerance relaxed to achieve convergence from 4.1305778812114532e-08 to 4.1305778812212185e-08 seconds.
Warning: Simulation tolerance relaxed to achieve convergence from 4.1305778812212185e-08 to 4.1305778812309839e-08 seconds.
Warning: Simulation tolerance relaxed to achieve convergence from 4.1305778812309839e-08 to 4.1305778812407493e-08 seconds.
Warning: Simulation tolerance relaxed to achieve convergence from 4.1305778812407493e-08 to 4.1305778812505146e-08 seconds.
Warning: Simulation tolerance relaxed to achieve convergence from 4.1305778812505146e-08 to 4.1305778812602800e-08 seconds.
Warning: Simulation tolerance relaxed to achieve convergence from 4.1305778812602800e-08 to 4.1305778812700453e-08 seconds.
Warning: Simulation tolerance relaxed to achieve convergence from 4.1305778812700453e-08 to 4.1305778812798107e-08 seconds.
Warning: Simulation tolerance relaxed to achieve convergence from 4.1305778812798107e-08 to 4.1305778812895761e-08 seconds.
Warning: Simulation tolerance relaxed to achieve convergence from 4.1305778812895761e-08 to 4.1305778812993414e-08 seconds.
Warning: Simulation tolerance relaxed to achieve convergence from 4.1305778812993414e-08 to 4.1305778813091068e-08 seconds.
Warning: Simulation tolerance relaxed to achieve convergence from 4.1305778813091068e-08 to 4.1305778813188722e-08 seconds.
Warning: Simulation tolerance relaxed to achieve convergence from 4.1305778813188722e-08 to 4.1305778813286375e-08 seconds.
Warning: Simulation tolerance relaxed to achieve convergence from 4.1305778813286375e-08 to 4.1305778813384029e-08 seconds.
Warning: Simulation tolerance relaxed to achieve convergence from 4.1305778813384029e-08 to 4.1305778813481682e-08 seconds.
Warning: Simulation tolerance relaxed to achieve convergence from 4.1305778813481682e-08 to 4.1305778813579336e-08 seconds.
Warning: Simulation tolerance relaxed to achieve convergence from 4.1305778813579336e-08 to 4.1305778813676990e-08 seconds.
Warning: Simulation tolerance relaxed to achieve convergence from 4.1305778813676990e-08 to 4.1305778813774643e-08 seconds.
Warning: Simulation tolerance relaxed to achieve convergence from 4.1305778813774643e-08 to 4.1305778813872297e-08 seconds.
Warning: Simulation tolerance relaxed to achieve convergence from 4.1305778813872297e-08 to 4.1305778813969951e-08 seconds.
Warning: Simulation tolerance relaxed to achieve convergence from 4.1305778813969951e-08 to 4.1305778814067604e-08 seconds.
Warning: Simulation tolerance relaxed to achieve convergence from 4.1305778814067604e-08 to 4.1305778814165258e-08 seconds.
Warning: Simulation tolerance relaxed to achieve convergence from 4.1305778814165258e-08 to 4.1305778814262912e-08 seconds.
Warning: Simulation tolerance relaxed to achieve convergence from 4.1305778814262912e-08 to 4.1305778814360565e-08 seconds.
Warning: Simulation tolerance relaxed to achieve convergence from 4.1305778814360565e-08 to 4.1305778814458219e-08 seconds.
Warning: Simulation tolerance relaxed to achieve convergence from 4.1305778814458219e-08 to 4.1305778814555872e-08 seconds.
Warning: Simulation tolerance relaxed to achieve convergence from 4.1305778814555872e-08 to 4.1305778814653526e-08 seconds.
Warning: Simulation tolerance relaxed to achieve convergence from 4.1305778814653526e-08 to 4.1305778814751180e-08 seconds.
Warning: Simulation tolerance relaxed to achieve convergence from 4.1305778814751180e-08 to 4.1305778814848833e-08 seconds.
Warning: Simulation tolerance relaxed to achieve convergence from 4.1305778814848833e-08 to 4.1305778814946487e-08 seconds.
Warning: Simulation tolerance relaxed to achieve convergence from 4.1305778814946487e-08 to 4.1305778815044141e-08 seconds.
Warning: Simulation tolerance relaxed to achieve convergence from 4.1305778815044141e-08 to 4.1305778815141794e-08 seconds.
Warning: Simulation tolerance relaxed to achieve convergence from 4.1305778815141794e-08 to 4.1305778815239448e-08 seconds.
Warning: Simulation tolerance relaxed to achieve convergence from 4.1305778815239448e-08 to 4.1305778815337102e-08 seconds.
Warning: Simulation tolerance relaxed to achieve convergence from 4.1305778815337102e-08 to 4.1305778815434755e-08 seconds.
Warning: Simulation tolerance relaxed to achieve convergence from 4.1305778815434755e-08 to 4.1305778815532409e-08 seconds.
Warning: Simulation tolerance relaxed to achieve convergence from 4.1305778815532409e-08 to 4.1305778815630062e-08 seconds.
Warning: Simulation tolerance relaxed to achieve convergence from 4.1305778815630062e-08 to 4.1305778815727716e-08 seconds.
Warning: Simulation tolerance relaxed to achieve convergence from 4.1305778815727716e-08 to 4.1305778815825370e-08 seconds.
Warning: Simulation tolerance relaxed to achieve convergence from 4.1305778815825370e-08 to 4.1305778815923023e-08 seconds.
Warning: Simulation tolerance relaxed to achieve convergence from 4.1305778815923023e-08 to 4.1305778816020677e-08 seconds.
Warning: Simulation tolerance relaxed to achieve convergence from 4.3094264793668078e-08 to 4.3094264793765732e-08 seconds.
Warning: Simulation tolerance relaxed to achieve convergence from 4.7305778779493944e-08 to 4.7305778779591597e-08 seconds.
Warning: Simulation tolerance relaxed to achieve convergence from 4.7305778779591597e-08 to 4.7305778779689251e-08 seconds.
Warning: Simulation tolerance relaxed to achieve convergence from 4.7305778779689251e-08 to 4.7305778779786905e-08 seconds.
Warning: Simulation tolerance relaxed to achieve convergence from 4.7305778779786905e-08 to 4.7305778779884558e-08 seconds.
Warning: Simulation tolerance relaxed to achieve convergence from 4.7305778779884558e-08 to 4.7305778779982212e-08 seconds.
Warning: Simulation tolerance relaxed to achieve convergence from 4.7305778779982212e-08 to 4.7305778780079865e-08 seconds.
Warning: Simulation tolerance relaxed to achieve convergence from 4.7305778780079865e-08 to 4.7305778780177519e-08 seconds.
Warning: Simulation tolerance relaxed to achieve convergence from 4.7305778780177519e-08 to 4.7305778780275173e-08 seconds.
Warning: Simulation tolerance relaxed to achieve convergence from 4.7305778780275173e-08 to 4.7305778780372826e-08 seconds.
Warning: Simulation tolerance relaxed to achieve convergence from 4.7305778780372826e-08 to 4.7305778780470480e-08 seconds.
Warning: Simulation tolerance relaxed to achieve convergence from 4.7305778780470480e-08 to 4.7305778780568134e-08 seconds.
Warning: Simulation tolerance relaxed to achieve convergence from 4.7305778780568134e-08 to 4.7305778780665787e-08 seconds.
Warning: Simulation tolerance relaxed to achieve convergence from 4.7305778780665787e-08 to 4.7305778780763441e-08 seconds.
Warning: Simulation tolerance relaxed to achieve convergence from 4.7305778780763441e-08 to 4.7305778780861095e-08 seconds.
Warning: Simulation tolerance relaxed to achieve convergence from 4.7305778780861095e-08 to 4.7305778780958748e-08 seconds.
Warning: Simulation tolerance relaxed to achieve convergence from 4.7305778780958748e-08 to 4.7305778781056402e-08 seconds.
Warning: Simulation tolerance relaxed to achieve convergence from 4.7305778781056402e-08 to 4.7305778781154055e-08 seconds.
Warning: Simulation tolerance relaxed to achieve convergence from 4.7305778781154055e-08 to 4.7305778781251709e-08 seconds.
Warning: Simulation tolerance relaxed to achieve convergence from 4.7305778781251709e-08 to 4.7305778781349363e-08 seconds.
Warning: Simulation tolerance relaxed to achieve convergence from 4.7305778781349363e-08 to 4.7305778781447016e-08 seconds.
Warning: Simulation tolerance relaxed to achieve convergence from 4.7305778781447016e-08 to 4.7305778781544670e-08 seconds.
Warning: Simulation tolerance relaxed to achieve convergence from 4.7305778781544670e-08 to 4.7305778781642324e-08 seconds.
Warning: Simulation tolerance relaxed to achieve convergence from 4.7305778781642324e-08 to 4.7305778781739977e-08 seconds.
Warning: Simulation tolerance relaxed to achieve convergence from 4.7305778781739977e-08 to 4.7305778781837631e-08 seconds.
Warning: Simulation tolerance relaxed to achieve convergence from 4.7305778781837631e-08 to 4.7305778781935285e-08 seconds.
Warning: Simulation tolerance relaxed to achieve convergence from 4.7305778781935285e-08 to 4.7305778782032938e-08 seconds.
Warning: Simulation tolerance relaxed to achieve convergence from 4.7305778782032938e-08 to 4.7305778782130592e-08 seconds.
Warning: Simulation tolerance relaxed to achieve convergence from 4.7305778782130592e-08 to 4.7305778782228245e-08 seconds.
Warning: Simulation tolerance relaxed to achieve convergence from 4.7305778782228245e-08 to 4.7305778782325899e-08 seconds.
Warning: Simulation tolerance relaxed to achieve convergence from 4.7305778782325899e-08 to 4.7305778782423553e-08 seconds.
Warning: Simulation tolerance relaxed to achieve convergence from 4.7305778782423553e-08 to 4.7305778782521206e-08 seconds.
Warning: Simulation tolerance relaxed to achieve convergence from 4.7305778782521206e-08 to 4.7305778782618860e-08 seconds.
Warning: Simulation tolerance relaxed to achieve convergence from 4.7305778782618860e-08 to 4.7305778782716514e-08 seconds.
Warning: Simulation tolerance relaxed to achieve convergence from 4.7305778782716514e-08 to 4.7305778782814167e-08 seconds.
Warning: Simulation tolerance relaxed to achieve convergence from 4.7305778782814167e-08 to 4.7305778782911821e-08 seconds.
Warning: Simulation tolerance relaxed to achieve convergence from 4.7305778782911821e-08 to 4.7305778783009474e-08 seconds.
Warning: Simulation tolerance relaxed to achieve convergence from 4.7305778783009474e-08 to 4.7305778783107128e-08 seconds.
Warning: Simulation tolerance relaxed to achieve convergence from 4.7305778783107128e-08 to 4.7305778783204782e-08 seconds.
Warning: Simulation tolerance relaxed to achieve convergence from 4.7305778783204782e-08 to 4.7305778783302435e-08 seconds.
Warning: Simulation tolerance relaxed to achieve convergence from 4.7305778783302435e-08 to 4.7305778783400089e-08 seconds.
Warning: Simulation tolerance relaxed to achieve convergence from 4.7305778783400089e-08 to 4.7305778783497743e-08 seconds.
Warning: Simulation tolerance relaxed to achieve convergence from 4.7305778783497743e-08 to 4.7305778783595396e-08 seconds.
Warning: Simulation tolerance relaxed to achieve convergence from 4.7305778783595396e-08 to 4.7305778783693050e-08 seconds.
Warning: Simulation tolerance relaxed to achieve convergence from 4.7305778783693050e-08 to 4.7305778783790704e-08 seconds.
Warning: Simulation tolerance relaxed to achieve convergence from 4.7305778783790704e-08 to 4.7305778783888357e-08 seconds.
Warning: Simulation tolerance relaxed to achieve convergence from 4.7305778783888357e-08 to 4.7305778783986011e-08 seconds.
Warning: Simulation tolerance relaxed to achieve convergence from 4.7305778783986011e-08 to 4.7305778784083664e-08 seconds.
Warning: Simulation tolerance relaxed to achieve convergence from 4.7305778784083664e-08 to 4.7305778784181318e-08 seconds.
Warning: Simulation tolerance relaxed to achieve convergence from 4.7305778784181318e-08 to 4.7305778784278972e-08 seconds.
Warning: Simulation tolerance relaxed to achieve convergence from 4.7305778784278972e-08 to 4.7305778784376625e-08 seconds.
Warning: Simulation tolerance relaxed to achieve convergence from 4.7305778784376625e-08 to 4.7305778784474279e-08 seconds.
Warning: Simulation tolerance relaxed to achieve convergence from 4.7305778784474279e-08 to 4.7305778784571933e-08 seconds.
Warning: Simulation tolerance relaxed to achieve convergence from 4.7305778784571933e-08 to 4.7305778784669586e-08 seconds.
Warning: Simulation tolerance relaxed to achieve convergence from 4.7305778784669586e-08 to 4.7305778784767240e-08 seconds.
Warning: Simulation tolerance relaxed to achieve convergence from 4.7305778784767240e-08 to 4.7305778784864894e-08 seconds.
Warning: Simulation tolerance relaxed to achieve convergence from 4.7305778784864894e-08 to 4.7305778784962547e-08 seconds.
Warning: Simulation tolerance relaxed to achieve convergence from 4.7305778784962547e-08 to 4.7305778785060201e-08 seconds.
Warning: Simulation tolerance relaxed to achieve convergence from 4.7305778785060201e-08 to 4.7305778785157854e-08 seconds.
Warning: Simulation tolerance relaxed to achieve convergence from 4.7305778785157854e-08 to 4.7305778785255508e-08 seconds.
Warning: Simulation tolerance relaxed to achieve convergence from 4.7305778785255508e-08 to 4.7305778785353162e-08 seconds.
Warning: Simulation tolerance relaxed to achieve convergence from 4.7305778785353162e-08 to 4.7305778785450815e-08 seconds.
Warning: Simulation tolerance relaxed to achieve convergence from 4.7305778785450815e-08 to 4.7305778785548469e-08 seconds.
Warning: Simulation tolerance relaxed to achieve convergence from 4.7305778785548469e-08 to 4.7305778785646123e-08 seconds.
Warning: Simulation tolerance relaxed to achieve convergence from 4.7305778785646123e-08 to 4.7305778785743776e-08 seconds.
Warning: Simulation tolerance relaxed to achieve convergence from 4.7305778785743776e-08 to 4.7305778785841430e-08 seconds.
Warning: Simulation tolerance relaxed to achieve convergence from 4.7305778785841430e-08 to 4.7305778785939084e-08 seconds.
Warning: Simulation tolerance relaxed to achieve convergence from 4.7305778785939084e-08 to 4.7305778786036737e-08 seconds.
Warning: Simulation tolerance relaxed to achieve convergence from 4.7305778786036737e-08 to 4.7305778786134391e-08 seconds.
Warning: Simulation tolerance relaxed to achieve convergence from 4.7305778786134391e-08 to 4.7305778786232044e-08 seconds.
Warning: Simulation tolerance relaxed to achieve convergence from 4.7305778786232044e-08 to 4.7305778786329698e-08 seconds.
Warning: Simulation tolerance relaxed to achieve convergence from 4.7305778786329698e-08 to 4.7305778786427352e-08 seconds.
Warning: Simulation tolerance relaxed to achieve convergence from 4.7305778786427352e-08 to 4.7305778786525005e-08 seconds.
Warning: Simulation tolerance relaxed to achieve convergence from 4.7305778786525005e-08 to 4.7305778786622659e-08 seconds.
Warning: Simulation tolerance relaxed to achieve convergence from 4.7305778786622659e-08 to 4.7305778786720313e-08 seconds.
Warning: Simulation tolerance relaxed to achieve convergence from 4.7305778786720313e-08 to 4.7305778786817966e-08 seconds.
Warning: Simulation tolerance relaxed to achieve convergence from 4.7305778786817966e-08 to 4.7305778786915620e-08 seconds.
Warning: Simulation tolerance relaxed to achieve convergence from 4.7305778786915620e-08 to 4.7305778787013273e-08 seconds.
Warning: Simulation tolerance relaxed to achieve convergence from 4.7305778787013273e-08 to 4.7305778787110927e-08 seconds.
Warning: Simulation tolerance relaxed to achieve convergence from 4.7305778787110927e-08 to 4.7305778787208581e-08 seconds.
Warning: Simulation tolerance relaxed to achieve convergence from 4.7305778787208581e-08 to 4.7305778787306234e-08 seconds.
Warning: Simulation tolerance relaxed to achieve convergence from 4.7305778787306234e-08 to 4.7305778787403888e-08 seconds.
Warning: Simulation tolerance relaxed to achieve convergence from 4.7305778787403888e-08 to 4.7305778787501542e-08 seconds.
Warning: Simulation tolerance relaxed to achieve convergence from 4.7305778787501542e-08 to 4.7305778787599195e-08 seconds.
Warning: Simulation tolerance relaxed to achieve convergence from 4.7305778787599195e-08 to 4.7305778787696849e-08 seconds.
Warning: Simulation tolerance relaxed to achieve convergence from 4.7305778787696849e-08 to 4.7305778787794503e-08 seconds.
Warning: Simulation tolerance relaxed to achieve convergence from 4.7305778787794503e-08 to 4.7305778787892156e-08 seconds.
Warning: Simulation tolerance relaxed to achieve convergence from 4.7305778787892156e-08 to 4.7305778787989810e-08 seconds.
Warning: Simulation tolerance relaxed to achieve convergence from 4.7305778787989810e-08 to 4.7305778788087463e-08 seconds.
Warning: Simulation tolerance relaxed to achieve convergence from 4.7305778788087463e-08 to 4.7305778788185117e-08 seconds.
Warning: Simulation tolerance relaxed to achieve convergence from 4.7305778788185117e-08 to 4.7305778788282771e-08 seconds.
Warning: Simulation tolerance relaxed to achieve convergence from 4.7305778788282771e-08 to 4.7305778788380424e-08 seconds.
Warning: Simulation tolerance relaxed to achieve convergence from 4.7305778788380424e-08 to 4.7305778788478078e-08 seconds.
Warning: Simulation tolerance relaxed to achieve convergence from 4.7305778788478078e-08 to 4.7305778788575732e-08 seconds.
Warning: Simulation tolerance relaxed to achieve convergence from 4.7305778788575732e-08 to 4.7305778788673385e-08 seconds.
Warning: Simulation tolerance relaxed to achieve convergence from 4.7305778788673385e-08 to 4.7305778788771039e-08 seconds.
Warning: Simulation tolerance relaxed to achieve convergence from 4.7305778788771039e-08 to 4.7305778788868693e-08 seconds.
Warning: Simulation tolerance relaxed to achieve convergence from 4.7305778788868693e-08 to 4.7305778788966346e-08 seconds.
Warning: Simulation tolerance relaxed to achieve convergence from 4.7305778788966346e-08 to 4.7305778789064000e-08 seconds.
Warning: Simulation tolerance relaxed to achieve convergence from 4.7305778789064000e-08 to 4.7305778789161653e-08 seconds.
Warning: Simulation tolerance relaxed to achieve convergence from 4.7305778789161653e-08 to 4.7305778789259307e-08 seconds.
Warning: Simulation tolerance relaxed to achieve convergence from 4.7305778789259307e-08 to 4.7305778789356961e-08 seconds.
Warning: Simulation tolerance relaxed to achieve convergence from 4.7305778789356961e-08 to 4.7305778789454614e-08 seconds.
Warning: Simulation tolerance relaxed to achieve convergence from 4.7305778789454614e-08 to 4.7305778789552268e-08 seconds.
Warning: Simulation tolerance relaxed to achieve convergence from 4.7305778789552268e-08 to 4.7305778789649922e-08 seconds.
Warning: Simulation tolerance relaxed to achieve convergence from 4.7305778789649922e-08 to 4.7305778789747575e-08 seconds.
Warning: Simulation tolerance relaxed to achieve convergence from 4.7305778789747575e-08 to 4.7305778789845229e-08 seconds.
Warning: Simulation tolerance relaxed to achieve convergence from 4.7305778789845229e-08 to 4.7305778789942883e-08 seconds.
Warning: Simulation tolerance relaxed to achieve convergence from 4.7305778789942883e-08 to 4.7305778790040536e-08 seconds.
Warning: Simulation tolerance relaxed to achieve convergence from 4.7305778790040536e-08 to 4.7305778790138190e-08 seconds.
Warning: Simulation tolerance relaxed to achieve convergence from 4.7305778790138190e-08 to 4.7305778790235843e-08 seconds.
Warning: Simulation tolerance relaxed to achieve convergence from 4.7305778790235843e-08 to 4.7305778790333497e-08 seconds.
Warning: Simulation tolerance relaxed to achieve convergence from 4.7305778790333497e-08 to 4.7305778790431151e-08 seconds.
Warning: Simulation tolerance relaxed to achieve convergence from 4.7305778790431151e-08 to 4.7305778790528804e-08 seconds.
Warning: Simulation tolerance relaxed to achieve convergence from 4.7305778790528804e-08 to 4.7305778790626458e-08 seconds.
Warning: Simulation tolerance relaxed to achieve convergence from 4.7305778790626458e-08 to 4.7305778790724112e-08 seconds.
Warning: Simulation tolerance relaxed to achieve convergence from 4.7305778790724112e-08 to 4.7305778790821765e-08 seconds.
Warning: Simulation tolerance relaxed to achieve convergence from 4.7305778790821765e-08 to 4.7305778790919419e-08 seconds.
Warning: Simulation tolerance relaxed to achieve convergence from 4.7305778790919419e-08 to 4.7305778791017073e-08 seconds.
Warning: Simulation tolerance relaxed to achieve convergence from 4.7305778791017073e-08 to 4.7305778791114726e-08 seconds.
Warning: Simulation tolerance relaxed to achieve convergence from 4.7305778791114726e-08 to 4.7305778791212380e-08 seconds.
Warning: Simulation tolerance relaxed to achieve convergence from 4.7305778791212380e-08 to 4.7305778791310033e-08 seconds.
Warning: Simulation tolerance relaxed to achieve convergence from 4.7305778791310033e-08 to 4.7305778791407687e-08 seconds.
Warning: Simulation tolerance relaxed to achieve convergence from 4.7305778791407687e-08 to 4.7305778791505341e-08 seconds.
Warning: Simulation tolerance relaxed to achieve convergence from 4.7305778791505341e-08 to 4.7305778791602994e-08 seconds.
Warning: Simulation tolerance relaxed to achieve convergence from 4.7305778791602994e-08 to 4.7305778791700648e-08 seconds.
Warning: Simulation tolerance relaxed to achieve convergence from 4.7305778791700648e-08 to 4.7305778791798302e-08 seconds.
Warning: Simulation tolerance relaxed to achieve convergence from 4.7305778791798302e-08 to 4.7305778791895955e-08 seconds.
Warning: Simulation tolerance relaxed to achieve convergence from 4.7305778791895955e-08 to 4.7305778791993609e-08 seconds.
Warning: Simulation tolerance relaxed to achieve convergence from 4.7305778791993609e-08 to 4.7305778792091262e-08 seconds.
Warning: Simulation tolerance relaxed to achieve convergence from 4.7305778792091262e-08 to 4.7305778792188916e-08 seconds.
Warning: Simulation tolerance relaxed to achieve convergence from 4.7305778792188916e-08 to 4.7305778792286570e-08 seconds.
Warning: Simulation tolerance relaxed to achieve convergence from 4.7305778792286570e-08 to 4.7305778792384223e-08 seconds.
Warning: Simulation tolerance relaxed to achieve convergence from 4.7305778792384223e-08 to 4.7305778792481877e-08 seconds.
Warning: Simulation tolerance relaxed to achieve convergence from 4.7305778792481877e-08 to 4.7305778792579531e-08 seconds.
Warning: Simulation tolerance relaxed to achieve convergence from 4.7305778792579531e-08 to 4.7305778792677184e-08 seconds.
Warning: Simulation tolerance relaxed to achieve convergence from 4.7305778792677184e-08 to 4.7305778792774838e-08 seconds.
Warning: Simulation tolerance relaxed to achieve convergence from 4.7305778792774838e-08 to 4.7305778792872492e-08 seconds.
Warning: Simulation tolerance relaxed to achieve convergence from 4.7305778792872492e-08 to 4.7305778792970145e-08 seconds.
Warning: Simulation tolerance relaxed to achieve convergence from 4.7305778792970145e-08 to 4.7305778793067799e-08 seconds.
Warning: Simulation tolerance relaxed to achieve convergence from 4.7305778793067799e-08 to 4.7305778793165452e-08 seconds.
Warning: Simulation tolerance relaxed to achieve convergence from 4.7305778793165452e-08 to 4.7305778793263106e-08 seconds.
Warning: Simulation tolerance relaxed to achieve convergence from 4.7305778793263106e-08 to 4.7305778793360760e-08 seconds.
Warning: Simulation tolerance relaxed to achieve convergence from 4.7305778793360760e-08 to 4.7305778793458413e-08 seconds.
Warning: Simulation tolerance relaxed to achieve convergence from 4.7305778793458413e-08 to 4.7305778793556067e-08 seconds.
Warning: Simulation tolerance relaxed to achieve convergence from 4.7305778793556067e-08 to 4.7305778793653721e-08 seconds.
Warning: Simulation tolerance relaxed to achieve convergence from 4.7305778793653721e-08 to 4.7305778793751374e-08 seconds.
Warning: Simulation tolerance relaxed to achieve convergence from 4.7305778793751374e-08 to 4.7305778793849028e-08 seconds.
Warning: Simulation tolerance relaxed to achieve convergence from 4.7305778793849028e-08 to 4.7305778793946682e-08 seconds.
Warning: Simulation tolerance relaxed to achieve convergence from 4.7305778793946682e-08 to 4.7305778794044335e-08 seconds.
Warning: Simulation tolerance relaxed to achieve convergence from 4.7305778794044335e-08 to 4.7305778794141989e-08 seconds.
Warning: Simulation tolerance relaxed to achieve convergence from 4.7305778794141989e-08 to 4.7305778794239642e-08 seconds.
Warning: Simulation tolerance relaxed to achieve convergence from 4.7305778794239642e-08 to 4.7305778794337296e-08 seconds.
Warning: Simulation tolerance relaxed to achieve convergence from 4.7305778794337296e-08 to 4.7305778794434950e-08 seconds.
Warning: Simulation tolerance relaxed to achieve convergence from 4.7305778794434950e-08 to 4.7305778794532603e-08 seconds.
Warning: Simulation tolerance relaxed to achieve convergence from 4.7305778794532603e-08 to 4.7305778794630257e-08 seconds.
Warning: Simulation tolerance relaxed to achieve convergence from 4.7305778794630257e-08 to 4.7305778794727911e-08 seconds.
Warning: Simulation tolerance relaxed to achieve convergence from 4.7305778794727911e-08 to 4.7305778794825564e-08 seconds.
Warning: Simulation tolerance relaxed to achieve convergence from 4.7305778794825564e-08 to 4.7305778794923218e-08 seconds.
Warning: Simulation tolerance relaxed to achieve convergence from 4.7305778794923218e-08 to 4.7305778795020872e-08 seconds.
Warning: Simulation tolerance relaxed to achieve convergence from 4.7305778795020872e-08 to 4.7305778795118525e-08 seconds.
Warning: Simulation tolerance relaxed to achieve convergence from 4.7305778795118525e-08 to 4.7305778795216179e-08 seconds.
Warning: Simulation tolerance relaxed to achieve convergence from 4.7305778795216179e-08 to 4.7305778795313832e-08 seconds.
Warning: Simulation tolerance relaxed to achieve convergence from 4.7305778795313832e-08 to 4.7305778795411486e-08 seconds.
Warning: Simulation tolerance relaxed to achieve convergence from 4.7305778795411486e-08 to 4.7305778795509140e-08 seconds.
Warning: Simulation tolerance relaxed to achieve convergence from 4.7305778795509140e-08 to 4.7305778795606793e-08 seconds.
Warning: Simulation tolerance relaxed to achieve convergence from 4.7305778795606793e-08 to 4.7305778795704447e-08 seconds.
Warning: Simulation tolerance relaxed to achieve convergence from 4.7305778795704447e-08 to 4.7305778795802101e-08 seconds.
Warning: Simulation tolerance relaxed to achieve convergence from 4.7305778795802101e-08 to 4.7305778795899754e-08 seconds.
Warning: Simulation tolerance relaxed to achieve convergence from 4.7305778795899754e-08 to 4.7305778795997408e-08 seconds.
Warning: Simulation tolerance relaxed to achieve convergence from 4.7305778795997408e-08 to 4.7305778796095061e-08 seconds.
Warning: Simulation tolerance relaxed to achieve convergence from 4.7305778796095061e-08 to 4.7305778796192715e-08 seconds.
Warning: Simulation tolerance relaxed to achieve convergence from 4.7305778796192715e-08 to 4.7305778796290369e-08 seconds.
Warning: Simulation tolerance relaxed to achieve convergence from 4.7305778796290369e-08 to 4.7305778796388022e-08 seconds.
Warning: Simulation tolerance relaxed to achieve convergence from 4.7305778796388022e-08 to 4.7305778796485676e-08 seconds.
Warning: Simulation tolerance relaxed to achieve convergence from 4.7305778796485676e-08 to 4.7305778796583330e-08 seconds.
Warning: Simulation tolerance relaxed to achieve convergence from 4.7305778796583330e-08 to 4.7305778796680983e-08 seconds.
Warning: Simulation tolerance relaxed to achieve convergence from 4.7305778796680983e-08 to 4.7305778796778637e-08 seconds.
Warning: Simulation tolerance relaxed to achieve convergence from 4.7305778796778637e-08 to 4.7305778796876291e-08 seconds.
Warning: Simulation tolerance relaxed to achieve convergence from 4.7305778796876291e-08 to 4.7305778796973944e-08 seconds.
Warning: Simulation tolerance relaxed to achieve convergence from 4.7305778796973944e-08 to 4.7305778797071598e-08 seconds.
Warning: Simulation tolerance relaxed to achieve convergence from 4.7305778797071598e-08 to 4.7305778797169251e-08 seconds.
Warning: Simulation tolerance relaxed to achieve convergence from 4.7305778797169251e-08 to 4.7305778797266905e-08 seconds.
Warning: Simulation tolerance relaxed to achieve convergence from 4.7305778797266905e-08 to 4.7305778797364559e-08 seconds.
Warning: Simulation tolerance relaxed to achieve convergence from 4.7305778797364559e-08 to 4.7305778797462212e-08 seconds.
Warning: Simulation tolerance relaxed to achieve convergence from 4.7305778797462212e-08 to 4.7305778797559866e-08 seconds.
Warning: Simulation tolerance relaxed to achieve convergence from 4.7305778797559866e-08 to 4.7305778797657520e-08 seconds.
Warning: Simulation tolerance relaxed to achieve convergence from 4.7305778797657520e-08 to 4.7305778797755173e-08 seconds.
Warning: Simulation tolerance relaxed to achieve convergence from 4.7305778797755173e-08 to 4.7305778797852827e-08 seconds.
Warning: Simulation tolerance relaxed to achieve convergence from 4.7305778797852827e-08 to 4.7305778797950481e-08 seconds.
Warning: Simulation tolerance relaxed to achieve convergence from 4.7305778797950481e-08 to 4.7305778798048134e-08 seconds.
Warning: Simulation tolerance relaxed to achieve convergence from 4.7305778798048134e-08 to 4.7305778798145788e-08 seconds.
Warning: Simulation tolerance relaxed to achieve convergence from 4.7305778798145788e-08 to 4.7305778798243441e-08 seconds.
Warning: Simulation tolerance relaxed to achieve convergence from 4.7305778798243441e-08 to 4.7305778798341095e-08 seconds.
Warning: Simulation tolerance relaxed to achieve convergence from 4.7305778798341095e-08 to 4.7305778798438749e-08 seconds.
Warning: Simulation tolerance relaxed to achieve convergence from 4.7305778798438749e-08 to 4.7305778798536402e-08 seconds.
Warning: Simulation tolerance relaxed to achieve convergence from 4.7305778798536402e-08 to 4.7305778798634056e-08 seconds.
Warning: Simulation tolerance relaxed to achieve convergence from 4.7305778798634056e-08 to 4.7305778798731710e-08 seconds.
Warning: Simulation tolerance relaxed to achieve convergence from 4.7305778798731710e-08 to 4.7305778798829363e-08 seconds.
Warning: Simulation tolerance relaxed to achieve convergence from 4.7305778798829363e-08 to 4.7305778798927017e-08 seconds.
Warning: Simulation tolerance relaxed to achieve convergence from 4.7305778798927017e-08 to 4.7305778799024671e-08 seconds.
Warning: Simulation tolerance relaxed to achieve convergence from 4.7305778799024671e-08 to 4.7305778799122324e-08 seconds.
Warning: Simulation tolerance relaxed to achieve convergence from 4.7305778799122324e-08 to 4.7305778799219978e-08 seconds.
Warning: Simulation tolerance relaxed to achieve convergence from 4.7305778799219978e-08 to 4.7305778799317631e-08 seconds.
Warning: Simulation tolerance relaxed to achieve convergence from 4.7305778799317631e-08 to 4.7305778799415285e-08 seconds.
Warning: Simulation tolerance relaxed to achieve convergence from 4.7305778799415285e-08 to 4.7305778799512939e-08 seconds.
Warning: Simulation tolerance relaxed to achieve convergence from 4.7305778799512939e-08 to 4.7305778799610592e-08 seconds.
Warning: Simulation tolerance relaxed to achieve convergence from 4.7305778799610592e-08 to 4.7305778799708246e-08 seconds.
Warning: Simulation tolerance relaxed to achieve convergence from 4.7305778799708246e-08 to 4.7305778799805900e-08 seconds.
Warning: Simulation tolerance relaxed to achieve convergence from 4.7305778799805900e-08 to 4.7305778799903553e-08 seconds.
Warning: Simulation tolerance relaxed to achieve convergence from 4.7305778799903553e-08 to 4.7305778800001207e-08 seconds.
Warning: Simulation tolerance relaxed to achieve convergence from 4.7305778800001207e-08 to 4.7305778800098861e-08 seconds.
Warning: Simulation tolerance relaxed to achieve convergence from 4.7305778800098861e-08 to 4.7305778800196514e-08 seconds.
Warning: Simulation tolerance relaxed to achieve convergence from 4.7305778800196514e-08 to 4.7305778800294168e-08 seconds.
Warning: Simulation tolerance relaxed to achieve convergence from 4.7305778800294168e-08 to 4.7305778800391821e-08 seconds.
Warning: Simulation tolerance relaxed to achieve convergence from 4.7305778800391821e-08 to 4.7305778800489475e-08 seconds.
Warning: Simulation tolerance relaxed to achieve convergence from 4.7305778800489475e-08 to 4.7305778800587129e-08 seconds.
Warning: Simulation tolerance relaxed to achieve convergence from 4.7305778800587129e-08 to 4.7305778800684782e-08 seconds.
Warning: Simulation tolerance relaxed to achieve convergence from 4.7305778800684782e-08 to 4.7305778800782436e-08 seconds.
Warning: Simulation tolerance relaxed to achieve convergence from 4.7305778800782436e-08 to 4.7305778800880090e-08 seconds.
Warning: Simulation tolerance relaxed to achieve convergence from 4.7305778800880090e-08 to 4.7305778800977743e-08 seconds.
Warning: Simulation tolerance relaxed to achieve convergence from 4.7305778800977743e-08 to 4.7305778801075397e-08 seconds.
Warning: Simulation tolerance relaxed to achieve convergence from 4.7305778801075397e-08 to 4.7305778801173050e-08 seconds.
Warning: Simulation tolerance relaxed to achieve convergence from 4.7305778801173050e-08 to 4.7305778801270704e-08 seconds.
Warning: Simulation tolerance relaxed to achieve convergence from 4.7305778801270704e-08 to 4.7305778801368358e-08 seconds.
Warning: Simulation tolerance relaxed to achieve convergence from 4.7305778801368358e-08 to 4.7305778801466011e-08 seconds.
Warning: Simulation tolerance relaxed to achieve convergence from 4.7305778801466011e-08 to 4.7305778801563665e-08 seconds.
Warning: Simulation tolerance relaxed to achieve convergence from 4.7305778801563665e-08 to 4.7305778801661319e-08 seconds.
Warning: Simulation tolerance relaxed to achieve convergence from 4.7305778801661319e-08 to 4.7305778801758972e-08 seconds.
Warning: Simulation tolerance relaxed to achieve convergence from 4.7305778801758972e-08 to 4.7305778801856626e-08 seconds.
Warning: Simulation tolerance relaxed to achieve convergence from 4.7305778801856626e-08 to 4.7305778801954280e-08 seconds.
Warning: Simulation tolerance relaxed to achieve convergence from 4.7305778801954280e-08 to 4.7305778802051933e-08 seconds.
Warning: Simulation tolerance relaxed to achieve convergence from 4.7305778802051933e-08 to 4.7305778802149587e-08 seconds.
Warning: Simulation tolerance relaxed to achieve convergence from 4.7305778802149587e-08 to 4.7305778802247240e-08 seconds.
Warning: Simulation tolerance relaxed to achieve convergence from 4.7305778802247240e-08 to 4.7305778802344894e-08 seconds.
Warning: Simulation tolerance relaxed to achieve convergence from 4.7305778802344894e-08 to 4.7305778802442548e-08 seconds.
Warning: Simulation tolerance relaxed to achieve convergence from 4.7305778802442548e-08 to 4.7305778802540201e-08 seconds.
Warning: Simulation tolerance relaxed to achieve convergence from 4.7305778802540201e-08 to 4.7305778802637855e-08 seconds.
Warning: Simulation tolerance relaxed to achieve convergence from 4.7305778802637855e-08 to 4.7305778802735509e-08 seconds.
Warning: Simulation tolerance relaxed to achieve convergence from 4.7305778802735509e-08 to 4.7305778802833162e-08 seconds.
Warning: Simulation tolerance relaxed to achieve convergence from 4.7305778802833162e-08 to 4.7305778802930816e-08 seconds.
Warning: Simulation tolerance relaxed to achieve convergence from 4.7305778802930816e-08 to 4.7305778803028470e-08 seconds.
Warning: Simulation tolerance relaxed to achieve convergence from 4.7305778803028470e-08 to 4.7305778803126123e-08 seconds.
Warning: Simulation tolerance relaxed to achieve convergence from 4.7305778803126123e-08 to 4.7305778803223777e-08 seconds.
Warning: Simulation tolerance relaxed to achieve convergence from 4.7305778803223777e-08 to 4.7305778803321430e-08 seconds.
Warning: Simulation tolerance relaxed to achieve convergence from 4.7305778803321430e-08 to 4.7305778803419084e-08 seconds.
Warning: Simulation tolerance relaxed to achieve convergence from 4.7305778803419084e-08 to 4.7305778803516738e-08 seconds.
Warning: Simulation tolerance relaxed to achieve convergence from 4.7305778803516738e-08 to 4.7305778803614391e-08 seconds.
Warning: Simulation tolerance relaxed to achieve convergence from 4.7305778803614391e-08 to 4.7305778803712045e-08 seconds.
Warning: Simulation tolerance relaxed to achieve convergence from 4.7305778803712045e-08 to 4.7305778803809699e-08 seconds.
Warning: Simulation tolerance relaxed to achieve convergence from 4.7305778803809699e-08 to 4.7305778803907352e-08 seconds.
Warning: Simulation tolerance relaxed to achieve convergence from 4.7305778803907352e-08 to 4.7305778804005006e-08 seconds.
Warning: Simulation tolerance relaxed to achieve convergence from 4.7305778804005006e-08 to 4.7305778804102660e-08 seconds.
Warning: Simulation tolerance relaxed to achieve convergence from 4.7305778804102660e-08 to 4.7305778804200313e-08 seconds.
Warning: Simulation tolerance relaxed to achieve convergence from 4.7305778804200313e-08 to 4.7305778804297967e-08 seconds.
Warning: Simulation tolerance relaxed to achieve convergence from 4.7305778804297967e-08 to 4.7305778804395620e-08 seconds.
Warning: Simulation tolerance relaxed to achieve convergence from 4.7305778804395620e-08 to 4.7305778804493274e-08 seconds.
Warning: Simulation tolerance relaxed to achieve convergence from 4.7305778804493274e-08 to 4.7305778804590928e-08 seconds.
Warning: Simulation tolerance relaxed to achieve convergence from 4.7305778804590928e-08 to 4.7305778804688581e-08 seconds.
Warning: Simulation tolerance relaxed to achieve convergence from 4.7305778804688581e-08 to 4.7305778804786235e-08 seconds.
Warning: Simulation tolerance relaxed to achieve convergence from 4.7305778804786235e-08 to 4.7305778804883889e-08 seconds.
Warning: Simulation tolerance relaxed to achieve convergence from 4.7305778804883889e-08 to 4.7305778804981542e-08 seconds.
Warning: Simulation tolerance relaxed to achieve convergence from 4.7305778804981542e-08 to 4.7305778805079196e-08 seconds.
Warning: Simulation tolerance relaxed to achieve convergence from 4.7305778805079196e-08 to 4.7305778805176849e-08 seconds.
Warning: Simulation tolerance relaxed to achieve convergence from 4.7305778805176849e-08 to 4.7305778805274503e-08 seconds.
Warning: Simulation tolerance relaxed to achieve convergence from 4.7305778805274503e-08 to 4.7305778805372157e-08 seconds.
Warning: Simulation tolerance relaxed to achieve convergence from 4.7305778805372157e-08 to 4.7305778805469810e-08 seconds.
Warning: Simulation tolerance relaxed to achieve convergence from 4.7305778805469810e-08 to 4.7305778805567464e-08 seconds.
Warning: Simulation tolerance relaxed to achieve convergence from 4.7305778805567464e-08 to 4.7305778805665118e-08 seconds.
Warning: Simulation tolerance relaxed to achieve convergence from 4.7305778805665118e-08 to 4.7305778805762771e-08 seconds.
Warning: Simulation tolerance relaxed to achieve convergence from 4.7305778805762771e-08 to 4.7305778805860425e-08 seconds.
Warning: Simulation tolerance relaxed to achieve convergence from 4.7305778805860425e-08 to 4.7305778805958079e-08 seconds.
Warning: Simulation tolerance relaxed to achieve convergence from 4.7305778805958079e-08 to 4.7305778806055732e-08 seconds.
Warning: Simulation tolerance relaxed to achieve convergence from 4.7305778806055732e-08 to 4.7305778806153386e-08 seconds.
Warning: Simulation tolerance relaxed to achieve convergence from 4.7305778806153386e-08 to 4.7305778806251039e-08 seconds.
Warning: Simulation tolerance relaxed to achieve convergence from 4.7305778806251039e-08 to 4.7305778806348693e-08 seconds.
Warning: Simulation tolerance relaxed to achieve convergence from 4.7305778806348693e-08 to 4.7305778806446347e-08 seconds.
Warning: Simulation tolerance relaxed to achieve convergence from 4.7305778806446347e-08 to 4.7305778806544000e-08 seconds.
Warning: Simulation tolerance relaxed to achieve convergence from 4.7305778806544000e-08 to 4.7305778806641654e-08 seconds.
Warning: Simulation tolerance relaxed to achieve convergence from 4.7305778806641654e-08 to 4.7305778806739308e-08 seconds.
Warning: Simulation tolerance relaxed to achieve convergence from 4.7305778806739308e-08 to 4.7305778806836961e-08 seconds.
Warning: Simulation tolerance relaxed to achieve convergence from 4.7305778806836961e-08 to 4.7305778806934615e-08 seconds.
Warning: Simulation tolerance relaxed to achieve convergence from 4.7305778806934615e-08 to 4.7305778807032269e-08 seconds.
Warning: Simulation tolerance relaxed to achieve convergence from 4.7305778807032269e-08 to 4.7305778807129922e-08 seconds.
Warning: Simulation tolerance relaxed to achieve convergence from 4.7305778807129922e-08 to 4.7305778807227576e-08 seconds.
Warning: Simulation tolerance relaxed to achieve convergence from 4.7305778807227576e-08 to 4.7305778807325229e-08 seconds.
Warning: Simulation tolerance relaxed to achieve convergence from 4.7305778807325229e-08 to 4.7305778807422883e-08 seconds.
Warning: Simulation tolerance relaxed to achieve convergence from 4.7305778807422883e-08 to 4.7305778807520537e-08 seconds.
Warning: Simulation tolerance relaxed to achieve convergence from 4.7305778807520537e-08 to 4.7305778807618190e-08 seconds.
Warning: Simulation tolerance relaxed to achieve convergence from 4.7305778807618190e-08 to 4.7305778807715844e-08 seconds.
Warning: Simulation tolerance relaxed to achieve convergence from 4.7305778807715844e-08 to 4.7305778807813498e-08 seconds.
Warning: Simulation tolerance relaxed to achieve convergence from 4.7305778807813498e-08 to 4.7305778807911151e-08 seconds.
Warning: Simulation tolerance relaxed to achieve convergence from 4.7305778807911151e-08 to 4.7305778808008805e-08 seconds.
Warning: Simulation tolerance relaxed to achieve convergence from 4.7305778808008805e-08 to 4.7305778808106459e-08 seconds.
Warning: Simulation tolerance relaxed to achieve convergence from 4.7305778808106459e-08 to 4.7305778808204112e-08 seconds.
Warning: Simulation tolerance relaxed to achieve convergence from 4.7305778808204112e-08 to 4.7305778808301766e-08 seconds.
Warning: Simulation tolerance relaxed to achieve convergence from 4.7305778808301766e-08 to 4.7305778808399419e-08 seconds.
Warning: Simulation tolerance relaxed to achieve convergence from 4.7305778808399419e-08 to 4.7305778808497073e-08 seconds.
Warning: Simulation tolerance relaxed to achieve convergence from 4.7305778808497073e-08 to 4.7305778808594727e-08 seconds.
Warning: Simulation tolerance relaxed to achieve convergence from 4.7305778808594727e-08 to 4.7305778808692380e-08 seconds.
Warning: Simulation tolerance relaxed to achieve convergence from 4.7305778808692380e-08 to 4.7305778808790034e-08 seconds.
Warning: Simulation tolerance relaxed to achieve convergence from 4.7305778808790034e-08 to 4.7305778808887688e-08 seconds.
Warning: Simulation tolerance relaxed to achieve convergence from 4.7305778808887688e-08 to 4.7305778808985341e-08 seconds.
Warning: Simulation tolerance relaxed to achieve convergence from 4.7305778808985341e-08 to 4.7305778809082995e-08 seconds.
Warning: Simulation tolerance relaxed to achieve convergence from 4.7305778809082995e-08 to 4.7305778809180649e-08 seconds.
Warning: Simulation tolerance relaxed to achieve convergence from 4.7305778809180649e-08 to 4.7305778809278302e-08 seconds.
Warning: Simulation tolerance relaxed to achieve convergence from 4.7305778809278302e-08 to 4.7305778809375956e-08 seconds.
Warning: Simulation tolerance relaxed to achieve convergence from 4.7305778809375956e-08 to 4.7305778809473609e-08 seconds.
Warning: Simulation tolerance relaxed to achieve convergence from 4.7305778809473609e-08 to 4.7305778809571263e-08 seconds.
Warning: Simulation tolerance relaxed to achieve convergence from 4.7305778809571263e-08 to 4.7305778809668917e-08 seconds.
Warning: Simulation tolerance relaxed to achieve convergence from 4.7305778809668917e-08 to 4.7305778809766570e-08 seconds.
Warning: Simulation tolerance relaxed to achieve convergence from 4.7305778809766570e-08 to 4.7305778809864224e-08 seconds.
Warning: Simulation tolerance relaxed to achieve convergence from 4.7305778809864224e-08 to 4.7305778809961878e-08 seconds.
Warning: Simulation tolerance relaxed to achieve convergence from 4.7305778809961878e-08 to 4.7305778810059531e-08 seconds.
Warning: Simulation tolerance relaxed to achieve convergence from 4.7305778810059531e-08 to 4.7305778810157185e-08 seconds.
Warning: Simulation tolerance relaxed to achieve convergence from 4.7305778810157185e-08 to 4.7305778810254838e-08 seconds.
Warning: Simulation tolerance relaxed to achieve convergence from 4.7305778810254838e-08 to 4.7305778810352492e-08 seconds.
Warning: Simulation tolerance relaxed to achieve convergence from 4.7305778810352492e-08 to 4.7305778810450146e-08 seconds.
Warning: Simulation tolerance relaxed to achieve convergence from 4.7305778810450146e-08 to 4.7305778810547799e-08 seconds.
Warning: Simulation tolerance relaxed to achieve convergence from 4.7305778810547799e-08 to 4.7305778810645453e-08 seconds.
Warning: Simulation tolerance relaxed to achieve convergence from 4.7305778810645453e-08 to 4.7305778810743107e-08 seconds.
Warning: Simulation tolerance relaxed to achieve convergence from 4.7305778810743107e-08 to 4.7305778810840760e-08 seconds.
Warning: Simulation tolerance relaxed to achieve convergence from 4.7305778810840760e-08 to 4.7305778810938414e-08 seconds.
Warning: Simulation tolerance relaxed to achieve convergence from 4.7305778810938414e-08 to 4.7305778811036068e-08 seconds.
Warning: Simulation tolerance relaxed to achieve convergence from 4.7305778811036068e-08 to 4.7305778811133721e-08 seconds.
Warning: Simulation tolerance relaxed to achieve convergence from 4.7305778811133721e-08 to 4.7305778811231375e-08 seconds.
Warning: Simulation tolerance relaxed to achieve convergence from 4.7305778811231375e-08 to 4.7305778811329028e-08 seconds.
Warning: Simulation tolerance relaxed to achieve convergence from 4.7305778811329028e-08 to 4.7305778811426682e-08 seconds.
Warning: Simulation tolerance relaxed to achieve convergence from 4.7305778811426682e-08 to 4.7305778811524336e-08 seconds.
Warning: Simulation tolerance relaxed to achieve convergence from 4.7305778811524336e-08 to 4.7305778811621989e-08 seconds.
Warning: Simulation tolerance relaxed to achieve convergence from 4.7305778811621989e-08 to 4.7305778811719643e-08 seconds.
Warning: Simulation tolerance relaxed to achieve convergence from 4.7305778811719643e-08 to 4.7305778811817297e-08 seconds.
Warning: Simulation tolerance relaxed to achieve convergence from 4.7305778811817297e-08 to 4.7305778811914950e-08 seconds.
Warning: Simulation tolerance relaxed to achieve convergence from 4.7305778811914950e-08 to 4.7305778812012604e-08 seconds.
Warning: Simulation tolerance relaxed to achieve convergence from 4.7305778812012604e-08 to 4.7305778812110258e-08 seconds.
Warning: Simulation tolerance relaxed to achieve convergence from 4.7305778812110258e-08 to 4.7305778812207911e-08 seconds.
Warning: Simulation tolerance relaxed to achieve convergence from 4.7305778812207911e-08 to 4.7305778812305565e-08 seconds.
Warning: Simulation tolerance relaxed to achieve convergence from 4.7305778812305565e-08 to 4.7305778812403218e-08 seconds.
Warning: Simulation tolerance relaxed to achieve convergence from 4.7305778812403218e-08 to 4.7305778812500872e-08 seconds.
Warning: Simulation tolerance relaxed to achieve convergence from 4.7305778812500872e-08 to 4.7305778812598526e-08 seconds.
Warning: Simulation tolerance relaxed to achieve convergence from 4.7305778812598526e-08 to 4.7305778812696179e-08 seconds.
Warning: Simulation tolerance relaxed to achieve convergence from 4.7305778812696179e-08 to 4.7305778812793833e-08 seconds.
Warning: Simulation tolerance relaxed to achieve convergence from 4.7305778812793833e-08 to 4.7305778812891487e-08 seconds.
Warning: Simulation tolerance relaxed to achieve convergence from 4.7305778812891487e-08 to 4.7305778812989140e-08 seconds.
Warning: Simulation tolerance relaxed to achieve convergence from 4.7305778812989140e-08 to 4.7305778813086794e-08 seconds.
Warning: Simulation tolerance relaxed to achieve convergence from 4.7305778813086794e-08 to 4.7305778813184448e-08 seconds.
Warning: Simulation tolerance relaxed to achieve convergence from 4.7305778813184448e-08 to 4.7305778813282101e-08 seconds.
Warning: Simulation tolerance relaxed to achieve convergence from 4.7305778813282101e-08 to 4.7305778813379755e-08 seconds.
Warning: Simulation tolerance relaxed to achieve convergence from 4.7305778813379755e-08 to 4.7305778813477408e-08 seconds.
Warning: Simulation tolerance relaxed to achieve convergence from 4.7305778813477408e-08 to 4.7305778813575062e-08 seconds.
Warning: Simulation tolerance relaxed to achieve convergence from 4.7305778813575062e-08 to 4.7305778813672716e-08 seconds.
Warning: Simulation tolerance relaxed to achieve convergence from 4.7305778813672716e-08 to 4.7305778813770369e-08 seconds.
Warning: Simulation tolerance relaxed to achieve convergence from 4.7305778813770369e-08 to 4.7305778813868023e-08 seconds.
Warning: Simulation tolerance relaxed to achieve convergence from 4.7305778813868023e-08 to 4.7305778813965677e-08 seconds.
Warning: Simulation tolerance relaxed to achieve convergence from 4.7305778813965677e-08 to 4.7305778814063330e-08 seconds.
Warning: Simulation tolerance relaxed to achieve convergence from 4.7305778814063330e-08 to 4.7305778814160984e-08 seconds.
Warning: Simulation tolerance relaxed to achieve convergence from 4.7305778814160984e-08 to 4.7305778814258637e-08 seconds.
Warning: Simulation tolerance relaxed to achieve convergence from 4.7305778814258637e-08 to 4.7305778814356291e-08 seconds.
Warning: Simulation tolerance relaxed to achieve convergence from 4.7305778814356291e-08 to 4.7305778814453945e-08 seconds.
Warning: Simulation tolerance relaxed to achieve convergence from 4.7305778814453945e-08 to 4.7305778814551598e-08 seconds.
Warning: Simulation tolerance relaxed to achieve convergence from 4.7305778814551598e-08 to 4.7305778814649252e-08 seconds.
Warning: Simulation tolerance relaxed to achieve convergence from 4.7305778814649252e-08 to 4.7305778814746906e-08 seconds.
Warning: Simulation tolerance relaxed to achieve convergence from 4.7305778814746906e-08 to 4.7305778814844559e-08 seconds.
Warning: Simulation tolerance relaxed to achieve convergence from 4.7305778814844559e-08 to 4.7305778814942213e-08 seconds.
Warning: Simulation tolerance relaxed to achieve convergence from 4.7305778814942213e-08 to 4.7305778815039867e-08 seconds.
Warning: Simulation tolerance relaxed to achieve convergence from 4.7305778815039867e-08 to 4.7305778815137520e-08 seconds.
Warning: Simulation tolerance relaxed to achieve convergence from 4.7305778815137520e-08 to 4.7305778815235174e-08 seconds.
Warning: Simulation tolerance relaxed to achieve convergence from 4.7305778815235174e-08 to 4.7305778815332827e-08 seconds.
Warning: Simulation tolerance relaxed to achieve convergence from 4.7305778815332827e-08 to 4.7305778815430481e-08 seconds.
Warning: Simulation tolerance relaxed to achieve convergence from 4.7305778815430481e-08 to 4.7305778815528135e-08 seconds.
Warning: Simulation tolerance relaxed to achieve convergence from 4.7305778815528135e-08 to 4.7305778815625788e-08 seconds.
Warning: Simulation tolerance relaxed to achieve convergence from 4.9094264793690155e-08 to 4.9094264793787809e-08 seconds.
Warning: Simulation tolerance relaxed to achieve convergence from 5.3305778779526846e-08 to 5.3305778779624500e-08 seconds.
Warning: Simulation tolerance relaxed to achieve convergence from 5.3305778779624500e-08 to 5.3305778779722154e-08 seconds.
Warning: Simulation tolerance relaxed to achieve convergence from 5.3305778779722154e-08 to 5.3305778779819807e-08 seconds.
Warning: Simulation tolerance relaxed to achieve convergence from 5.3305778779819807e-08 to 5.3305778779917461e-08 seconds.
Warning: Simulation tolerance relaxed to achieve convergence from 5.3305778779917461e-08 to 5.3305778780015115e-08 seconds.
Warning: Simulation tolerance relaxed to achieve convergence from 5.3305778780015115e-08 to 5.3305778780112768e-08 seconds.
Warning: Simulation tolerance relaxed to achieve convergence from 5.3305778780112768e-08 to 5.3305778780210422e-08 seconds.
Warning: Simulation tolerance relaxed to achieve convergence from 5.3305778780210422e-08 to 5.3305778780308075e-08 seconds.
Warning: Simulation tolerance relaxed to achieve convergence from 5.3305778780308075e-08 to 5.3305778780405729e-08 seconds.
Warning: Simulation tolerance relaxed to achieve convergence from 5.3305778780405729e-08 to 5.3305778780503383e-08 seconds.
Warning: Simulation tolerance relaxed to achieve convergence from 5.3305778780503383e-08 to 5.3305778780601036e-08 seconds.
Warning: Simulation tolerance relaxed to achieve convergence from 5.3305778780601036e-08 to 5.3305778780698690e-08 seconds.
Warning: Simulation tolerance relaxed to achieve convergence from 5.3305778780698690e-08 to 5.3305778780796344e-08 seconds.
Warning: Simulation tolerance relaxed to achieve convergence from 5.3305778780796344e-08 to 5.3305778780893997e-08 seconds.
Warning: Simulation tolerance relaxed to achieve convergence from 5.3305778780893997e-08 to 5.3305778780991651e-08 seconds.
Warning: Simulation tolerance relaxed to achieve convergence from 5.3305778780991651e-08 to 5.3305778781089305e-08 seconds.
Warning: Simulation tolerance relaxed to achieve convergence from 5.3305778781089305e-08 to 5.3305778781186958e-08 seconds.
Warning: Simulation tolerance relaxed to achieve convergence from 5.3305778781186958e-08 to 5.3305778781284612e-08 seconds.
Warning: Simulation tolerance relaxed to achieve convergence from 5.3305778781284612e-08 to 5.3305778781382265e-08 seconds.
Warning: Simulation tolerance relaxed to achieve convergence from 5.3305778781382265e-08 to 5.3305778781479919e-08 seconds.
Warning: Simulation tolerance relaxed to achieve convergence from 5.3305778781479919e-08 to 5.3305778781577573e-08 seconds.
Warning: Simulation tolerance relaxed to achieve convergence from 5.3305778781577573e-08 to 5.3305778781675226e-08 seconds.
Warning: Simulation tolerance relaxed to achieve convergence from 5.3305778781675226e-08 to 5.3305778781772880e-08 seconds.
Warning: Simulation tolerance relaxed to achieve convergence from 5.3305778781772880e-08 to 5.3305778781870534e-08 seconds.
Warning: Simulation tolerance relaxed to achieve convergence from 5.3305778781870534e-08 to 5.3305778781968187e-08 seconds.
Warning: Simulation tolerance relaxed to achieve convergence from 5.3305778781968187e-08 to 5.3305778782065841e-08 seconds.
Warning: Simulation tolerance relaxed to achieve convergence from 5.3305778782065841e-08 to 5.3305778782163494e-08 seconds.
Warning: Simulation tolerance relaxed to achieve convergence from 5.3305778782163494e-08 to 5.3305778782261148e-08 seconds.
Warning: Simulation tolerance relaxed to achieve convergence from 5.3305778782261148e-08 to 5.3305778782358802e-08 seconds.
Warning: Simulation tolerance relaxed to achieve convergence from 5.3305778782358802e-08 to 5.3305778782456455e-08 seconds.
Warning: Simulation tolerance relaxed to achieve convergence from 5.3305778782456455e-08 to 5.3305778782554109e-08 seconds.
Warning: Simulation tolerance relaxed to achieve convergence from 5.3305778782554109e-08 to 5.3305778782651763e-08 seconds.
Warning: Simulation tolerance relaxed to achieve convergence from 5.3305778782651763e-08 to 5.3305778782749416e-08 seconds.
Warning: Simulation tolerance relaxed to achieve convergence from 5.3305778782749416e-08 to 5.3305778782847070e-08 seconds.
Warning: Simulation tolerance relaxed to achieve convergence from 5.3305778782847070e-08 to 5.3305778782944724e-08 seconds.
Warning: Simulation tolerance relaxed to achieve convergence from 5.3305778782944724e-08 to 5.3305778783042377e-08 seconds.
Warning: Simulation tolerance relaxed to achieve convergence from 5.3305778783042377e-08 to 5.3305778783140031e-08 seconds.
Warning: Simulation tolerance relaxed to achieve convergence from 5.3305778783140031e-08 to 5.3305778783237684e-08 seconds.
Warning: Simulation tolerance relaxed to achieve convergence from 5.3305778783237684e-08 to 5.3305778783335338e-08 seconds.
Warning: Simulation tolerance relaxed to achieve convergence from 5.3305778783335338e-08 to 5.3305778783432992e-08 seconds.
Warning: Simulation tolerance relaxed to achieve convergence from 5.3305778783432992e-08 to 5.3305778783530645e-08 seconds.
Warning: Simulation tolerance relaxed to achieve convergence from 5.3305778783530645e-08 to 5.3305778783628299e-08 seconds.
Warning: Simulation tolerance relaxed to achieve convergence from 5.3305778783628299e-08 to 5.3305778783725953e-08 seconds.
Warning: Simulation tolerance relaxed to achieve convergence from 5.3305778783725953e-08 to 5.3305778783823606e-08 seconds.
Warning: Simulation tolerance relaxed to achieve convergence from 5.3305778783823606e-08 to 5.3305778783921260e-08 seconds.
Warning: Simulation tolerance relaxed to achieve convergence from 5.3305778783921260e-08 to 5.3305778784018914e-08 seconds.
Warning: Simulation tolerance relaxed to achieve convergence from 5.3305778784018914e-08 to 5.3305778784116567e-08 seconds.
Warning: Simulation tolerance relaxed to achieve convergence from 5.3305778784116567e-08 to 5.3305778784214221e-08 seconds.
Warning: Simulation tolerance relaxed to achieve convergence from 5.3305778784214221e-08 to 5.3305778784311874e-08 seconds.
Warning: Simulation tolerance relaxed to achieve convergence from 5.3305778784311874e-08 to 5.3305778784409528e-08 seconds.
Warning: Simulation tolerance relaxed to achieve convergence from 5.3305778784409528e-08 to 5.3305778784507182e-08 seconds.
Warning: Simulation tolerance relaxed to achieve convergence from 5.3305778784507182e-08 to 5.3305778784604835e-08 seconds.
Warning: Simulation tolerance relaxed to achieve convergence from 5.3305778784604835e-08 to 5.3305778784702489e-08 seconds.
Warning: Simulation tolerance relaxed to achieve convergence from 5.3305778784702489e-08 to 5.3305778784800143e-08 seconds.
Warning: Simulation tolerance relaxed to achieve convergence from 5.3305778784800143e-08 to 5.3305778784897796e-08 seconds.
Warning: Simulation tolerance relaxed to achieve convergence from 5.3305778784897796e-08 to 5.3305778784995450e-08 seconds.
Warning: Simulation tolerance relaxed to achieve convergence from 5.3305778784995450e-08 to 5.3305778785093104e-08 seconds.
Warning: Simulation tolerance relaxed to achieve convergence from 5.3305778785093104e-08 to 5.3305778785190757e-08 seconds.
Warning: Simulation tolerance relaxed to achieve convergence from 5.3305778785190757e-08 to 5.3305778785288411e-08 seconds.
Warning: Simulation tolerance relaxed to achieve convergence from 5.3305778785288411e-08 to 5.3305778785386064e-08 seconds.
Warning: Simulation tolerance relaxed to achieve convergence from 5.3305778785386064e-08 to 5.3305778785483718e-08 seconds.
Warning: Simulation tolerance relaxed to achieve convergence from 5.3305778785483718e-08 to 5.3305778785581372e-08 seconds.
Warning: Simulation tolerance relaxed to achieve convergence from 5.3305778785581372e-08 to 5.3305778785679025e-08 seconds.
Warning: Simulation tolerance relaxed to achieve convergence from 5.3305778785679025e-08 to 5.3305778785776679e-08 seconds.
Warning: Simulation tolerance relaxed to achieve convergence from 5.9305778779542987e-08 to 5.9305778779640641e-08 seconds.
Warning: Simulation tolerance relaxed to achieve convergence from 5.9305778779640641e-08 to 5.9305778779738294e-08 seconds.
Warning: Simulation tolerance relaxed to achieve convergence from 5.9305778779738294e-08 to 5.9305778779835948e-08 seconds.
Warning: Simulation tolerance relaxed to achieve convergence from 5.9305778779835948e-08 to 5.9305778779933602e-08 seconds.
Warning: Simulation tolerance relaxed to achieve convergence from 5.9305778779933602e-08 to 5.9305778780031255e-08 seconds.
Warning: Simulation tolerance relaxed to achieve convergence from 5.9305778780031255e-08 to 5.9305778780128909e-08 seconds.
Warning: Simulation tolerance relaxed to achieve convergence from 5.9305778780128909e-08 to 5.9305778780226563e-08 seconds.
Warning: Simulation tolerance relaxed to achieve convergence from 5.9305778780226563e-08 to 5.9305778780324216e-08 seconds.
Warning: Simulation tolerance relaxed to achieve convergence from 5.9305778780324216e-08 to 5.9305778780421870e-08 seconds.
Warning: Simulation tolerance relaxed to achieve convergence from 5.9305778780421870e-08 to 5.9305778780519523e-08 seconds.
Warning: Simulation tolerance relaxed to achieve convergence from 5.9305778780519523e-08 to 5.9305778780617177e-08 seconds.
Warning: Simulation tolerance relaxed to achieve convergence from 5.9305778780617177e-08 to 5.9305778780714831e-08 seconds.
Warning: Simulation tolerance relaxed to achieve convergence from 5.9305778780714831e-08 to 5.9305778780812484e-08 seconds.
Warning: Simulation tolerance relaxed to achieve convergence from 5.9305778780812484e-08 to 5.9305778780910138e-08 seconds.
Warning: Simulation tolerance relaxed to achieve convergence from 5.9305778780910138e-08 to 5.9305778781007792e-08 seconds.
Warning: Simulation tolerance relaxed to achieve convergence from 5.9305778781007792e-08 to 5.9305778781105445e-08 seconds.
Warning: Simulation tolerance relaxed to achieve convergence from 5.9305778781105445e-08 to 5.9305778781203099e-08 seconds.
Warning: Simulation tolerance relaxed to achieve convergence from 5.9305778781203099e-08 to 5.9305778781300753e-08 seconds.
Warning: Simulation tolerance relaxed to achieve convergence from 5.9305778781300753e-08 to 5.9305778781398406e-08 seconds.
Warning: Simulation tolerance relaxed to achieve convergence from 5.9305778781398406e-08 to 5.9305778781496060e-08 seconds.
Warning: Simulation tolerance relaxed to achieve convergence from 5.9305778781496060e-08 to 5.9305778781593713e-08 seconds.
Warning: Simulation tolerance relaxed to achieve convergence from 5.9305778781593713e-08 to 5.9305778781691367e-08 seconds.
Warning: Simulation tolerance relaxed to achieve convergence from 5.9305778781691367e-08 to 5.9305778781789021e-08 seconds.
Warning: Simulation tolerance relaxed to achieve convergence from 5.9305778781789021e-08 to 5.9305778781886674e-08 seconds.
Warning: Simulation tolerance relaxed to achieve convergence from 5.9305778781886674e-08 to 5.9305778781984328e-08 seconds.
Warning: Simulation tolerance relaxed to achieve convergence from 5.9305778781984328e-08 to 5.9305778782081982e-08 seconds.
Warning: Simulation tolerance relaxed to achieve convergence from 5.9305778782081982e-08 to 5.9305778782179635e-08 seconds.
Warning: Simulation tolerance relaxed to achieve convergence from 5.9305778782179635e-08 to 5.9305778782277289e-08 seconds.
Warning: Simulation tolerance relaxed to achieve convergence from 5.9305778782277289e-08 to 5.9305778782374943e-08 seconds.
Warning: Simulation tolerance relaxed to achieve convergence from 5.9305778782374943e-08 to 5.9305778782472596e-08 seconds.
Warning: Simulation tolerance relaxed to achieve convergence from 5.9305778782472596e-08 to 5.9305778782570250e-08 seconds.
Warning: Simulation tolerance relaxed to achieve convergence from 5.9305778782570250e-08 to 5.9305778782667903e-08 seconds.
Warning: Simulation tolerance relaxed to achieve convergence from 5.9305778782667903e-08 to 5.9305778782765557e-08 seconds.
Warning: Simulation tolerance relaxed to achieve convergence from 5.9305778782765557e-08 to 5.9305778782863211e-08 seconds.
Warning: Simulation tolerance relaxed to achieve convergence from 5.9305778782863211e-08 to 5.9305778782960864e-08 seconds.
Warning: Simulation tolerance relaxed to achieve convergence from 5.9305778782960864e-08 to 5.9305778783058518e-08 seconds.
Warning: Simulation tolerance relaxed to achieve convergence from 5.9305778783058518e-08 to 5.9305778783156172e-08 seconds.
Warning: Simulation tolerance relaxed to achieve convergence from 5.9305778783156172e-08 to 5.9305778783253825e-08 seconds.
Warning: Simulation tolerance relaxed to achieve convergence from 5.9305778783253825e-08 to 5.9305778783351479e-08 seconds.
Warning: Simulation tolerance relaxed to achieve convergence from 5.9305778783351479e-08 to 5.9305778783449132e-08 seconds.
Warning: Simulation tolerance relaxed to achieve convergence from 5.9305778783449132e-08 to 5.9305778783546786e-08 seconds.
Warning: Simulation tolerance relaxed to achieve convergence from 5.9305778783546786e-08 to 5.9305778783644440e-08 seconds.
Warning: Simulation tolerance relaxed to achieve convergence from 5.9305778783644440e-08 to 5.9305778783742093e-08 seconds.
Warning: Simulation tolerance relaxed to achieve convergence from 5.9305778783742093e-08 to 5.9305778783839747e-08 seconds.
Warning: Simulation tolerance relaxed to achieve convergence from 5.9305778783839747e-08 to 5.9305778783937401e-08 seconds.
Warning: Simulation tolerance relaxed to achieve convergence from 5.9305778783937401e-08 to 5.9305778784035054e-08 seconds.
Warning: Simulation tolerance relaxed to achieve convergence from 5.9305778784035054e-08 to 5.9305778784132708e-08 seconds.
Warning: Simulation tolerance relaxed to achieve convergence from 5.9305778784132708e-08 to 5.9305778784230362e-08 seconds.
Warning: Simulation tolerance relaxed to achieve convergence from 5.9305778784230362e-08 to 5.9305778784328015e-08 seconds.
Warning: Simulation tolerance relaxed to achieve convergence from 5.9305778784328015e-08 to 5.9305778784425669e-08 seconds.
Warning: Simulation tolerance relaxed to achieve convergence from 5.9305778784425669e-08 to 5.9305778784523322e-08 seconds.
Warning: Simulation tolerance relaxed to achieve convergence from 5.9305778784523322e-08 to 5.9305778784620976e-08 seconds.
Warning: Simulation tolerance relaxed to achieve convergence from 5.9305778784620976e-08 to 5.9305778784718630e-08 seconds.
Warning: Simulation tolerance relaxed to achieve convergence from 5.9305778784718630e-08 to 5.9305778784816283e-08 seconds.
Warning: Simulation tolerance relaxed to achieve convergence from 5.9305778784816283e-08 to 5.9305778784913937e-08 seconds.
Warning: Simulation tolerance relaxed to achieve convergence from 5.9305778784913937e-08 to 5.9305778785011591e-08 seconds.
Warning: Simulation tolerance relaxed to achieve convergence from 5.9305778785011591e-08 to 5.9305778785109244e-08 seconds.
Warning: Simulation tolerance relaxed to achieve convergence from 5.9305778785109244e-08 to 5.9305778785206898e-08 seconds.
Warning: Simulation tolerance relaxed to achieve convergence from 5.9305778785206898e-08 to 5.9305778785304552e-08 seconds.
Warning: Simulation tolerance relaxed to achieve convergence from 5.9305778785304552e-08 to 5.9305778785402205e-08 seconds.
Warning: Simulation tolerance relaxed to achieve convergence from 5.9305778785402205e-08 to 5.9305778785499859e-08 seconds.
Warning: Simulation tolerance relaxed to achieve convergence from 5.9305778785499859e-08 to 5.9305778785597512e-08 seconds.
Warning: Simulation tolerance relaxed to achieve convergence from 5.9305778785597512e-08 to 5.9305778785695166e-08 seconds.
Warning: Simulation tolerance relaxed to achieve convergence from 5.9305778785695166e-08 to 5.9305778785792820e-08 seconds.
Warning: Simulation tolerance relaxed to achieve convergence from 5.9305778785792820e-08 to 5.9305778785890473e-08 seconds.
Warning: Simulation tolerance relaxed to achieve convergence from 5.9305778785890473e-08 to 5.9305778785988127e-08 seconds.
Warning: Simulation tolerance relaxed to achieve convergence from 5.9305778785988127e-08 to 5.9305778786085781e-08 seconds.
Warning: Simulation tolerance relaxed to achieve convergence from 5.9305778786085781e-08 to 5.9305778786183434e-08 seconds.
Warning: Simulation tolerance relaxed to achieve convergence from 5.9305778786183434e-08 to 5.9305778786281088e-08 seconds.
Warning: Simulation tolerance relaxed to achieve convergence from 5.9305778786281088e-08 to 5.9305778786378742e-08 seconds.
Warning: Simulation tolerance relaxed to achieve convergence from 5.9305778786378742e-08 to 5.9305778786476395e-08 seconds.
Warning: Simulation tolerance relaxed to achieve convergence from 5.9305778786476395e-08 to 5.9305778786574049e-08 seconds.
Warning: Simulation tolerance relaxed to achieve convergence from 5.9305778786574049e-08 to 5.9305778786671702e-08 seconds.
Warning: Simulation tolerance relaxed to achieve convergence from 5.9305778786671702e-08 to 5.9305778786769356e-08 seconds.
Warning: Simulation tolerance relaxed to achieve convergence from 5.9305778786769356e-08 to 5.9305778786867010e-08 seconds.
Warning: Simulation tolerance relaxed to achieve convergence from 5.9305778786867010e-08 to 5.9305778786964663e-08 seconds.
Warning: Simulation tolerance relaxed to achieve convergence from 5.9305778786964663e-08 to 5.9305778787062317e-08 seconds.
Warning: Simulation tolerance relaxed to achieve convergence from 5.9305778787062317e-08 to 5.9305778787159971e-08 seconds.
Warning: Simulation tolerance relaxed to achieve convergence from 5.9305778787159971e-08 to 5.9305778787257624e-08 seconds.
Warning: Simulation tolerance relaxed to achieve convergence from 5.9305778787257624e-08 to 5.9305778787355278e-08 seconds.
Warning: Simulation tolerance relaxed to achieve convergence from 5.9305778787355278e-08 to 5.9305778787452931e-08 seconds.
Warning: Simulation tolerance relaxed to achieve convergence from 5.9305778787452931e-08 to 5.9305778787550585e-08 seconds.
Warning: Simulation tolerance relaxed to achieve convergence from 5.9305778787550585e-08 to 5.9305778787648239e-08 seconds.
Warning: Simulation tolerance relaxed to achieve convergence from 5.9305778787648239e-08 to 5.9305778787745892e-08 seconds.
Warning: Simulation tolerance relaxed to achieve convergence from 5.9305778787745892e-08 to 5.9305778787843546e-08 seconds.
Warning: Simulation tolerance relaxed to achieve convergence from 5.9305778787843546e-08 to 5.9305778787941200e-08 seconds.
Warning: Simulation tolerance relaxed to achieve convergence from 5.9305778787941200e-08 to 5.9305778788038853e-08 seconds.
Warning: Simulation tolerance relaxed to achieve convergence from 5.9305778788038853e-08 to 5.9305778788136507e-08 seconds.
Warning: Simulation tolerance relaxed to achieve convergence from 5.9305778788136507e-08 to 5.9305778788234161e-08 seconds.
Warning: Simulation tolerance relaxed to achieve convergence from 5.9305778788234161e-08 to 5.9305778788331814e-08 seconds.
Warning: Simulation tolerance relaxed to achieve convergence from 5.9305778788331814e-08 to 5.9305778788429468e-08 seconds.
Warning: Simulation tolerance relaxed to achieve convergence from 5.9305778788429468e-08 to 5.9305778788527121e-08 seconds.
Warning: Simulation tolerance relaxed to achieve convergence from 5.9305778788527121e-08 to 5.9305778788624775e-08 seconds.
Warning: Simulation tolerance relaxed to achieve convergence from 5.9305778788624775e-08 to 5.9305778788722429e-08 seconds.
Warning: Simulation tolerance relaxed to achieve convergence from 5.9305778788722429e-08 to 5.9305778788820082e-08 seconds.
Warning: Simulation tolerance relaxed to achieve convergence from 5.9305778788820082e-08 to 5.9305778788917736e-08 seconds.
Warning: Simulation tolerance relaxed to achieve convergence from 5.9305778788917736e-08 to 5.9305778789015390e-08 seconds.
Warning: Simulation tolerance relaxed to achieve convergence from 5.9305778789015390e-08 to 5.9305778789113043e-08 seconds.
Warning: Simulation tolerance relaxed to achieve convergence from 5.9305778789113043e-08 to 5.9305778789210697e-08 seconds.
Warning: Simulation tolerance relaxed to achieve convergence from 5.9305778789210697e-08 to 5.9305778789308351e-08 seconds.
Warning: Simulation tolerance relaxed to achieve convergence from 5.9305778789308351e-08 to 5.9305778789406004e-08 seconds.
Warning: Simulation tolerance relaxed to achieve convergence from 5.9305778789406004e-08 to 5.9305778789503658e-08 seconds.
Warning: Simulation tolerance relaxed to achieve convergence from 5.9305778789503658e-08 to 5.9305778789601311e-08 seconds.
Warning: Simulation tolerance relaxed to achieve convergence from 5.9305778789601311e-08 to 5.9305778789698965e-08 seconds.
Warning: Simulation tolerance relaxed to achieve convergence from 5.9305778789698965e-08 to 5.9305778789796619e-08 seconds.
Warning: Simulation tolerance relaxed to achieve convergence from 5.9305778789796619e-08 to 5.9305778789894272e-08 seconds.
Warning: Simulation tolerance relaxed to achieve convergence from 5.9305778789894272e-08 to 5.9305778789991926e-08 seconds.
Warning: Simulation tolerance relaxed to achieve convergence from 5.9305778789991926e-08 to 5.9305778790089580e-08 seconds.
Warning: Simulation tolerance relaxed to achieve convergence from 5.9305778790089580e-08 to 5.9305778790187233e-08 seconds.
Warning: Simulation tolerance relaxed to achieve convergence from 5.9305778790187233e-08 to 5.9305778790284887e-08 seconds.
Warning: Simulation tolerance relaxed to achieve convergence from 5.9305778790284887e-08 to 5.9305778790382541e-08 seconds.
Warning: Simulation tolerance relaxed to achieve convergence from 5.9305778790382541e-08 to 5.9305778790480194e-08 seconds.
Warning: Simulation tolerance relaxed to achieve convergence from 5.9305778790480194e-08 to 5.9305778790577848e-08 seconds.
Warning: Simulation tolerance relaxed to achieve convergence from 5.9305778790577848e-08 to 5.9305778790675501e-08 seconds.
Warning: Simulation tolerance relaxed to achieve convergence from 5.9305778790675501e-08 to 5.9305778790773155e-08 seconds.
Warning: Simulation tolerance relaxed to achieve convergence from 5.9305778790773155e-08 to 5.9305778790870809e-08 seconds.
Warning: Simulation tolerance relaxed to achieve convergence from 5.9305778790870809e-08 to 5.9305778790968462e-08 seconds.
Warning: Simulation tolerance relaxed to achieve convergence from 5.9305778790968462e-08 to 5.9305778791066116e-08 seconds.
Warning: Simulation tolerance relaxed to achieve convergence from 5.9305778791066116e-08 to 5.9305778791163770e-08 seconds.
Warning: Simulation tolerance relaxed to achieve convergence from 5.9305778791163770e-08 to 5.9305778791261423e-08 seconds.
Warning: Simulation tolerance relaxed to achieve convergence from 5.9305778791261423e-08 to 5.9305778791359077e-08 seconds.
Warning: Simulation tolerance relaxed to achieve convergence from 5.9305778791359077e-08 to 5.9305778791456731e-08 seconds.
Warning: Simulation tolerance relaxed to achieve convergence from 5.9305778791456731e-08 to 5.9305778791554384e-08 seconds.
Warning: Simulation tolerance relaxed to achieve convergence from 5.9305778791554384e-08 to 5.9305778791652038e-08 seconds.
Warning: Simulation tolerance relaxed to achieve convergence from 5.9305778791652038e-08 to 5.9305778791749691e-08 seconds.
Warning: Simulation tolerance relaxed to achieve convergence from 5.9305778791749691e-08 to 5.9305778791847345e-08 seconds.
Warning: Simulation tolerance relaxed to achieve convergence from 5.9305778791847345e-08 to 5.9305778791944999e-08 seconds.
Warning: Simulation tolerance relaxed to achieve convergence from 5.9305778791944999e-08 to 5.9305778792042652e-08 seconds.
Warning: Simulation tolerance relaxed to achieve convergence from 5.9305778792042652e-08 to 5.9305778792140306e-08 seconds.
Warning: Simulation tolerance relaxed to achieve convergence from 5.9305778792140306e-08 to 5.9305778792237960e-08 seconds.
Warning: Simulation tolerance relaxed to achieve convergence from 5.9305778792237960e-08 to 5.9305778792335613e-08 seconds.
Warning: Simulation tolerance relaxed to achieve convergence from 5.9305778792335613e-08 to 5.9305778792433267e-08 seconds.
Warning: Simulation tolerance relaxed to achieve convergence from 5.9305778792433267e-08 to 5.9305778792530920e-08 seconds.
Warning: Simulation tolerance relaxed to achieve convergence from 5.9305778792530920e-08 to 5.9305778792628574e-08 seconds.
Warning: Simulation tolerance relaxed to achieve convergence from 5.9305778792628574e-08 to 5.9305778792726228e-08 seconds.
Warning: Simulation tolerance relaxed to achieve convergence from 5.9305778792726228e-08 to 5.9305778792823881e-08 seconds.
Warning: Simulation tolerance relaxed to achieve convergence from 5.9305778792823881e-08 to 5.9305778792921535e-08 seconds.
Warning: Simulation tolerance relaxed to achieve convergence from 5.9305778792921535e-08 to 5.9305778793019189e-08 seconds.
Warning: Simulation tolerance relaxed to achieve convergence from 5.9305778793019189e-08 to 5.9305778793116842e-08 seconds.
Warning: Simulation tolerance relaxed to achieve convergence from 5.9305778793116842e-08 to 5.9305778793214496e-08 seconds.
Warning: Simulation tolerance relaxed to achieve convergence from 5.9305778793214496e-08 to 5.9305778793312150e-08 seconds.
Warning: Simulation tolerance relaxed to achieve convergence from 5.9305778793312150e-08 to 5.9305778793409803e-08 seconds.
Warning: Simulation tolerance relaxed to achieve convergence from 5.9305778793409803e-08 to 5.9305778793507457e-08 seconds.
Warning: Simulation tolerance relaxed to achieve convergence from 5.9305778793507457e-08 to 5.9305778793605110e-08 seconds.
Warning: Simulation tolerance relaxed to achieve convergence from 5.9305778793605110e-08 to 5.9305778793702764e-08 seconds.
Warning: Simulation tolerance relaxed to achieve convergence from 5.9305778793702764e-08 to 5.9305778793800418e-08 seconds.
Warning: Simulation tolerance relaxed to achieve convergence from 5.9305778793800418e-08 to 5.9305778793898071e-08 seconds.
Warning: Simulation tolerance relaxed to achieve convergence from 5.9305778793898071e-08 to 5.9305778793995725e-08 seconds.
Warning: Simulation tolerance relaxed to achieve convergence from 5.9305778793995725e-08 to 5.9305778794093379e-08 seconds.
Warning: Simulation tolerance relaxed to achieve convergence from 5.9305778794093379e-08 to 5.9305778794191032e-08 seconds.
Warning: Simulation tolerance relaxed to achieve convergence from 5.9305778794191032e-08 to 5.9305778794288686e-08 seconds.
Warning: Simulation tolerance relaxed to achieve convergence from 5.9305778794288686e-08 to 5.9305778794386340e-08 seconds.
Warning: Simulation tolerance relaxed to achieve convergence from 5.9305778794386340e-08 to 5.9305778794483993e-08 seconds.
Warning: Simulation tolerance relaxed to achieve convergence from 5.9305778794483993e-08 to 5.9305778794581647e-08 seconds.
Warning: Simulation tolerance relaxed to achieve convergence from 5.9305778794581647e-08 to 5.9305778794679300e-08 seconds.
Warning: Simulation tolerance relaxed to achieve convergence from 5.9305778794679300e-08 to 5.9305778794776954e-08 seconds.
Warning: Simulation tolerance relaxed to achieve convergence from 5.9305778794776954e-08 to 5.9305778794874608e-08 seconds.
Warning: Simulation tolerance relaxed to achieve convergence from 5.9305778794874608e-08 to 5.9305778794972261e-08 seconds.
Warning: Simulation tolerance relaxed to achieve convergence from 5.9305778794972261e-08 to 5.9305778795069915e-08 seconds.
Warning: Simulation tolerance relaxed to achieve convergence from 5.9305778795069915e-08 to 5.9305778795167569e-08 seconds.
Warning: Simulation tolerance relaxed to achieve convergence from 5.9305778795167569e-08 to 5.9305778795265222e-08 seconds.
Warning: Simulation tolerance relaxed to achieve convergence from 5.9305778795265222e-08 to 5.9305778795362876e-08 seconds.
Warning: Simulation tolerance relaxed to achieve convergence from 5.9305778795362876e-08 to 5.9305778795460530e-08 seconds.
Warning: Simulation tolerance relaxed to achieve convergence from 5.9305778795460530e-08 to 5.9305778795558183e-08 seconds.
Warning: Simulation tolerance relaxed to achieve convergence from 5.9305778795558183e-08 to 5.9305778795655837e-08 seconds.
Warning: Simulation tolerance relaxed to achieve convergence from 5.9305778795655837e-08 to 5.9305778795753490e-08 seconds.
Warning: Simulation tolerance relaxed to achieve convergence from 5.9305778795753490e-08 to 5.9305778795851144e-08 seconds.
Warning: Simulation tolerance relaxed to achieve convergence from 5.9305778795851144e-08 to 5.9305778795948798e-08 seconds.
Warning: Simulation tolerance relaxed to achieve convergence from 5.9305778795948798e-08 to 5.9305778796046451e-08 seconds.
Warning: Simulation tolerance relaxed to achieve convergence from 5.9305778796046451e-08 to 5.9305778796144105e-08 seconds.
Warning: Simulation tolerance relaxed to achieve convergence from 5.9305778796144105e-08 to 5.9305778796241759e-08 seconds.
Warning: Simulation tolerance relaxed to achieve convergence from 5.9305778796241759e-08 to 5.9305778796339412e-08 seconds.
Warning: Simulation tolerance relaxed to achieve convergence from 5.9305778796339412e-08 to 5.9305778796437066e-08 seconds.
Warning: Simulation tolerance relaxed to achieve convergence from 5.9305778796437066e-08 to 5.9305778796534719e-08 seconds.
Warning: Simulation tolerance relaxed to achieve convergence from 5.9305778796534719e-08 to 5.9305778796632373e-08 seconds.
Warning: Simulation tolerance relaxed to achieve convergence from 5.9305778796632373e-08 to 5.9305778796730027e-08 seconds.
Warning: Simulation tolerance relaxed to achieve convergence from 5.9305778796730027e-08 to 5.9305778796827680e-08 seconds.
Warning: Simulation tolerance relaxed to achieve convergence from 5.9305778796827680e-08 to 5.9305778796925334e-08 seconds.
Warning: Simulation tolerance relaxed to achieve convergence from 5.9305778796925334e-08 to 5.9305778797022988e-08 seconds.
Warning: Simulation tolerance relaxed to achieve convergence from 5.9305778797022988e-08 to 5.9305778797120641e-08 seconds.
Warning: Simulation tolerance relaxed to achieve convergence from 5.9305778797120641e-08 to 5.9305778797218295e-08 seconds.
Warning: Simulation tolerance relaxed to achieve convergence from 5.9305778797218295e-08 to 5.9305778797315949e-08 seconds.
Warning: Simulation tolerance relaxed to achieve convergence from 5.9305778797315949e-08 to 5.9305778797413602e-08 seconds.
Warning: Simulation tolerance relaxed to achieve convergence from 5.9305778797413602e-08 to 5.9305778797511256e-08 seconds.
Warning: Simulation tolerance relaxed to achieve convergence from 5.9305778797511256e-08 to 5.9305778797608909e-08 seconds.
Warning: Simulation tolerance relaxed to achieve convergence from 5.9305778797608909e-08 to 5.9305778797706563e-08 seconds.
Warning: Simulation tolerance relaxed to achieve convergence from 5.9305778797706563e-08 to 5.9305778797804217e-08 seconds.
Warning: Simulation tolerance relaxed to achieve convergence from 5.9305778797804217e-08 to 5.9305778797901870e-08 seconds.
Warning: Simulation tolerance relaxed to achieve convergence from 5.9305778797901870e-08 to 5.9305778797999524e-08 seconds.
Warning: Simulation tolerance relaxed to achieve convergence from 5.9305778797999524e-08 to 5.9305778798097178e-08 seconds.
Warning: Simulation tolerance relaxed to achieve convergence from 5.9305778798097178e-08 to 5.9305778798194831e-08 seconds.
Warning: Simulation tolerance relaxed to achieve convergence from 5.9305778798194831e-08 to 5.9305778798292485e-08 seconds.
Warning: Simulation tolerance relaxed to achieve convergence from 5.9305778798292485e-08 to 5.9305778798390139e-08 seconds.
Warning: Simulation tolerance relaxed to achieve convergence from 5.9305778798390139e-08 to 5.9305778798487792e-08 seconds.
Warning: Simulation tolerance relaxed to achieve convergence from 5.9305778798487792e-08 to 5.9305778798585446e-08 seconds.
Warning: Simulation tolerance relaxed to achieve convergence from 5.9305778798585446e-08 to 5.9305778798683099e-08 seconds.
Warning: Simulation tolerance relaxed to achieve convergence from 5.9305778798683099e-08 to 5.9305778798780753e-08 seconds.
Warning: Simulation tolerance relaxed to achieve convergence from 5.9305778798780753e-08 to 5.9305778798878407e-08 seconds.
Warning: Simulation tolerance relaxed to achieve convergence from 5.9305778798878407e-08 to 5.9305778798976060e-08 seconds.
Warning: Simulation tolerance relaxed to achieve convergence from 5.9305778798976060e-08 to 5.9305778799073714e-08 seconds.
Warning: Simulation tolerance relaxed to achieve convergence from 5.9305778799073714e-08 to 5.9305778799171368e-08 seconds.
Warning: Simulation tolerance relaxed to achieve convergence from 5.9305778799171368e-08 to 5.9305778799269021e-08 seconds.
Warning: Simulation tolerance relaxed to achieve convergence from 5.9305778799269021e-08 to 5.9305778799366675e-08 seconds.
Warning: Simulation tolerance relaxed to achieve convergence from 5.9305778799366675e-08 to 5.9305778799464329e-08 seconds.
Warning: Simulation tolerance relaxed to achieve convergence from 5.9305778799464329e-08 to 5.9305778799561982e-08 seconds.
Warning: Simulation tolerance relaxed to achieve convergence from 5.9305778799561982e-08 to 5.9305778799659636e-08 seconds.
Warning: Simulation tolerance relaxed to achieve convergence from 5.9305778799659636e-08 to 5.9305778799757289e-08 seconds.
Warning: Simulation tolerance relaxed to achieve convergence from 5.9305778799757289e-08 to 5.9305778799854943e-08 seconds.
Warning: Simulation tolerance relaxed to achieve convergence from 5.9305778799854943e-08 to 5.9305778799952597e-08 seconds.
Warning: Simulation tolerance relaxed to achieve convergence from 5.9305778799952597e-08 to 5.9305778800050250e-08 seconds.
Warning: Simulation tolerance relaxed to achieve convergence from 5.9305778800050250e-08 to 5.9305778800147904e-08 seconds.
Warning: Simulation tolerance relaxed to achieve convergence from 5.9305778800147904e-08 to 5.9305778800245558e-08 seconds.
Warning: Simulation tolerance relaxed to achieve convergence from 5.9305778800245558e-08 to 5.9305778800343211e-08 seconds.
Warning: Simulation tolerance relaxed to achieve convergence from 5.9305778800343211e-08 to 5.9305778800440865e-08 seconds.
Warning: Simulation tolerance relaxed to achieve convergence from 5.9305778800440865e-08 to 5.9305778800538519e-08 seconds.
Warning: Simulation tolerance relaxed to achieve convergence from 5.9305778800538519e-08 to 5.9305778800636172e-08 seconds.
Warning: Simulation tolerance relaxed to achieve convergence from 5.9305778800636172e-08 to 5.9305778800733826e-08 seconds.
Warning: Simulation tolerance relaxed to achieve convergence from 5.9305778800733826e-08 to 5.9305778800831479e-08 seconds.
Warning: Simulation tolerance relaxed to achieve convergence from 5.9305778800831479e-08 to 5.9305778800929133e-08 seconds.
Warning: Simulation tolerance relaxed to achieve convergence from 5.9305778800929133e-08 to 5.9305778801026787e-08 seconds.
Warning: Simulation tolerance relaxed to achieve convergence from 5.9305778801026787e-08 to 5.9305778801124440e-08 seconds.
Warning: Simulation tolerance relaxed to achieve convergence from 5.9305778801124440e-08 to 5.9305778801222094e-08 seconds.
Warning: Simulation tolerance relaxed to achieve convergence from 5.9305778801222094e-08 to 5.9305778801319748e-08 seconds.
Warning: Simulation tolerance relaxed to achieve convergence from 5.9305778801319748e-08 to 5.9305778801417401e-08 seconds.
Warning: Simulation tolerance relaxed to achieve convergence from 5.9305778801417401e-08 to 5.9305778801515055e-08 seconds.
Warning: Simulation tolerance relaxed to achieve convergence from 5.9305778801515055e-08 to 5.9305778801612708e-08 seconds.
Warning: Simulation tolerance relaxed to achieve convergence from 5.9305778801612708e-08 to 5.9305778801710362e-08 seconds.
Warning: Simulation tolerance relaxed to achieve convergence from 5.9305778801710362e-08 to 5.9305778801808016e-08 seconds.
Warning: Simulation tolerance relaxed to achieve convergence from 5.9305778801808016e-08 to 5.9305778801905669e-08 seconds.
Warning: Simulation tolerance relaxed to achieve convergence from 5.9305778801905669e-08 to 5.9305778802003323e-08 seconds.
Warning: Simulation tolerance relaxed to achieve convergence from 5.9305778802003323e-08 to 5.9305778802100977e-08 seconds.
Warning: Simulation tolerance relaxed to achieve convergence from 5.9305778802100977e-08 to 5.9305778802198630e-08 seconds.
Warning: Simulation tolerance relaxed to achieve convergence from 5.9305778802198630e-08 to 5.9305778802296284e-08 seconds.
Warning: Simulation tolerance relaxed to achieve convergence from 5.9305778802296284e-08 to 5.9305778802393938e-08 seconds.
Warning: Simulation tolerance relaxed to achieve convergence from 5.9305778802393938e-08 to 5.9305778802491591e-08 seconds.
Warning: Simulation tolerance relaxed to achieve convergence from 5.9305778802491591e-08 to 5.9305778802589245e-08 seconds.
Warning: Simulation tolerance relaxed to achieve convergence from 5.9305778802589245e-08 to 5.9305778802686898e-08 seconds.
Warning: Simulation tolerance relaxed to achieve convergence from 5.9305778802686898e-08 to 5.9305778802784552e-08 seconds.
Warning: Simulation tolerance relaxed to achieve convergence from 5.9305778802784552e-08 to 5.9305778802882206e-08 seconds.
Warning: Simulation tolerance relaxed to achieve convergence from 5.9305778802882206e-08 to 5.9305778802979859e-08 seconds.
Warning: Simulation tolerance relaxed to achieve convergence from 5.9305778802979859e-08 to 5.9305778803077513e-08 seconds.
Warning: Simulation tolerance relaxed to achieve convergence from 5.9305778803077513e-08 to 5.9305778803175167e-08 seconds.
Warning: Simulation tolerance relaxed to achieve convergence from 5.9305778803175167e-08 to 5.9305778803272820e-08 seconds.
Warning: Simulation tolerance relaxed to achieve convergence from 5.9305778803272820e-08 to 5.9305778803370474e-08 seconds.
Warning: Simulation tolerance relaxed to achieve convergence from 5.9305778803370474e-08 to 5.9305778803468128e-08 seconds.
Warning: Simulation tolerance relaxed to achieve convergence from 5.9305778803468128e-08 to 5.9305778803565781e-08 seconds.
Warning: Simulation tolerance relaxed to achieve convergence from 5.9305778803565781e-08 to 5.9305778803663435e-08 seconds.
Warning: Simulation tolerance relaxed to achieve convergence from 5.9305778803663435e-08 to 5.9305778803761088e-08 seconds.
Warning: Simulation tolerance relaxed to achieve convergence from 5.9305778803761088e-08 to 5.9305778803858742e-08 seconds.
Warning: Simulation tolerance relaxed to achieve convergence from 5.9305778803858742e-08 to 5.9305778803956396e-08 seconds.
Warning: Simulation tolerance relaxed to achieve convergence from 5.9305778803956396e-08 to 5.9305778804054049e-08 seconds.
Warning: Simulation tolerance relaxed to achieve convergence from 5.9305778804054049e-08 to 5.9305778804151703e-08 seconds.
Warning: Simulation tolerance relaxed to achieve convergence from 5.9305778804151703e-08 to 5.9305778804249357e-08 seconds.
Warning: Simulation tolerance relaxed to achieve convergence from 5.9305778804249357e-08 to 5.9305778804347010e-08 seconds.
Warning: Simulation tolerance relaxed to achieve convergence from 5.9305778804347010e-08 to 5.9305778804444664e-08 seconds.
Warning: Simulation tolerance relaxed to achieve convergence from 5.9305778804444664e-08 to 5.9305778804542318e-08 seconds.
Warning: Simulation tolerance relaxed to achieve convergence from 5.9305778804542318e-08 to 5.9305778804639971e-08 seconds.
Warning: Simulation tolerance relaxed to achieve convergence from 5.9305778804639971e-08 to 5.9305778804737625e-08 seconds.
Warning: Simulation tolerance relaxed to achieve convergence from 5.9305778804737625e-08 to 5.9305778804835278e-08 seconds.
Warning: Simulation tolerance relaxed to achieve convergence from 5.9305778804835278e-08 to 5.9305778804932932e-08 seconds.
Warning: Simulation tolerance relaxed to achieve convergence from 5.9305778804932932e-08 to 5.9305778805030586e-08 seconds.
Warning: Simulation tolerance relaxed to achieve convergence from 5.9305778805030586e-08 to 5.9305778805128239e-08 seconds.
Warning: Simulation tolerance relaxed to achieve convergence from 5.9305778805128239e-08 to 5.9305778805225893e-08 seconds.
Warning: Simulation tolerance relaxed to achieve convergence from 5.9305778805225893e-08 to 5.9305778805323547e-08 seconds.
Warning: Simulation tolerance relaxed to achieve convergence from 5.9305778805323547e-08 to 5.9305778805421200e-08 seconds.
Warning: Simulation tolerance relaxed to achieve convergence from 5.9305778805421200e-08 to 5.9305778805518854e-08 seconds.
Warning: Simulation tolerance relaxed to achieve convergence from 5.9305778805518854e-08 to 5.9305778805616507e-08 seconds.
Warning: Simulation tolerance relaxed to achieve convergence from 5.9305778805616507e-08 to 5.9305778805714161e-08 seconds.
Warning: Simulation tolerance relaxed to achieve convergence from 5.9305778805714161e-08 to 5.9305778805811815e-08 seconds.
Warning: Simulation tolerance relaxed to achieve convergence from 5.9305778805811815e-08 to 5.9305778805909468e-08 seconds.
Warning: Simulation tolerance relaxed to achieve convergence from 5.9305778805909468e-08 to 5.9305778806007122e-08 seconds.
Warning: Simulation tolerance relaxed to achieve convergence from 5.9305778806007122e-08 to 5.9305778806104776e-08 seconds.
Warning: Simulation tolerance relaxed to achieve convergence from 5.9305778806104776e-08 to 5.9305778806202429e-08 seconds.
Warning: Simulation tolerance relaxed to achieve convergence from 5.9305778806202429e-08 to 5.9305778806300083e-08 seconds.
Warning: Simulation tolerance relaxed to achieve convergence from 5.9305778806300083e-08 to 5.9305778806397737e-08 seconds.
Warning: Simulation tolerance relaxed to achieve convergence from 5.9305778806397737e-08 to 5.9305778806495390e-08 seconds.
Warning: Simulation tolerance relaxed to achieve convergence from 5.9305778806495390e-08 to 5.9305778806593044e-08 seconds.
Warning: Simulation tolerance relaxed to achieve convergence from 5.9305778806593044e-08 to 5.9305778806690697e-08 seconds.
Warning: Simulation tolerance relaxed to achieve convergence from 5.9305778806690697e-08 to 5.9305778806788351e-08 seconds.
Warning: Simulation tolerance relaxed to achieve convergence from 5.9305778806788351e-08 to 5.9305778806886005e-08 seconds.
Warning: Simulation tolerance relaxed to achieve convergence from 5.9305778806886005e-08 to 5.9305778806983658e-08 seconds.
Warning: Simulation tolerance relaxed to achieve convergence from 5.9305778806983658e-08 to 5.9305778807081312e-08 seconds.
Warning: Simulation tolerance relaxed to achieve convergence from 5.9305778807081312e-08 to 5.9305778807178966e-08 seconds.
Warning: Simulation tolerance relaxed to achieve convergence from 5.9305778807178966e-08 to 5.9305778807276619e-08 seconds.
Warning: Simulation tolerance relaxed to achieve convergence from 5.9305778807276619e-08 to 5.9305778807374273e-08 seconds.
Warning: Simulation tolerance relaxed to achieve convergence from 5.9305778807374273e-08 to 5.9305778807471927e-08 seconds.
Warning: Simulation tolerance relaxed to achieve convergence from 5.9305778807471927e-08 to 5.9305778807569580e-08 seconds.
Warning: Simulation tolerance relaxed to achieve convergence from 5.9305778807569580e-08 to 5.9305778807667234e-08 seconds.
Warning: Simulation tolerance relaxed to achieve convergence from 5.9305778807667234e-08 to 5.9305778807764887e-08 seconds.
Warning: Simulation tolerance relaxed to achieve convergence from 5.9305778807764887e-08 to 5.9305778807862541e-08 seconds.
Warning: Simulation tolerance relaxed to achieve convergence from 5.9305778807862541e-08 to 5.9305778807960195e-08 seconds.
Warning: Simulation tolerance relaxed to achieve convergence from 5.9305778807960195e-08 to 5.9305778808057848e-08 seconds.
Warning: Simulation tolerance relaxed to achieve convergence from 5.9305778808057848e-08 to 5.9305778808155502e-08 seconds.
Warning: Simulation tolerance relaxed to achieve convergence from 5.9305778808155502e-08 to 5.9305778808253156e-08 seconds.
Warning: Simulation tolerance relaxed to achieve convergence from 5.9305778808253156e-08 to 5.9305778808350809e-08 seconds.
Warning: Simulation tolerance relaxed to achieve convergence from 5.9305778808350809e-08 to 5.9305778808448463e-08 seconds.
Warning: Simulation tolerance relaxed to achieve convergence from 5.9305778808448463e-08 to 5.9305778808546117e-08 seconds.
Warning: Simulation tolerance relaxed to achieve convergence from 5.9305778808546117e-08 to 5.9305778808643770e-08 seconds.
Warning: Simulation tolerance relaxed to achieve convergence from 5.9305778808643770e-08 to 5.9305778808741424e-08 seconds.
Warning: Simulation tolerance relaxed to achieve convergence from 5.9305778808741424e-08 to 5.9305778808839077e-08 seconds.
Warning: Simulation tolerance relaxed to achieve convergence from 5.9305778808839077e-08 to 5.9305778808936731e-08 seconds.
Warning: Simulation tolerance relaxed to achieve convergence from 5.9305778808936731e-08 to 5.9305778809034385e-08 seconds.
Warning: Simulation tolerance relaxed to achieve convergence from 5.9305778809034385e-08 to 5.9305778809132038e-08 seconds.
Warning: Simulation tolerance relaxed to achieve convergence from 5.9305778809132038e-08 to 5.9305778809229692e-08 seconds.
Warning: Simulation tolerance relaxed to achieve convergence from 5.9305778809229692e-08 to 5.9305778809327346e-08 seconds.
Warning: Simulation tolerance relaxed to achieve convergence from 5.9305778809327346e-08 to 5.9305778809424999e-08 seconds.
Warning: Simulation tolerance relaxed to achieve convergence from 5.9305778809424999e-08 to 5.9305778809522653e-08 seconds.
Warning: Simulation tolerance relaxed to achieve convergence from 5.9305778809522653e-08 to 5.9305778809620307e-08 seconds.
Warning: Simulation tolerance relaxed to achieve convergence from 5.9305778809620307e-08 to 5.9305778809717960e-08 seconds.
Warning: Simulation tolerance relaxed to achieve convergence from 5.9305778809717960e-08 to 5.9305778809815614e-08 seconds.
Warning: Simulation tolerance relaxed to achieve convergence from 5.9305778809815614e-08 to 5.9305778809913267e-08 seconds.
Warning: Simulation tolerance relaxed to achieve convergence from 5.9305778809913267e-08 to 5.9305778810010921e-08 seconds.
Warning: Simulation tolerance relaxed to achieve convergence from 5.9305778810010921e-08 to 5.9305778810108575e-08 seconds.
Warning: Simulation tolerance relaxed to achieve convergence from 5.9305778810108575e-08 to 5.9305778810206228e-08 seconds.
Warning: Simulation tolerance relaxed to achieve convergence from 5.9305778810206228e-08 to 5.9305778810303882e-08 seconds.
Warning: Simulation tolerance relaxed to achieve convergence from 5.9305778810303882e-08 to 5.9305778810401536e-08 seconds.
Warning: Simulation tolerance relaxed to achieve convergence from 5.9305778810401536e-08 to 5.9305778810499189e-08 seconds.
Warning: Simulation tolerance relaxed to achieve convergence from 5.9305778810499189e-08 to 5.9305778810596843e-08 seconds.
Warning: Simulation tolerance relaxed to achieve convergence from 5.9305778810596843e-08 to 5.9305778810694496e-08 seconds.
Warning: Simulation tolerance relaxed to achieve convergence from 5.9305778810694496e-08 to 5.9305778810792150e-08 seconds.
Warning: Simulation tolerance relaxed to achieve convergence from 5.9305778810792150e-08 to 5.9305778810889804e-08 seconds.
Warning: Simulation tolerance relaxed to achieve convergence from 5.9305778810889804e-08 to 5.9305778810987457e-08 seconds.
Warning: Simulation tolerance relaxed to achieve convergence from 5.9305778810987457e-08 to 5.9305778811085111e-08 seconds.
Warning: Simulation tolerance relaxed to achieve convergence from 5.9305778811085111e-08 to 5.9305778811182765e-08 seconds.
Warning: Simulation tolerance relaxed to achieve convergence from 5.9305778811182765e-08 to 5.9305778811280418e-08 seconds.
Warning: Simulation tolerance relaxed to achieve convergence from 5.9305778811280418e-08 to 5.9305778811378072e-08 seconds.
Warning: Simulation tolerance relaxed to achieve convergence from 5.9305778811378072e-08 to 5.9305778811475726e-08 seconds.
Warning: Simulation tolerance relaxed to achieve convergence from 5.9305778811475726e-08 to 5.9305778811573379e-08 seconds.
Warning: Simulation tolerance relaxed to achieve convergence from 5.9305778811573379e-08 to 5.9305778811671033e-08 seconds.
Warning: Simulation tolerance relaxed to achieve convergence from 5.9305778811671033e-08 to 5.9305778811768686e-08 seconds.
Warning: Simulation tolerance relaxed to achieve convergence from 5.9305778811768686e-08 to 5.9305778811866340e-08 seconds.
Warning: Simulation tolerance relaxed to achieve convergence from 5.9305778811866340e-08 to 5.9305778811963994e-08 seconds.
Warning: Simulation tolerance relaxed to achieve convergence from 5.9305778811963994e-08 to 5.9305778812061647e-08 seconds.
Warning: Simulation tolerance relaxed to achieve convergence from 5.9305778812061647e-08 to 5.9305778812159301e-08 seconds.
Warning: Simulation tolerance relaxed to achieve convergence from 5.9305778812159301e-08 to 5.9305778812256955e-08 seconds.
Warning: Simulation tolerance relaxed to achieve convergence from 5.9305778812256955e-08 to 5.9305778812354608e-08 seconds.
Warning: Simulation tolerance relaxed to achieve convergence from 5.9305778812354608e-08 to 5.9305778812452262e-08 seconds.
Warning: Simulation tolerance relaxed to achieve convergence from 5.9305778812452262e-08 to 5.9305778812549916e-08 seconds.
Warning: Simulation tolerance relaxed to achieve convergence from 5.9305778812549916e-08 to 5.9305778812647569e-08 seconds.
Warning: Simulation tolerance relaxed to achieve convergence from 5.9305778812647569e-08 to 5.9305778812745223e-08 seconds.
Warning: Simulation tolerance relaxed to achieve convergence from 5.9305778812745223e-08 to 5.9305778812842876e-08 seconds.
Warning: Simulation tolerance relaxed to achieve convergence from 5.9305778812842876e-08 to 5.9305778812940530e-08 seconds.
Warning: Simulation tolerance relaxed to achieve convergence from 5.9305778812940530e-08 to 5.9305778813038184e-08 seconds.
Warning: Simulation tolerance relaxed to achieve convergence from 5.9305778813038184e-08 to 5.9305778813135837e-08 seconds.
Warning: Simulation tolerance relaxed to achieve convergence from 5.9305778813135837e-08 to 5.9305778813233491e-08 seconds.
Warning: Simulation tolerance relaxed to achieve convergence from 5.9305778813233491e-08 to 5.9305778813331145e-08 seconds.
Warning: Simulation tolerance relaxed to achieve convergence from 5.9305778813331145e-08 to 5.9305778813428798e-08 seconds.
Warning: Simulation tolerance relaxed to achieve convergence from 5.9305778813428798e-08 to 5.9305778813526452e-08 seconds.
Warning: Simulation tolerance relaxed to achieve convergence from 5.9305778813526452e-08 to 5.9305778813624106e-08 seconds.
Warning: Simulation tolerance relaxed to achieve convergence from 5.9305778813624106e-08 to 5.9305778813721759e-08 seconds.
Warning: Simulation tolerance relaxed to achieve convergence from 5.9305778813721759e-08 to 5.9305778813819413e-08 seconds.
Warning: Simulation tolerance relaxed to achieve convergence from 5.9305778813819413e-08 to 5.9305778813917066e-08 seconds.
Warning: Simulation tolerance relaxed to achieve convergence from 5.9305778813917066e-08 to 5.9305778814014720e-08 seconds.
Warning: Simulation tolerance relaxed to achieve convergence from 5.9305778814014720e-08 to 5.9305778814112374e-08 seconds.
Warning: Simulation tolerance relaxed to achieve convergence from 5.9305778814112374e-08 to 5.9305778814210027e-08 seconds.
Warning: Simulation tolerance relaxed to achieve convergence from 5.9305778814210027e-08 to 5.9305778814307681e-08 seconds.
Warning: Simulation tolerance relaxed to achieve convergence from 5.9305778814307681e-08 to 5.9305778814405335e-08 seconds.
Warning: Simulation tolerance relaxed to achieve convergence from 5.9305778814405335e-08 to 5.9305778814502988e-08 seconds.
Warning: Simulation tolerance relaxed to achieve convergence from 5.9305778814502988e-08 to 5.9305778814600642e-08 seconds.
Warning: Simulation tolerance relaxed to achieve convergence from 5.9305778814600642e-08 to 5.9305778814698295e-08 seconds.
Warning: Simulation tolerance relaxed to achieve convergence from 5.9305778814698295e-08 to 5.9305778814795949e-08 seconds.
Warning: Simulation tolerance relaxed to achieve convergence from 5.9305778814795949e-08 to 5.9305778814893603e-08 seconds.
Warning: Simulation tolerance relaxed to achieve convergence from 5.9305778814893603e-08 to 5.9305778814991256e-08 seconds.
Warning: Simulation tolerance relaxed to achieve convergence from 5.9305778814991256e-08 to 5.9305778815088910e-08 seconds.
Warning: Simulation tolerance relaxed to achieve convergence from 5.9305778815088910e-08 to 5.9305778815186564e-08 seconds.
Warning: Simulation tolerance relaxed to achieve convergence from 5.9305778815186564e-08 to 5.9305778815284217e-08 seconds.
Warning: Simulation tolerance relaxed to achieve convergence from 5.9305778815284217e-08 to 5.9305778815381871e-08 seconds.
Warning: Simulation tolerance relaxed to achieve convergence from 5.9305778815381871e-08 to 5.9305778815479525e-08 seconds.
Warning: Simulation tolerance relaxed to achieve convergence from 5.9305778815479525e-08 to 5.9305778815577178e-08 seconds.
Warning: Simulation tolerance relaxed to achieve convergence from 5.9305778815577178e-08 to 5.9305778815674832e-08 seconds.
Warning: Simulation tolerance relaxed to achieve convergence from 6.1094264793697753e-08 to 6.1094264793795414e-08 seconds.
Warning: Simulation tolerance relaxed to achieve convergence from 6.5305778779527616e-08 to 6.5305778779625276e-08 seconds.
Warning: Simulation tolerance relaxed to achieve convergence from 7.1305778779500802e-08 to 7.1305778779598463e-08 seconds.
Warning: Simulation tolerance relaxed to achieve convergence from 7.1305778779598463e-08 to 7.1305778779696123e-08 seconds.
Warning: Simulation tolerance relaxed to achieve convergence from 7.1305778779696123e-08 to 7.1305778779793783e-08 seconds.
Warning: Simulation tolerance relaxed to achieve convergence from 7.1305778779793783e-08 to 7.1305778779891443e-08 seconds.
Warning: Simulation tolerance relaxed to achieve convergence from 7.1305778779891443e-08 to 7.1305778779989104e-08 seconds.
Warning: Simulation tolerance relaxed to achieve convergence from 7.1305778779989104e-08 to 7.1305778780086764e-08 seconds.
Warning: Simulation tolerance relaxed to achieve convergence from 7.1305778780086764e-08 to 7.1305778780184424e-08 seconds.
Warning: Simulation tolerance relaxed to achieve convergence from 7.1305778780184424e-08 to 7.1305778780282084e-08 seconds.
Warning: Simulation tolerance relaxed to achieve convergence from 7.1305778780282084e-08 to 7.1305778780379745e-08 seconds.
Warning: Simulation tolerance relaxed to achieve convergence from 7.1305778780379745e-08 to 7.1305778780477405e-08 seconds.
Warning: Simulation tolerance relaxed to achieve convergence from 7.1305778780477405e-08 to 7.1305778780575065e-08 seconds.
Warning: Simulation tolerance relaxed to achieve convergence from 7.1305778780575065e-08 to 7.1305778780672725e-08 seconds.
Warning: Simulation tolerance relaxed to achieve convergence from 7.1305778780672725e-08 to 7.1305778780770386e-08 seconds.
Warning: Simulation tolerance relaxed to achieve convergence from 7.1305778780770386e-08 to 7.1305778780868046e-08 seconds.
Warning: Simulation tolerance relaxed to achieve convergence from 7.1305778780868046e-08 to 7.1305778780965706e-08 seconds.
Warning: Simulation tolerance relaxed to achieve convergence from 7.1305778780965706e-08 to 7.1305778781063366e-08 seconds.
Warning: Simulation tolerance relaxed to achieve convergence from 7.1305778781063366e-08 to 7.1305778781161027e-08 seconds.
Warning: Simulation tolerance relaxed to achieve convergence from 7.1305778781161027e-08 to 7.1305778781258687e-08 seconds.
Warning: Simulation tolerance relaxed to achieve convergence from 7.1305778781258687e-08 to 7.1305778781356347e-08 seconds.
Warning: Simulation tolerance relaxed to achieve convergence from 7.1305778781356347e-08 to 7.1305778781454008e-08 seconds.
Warning: Simulation tolerance relaxed to achieve convergence from 7.1305778781454008e-08 to 7.1305778781551668e-08 seconds.
Warning: Simulation tolerance relaxed to achieve convergence from 7.1305778781551668e-08 to 7.1305778781649328e-08 seconds.
Warning: Simulation tolerance relaxed to achieve convergence from 7.1305778781649328e-08 to 7.1305778781746988e-08 seconds.
Warning: Simulation tolerance relaxed to achieve convergence from 7.1305778781746988e-08 to 7.1305778781844649e-08 seconds.
Warning: Simulation tolerance relaxed to achieve convergence from 7.1305778781844649e-08 to 7.1305778781942309e-08 seconds.
Warning: Simulation tolerance relaxed to achieve convergence from 7.1305778781942309e-08 to 7.1305778782039969e-08 seconds.
Warning: Simulation tolerance relaxed to achieve convergence from 7.1305778782039969e-08 to 7.1305778782137629e-08 seconds.
Warning: Simulation tolerance relaxed to achieve convergence from 7.1305778782137629e-08 to 7.1305778782235290e-08 seconds.
Warning: Simulation tolerance relaxed to achieve convergence from 7.1305778782235290e-08 to 7.1305778782332950e-08 seconds.
Warning: Simulation tolerance relaxed to achieve convergence from 7.1305778782332950e-08 to 7.1305778782430610e-08 seconds.
Warning: Simulation tolerance relaxed to achieve convergence from 7.1305778782430610e-08 to 7.1305778782528270e-08 seconds.
Warning: Simulation tolerance relaxed to achieve convergence from 7.1305778782528270e-08 to 7.1305778782625931e-08 seconds.
Warning: Simulation tolerance relaxed to achieve convergence from 7.1305778782625931e-08 to 7.1305778782723591e-08 seconds.
Warning: Simulation tolerance relaxed to achieve convergence from 7.1305778782723591e-08 to 7.1305778782821251e-08 seconds.
Warning: Simulation tolerance relaxed to achieve convergence from 7.1305778782821251e-08 to 7.1305778782918911e-08 seconds.
Warning: Simulation tolerance relaxed to achieve convergence from 7.1305778782918911e-08 to 7.1305778783016572e-08 seconds.
Warning: Simulation tolerance relaxed to achieve convergence from 7.1305778783016572e-08 to 7.1305778783114232e-08 seconds.
Warning: Simulation tolerance relaxed to achieve convergence from 7.1305778783114232e-08 to 7.1305778783211892e-08 seconds.
Warning: Simulation tolerance relaxed to achieve convergence from 7.1305778783211892e-08 to 7.1305778783309552e-08 seconds.
Warning: Simulation tolerance relaxed to achieve convergence from 7.1305778783309552e-08 to 7.1305778783407213e-08 seconds.
Warning: Simulation tolerance relaxed to achieve convergence from 7.1305778783407213e-08 to 7.1305778783504873e-08 seconds.
Warning: Simulation tolerance relaxed to achieve convergence from 7.1305778783504873e-08 to 7.1305778783602533e-08 seconds.
Warning: Simulation tolerance relaxed to achieve convergence from 7.1305778783602533e-08 to 7.1305778783700193e-08 seconds.
Warning: Simulation tolerance relaxed to achieve convergence from 7.1305778783700193e-08 to 7.1305778783797854e-08 seconds.
Warning: Simulation tolerance relaxed to achieve convergence from 7.1305778783797854e-08 to 7.1305778783895514e-08 seconds.
Warning: Simulation tolerance relaxed to achieve convergence from 7.1305778783895514e-08 to 7.1305778783993174e-08 seconds.
Warning: Simulation tolerance relaxed to achieve convergence from 7.1305778783993174e-08 to 7.1305778784090834e-08 seconds.
Warning: Simulation tolerance relaxed to achieve convergence from 7.1305778784090834e-08 to 7.1305778784188495e-08 seconds.
Warning: Simulation tolerance relaxed to achieve convergence from 7.1305778784188495e-08 to 7.1305778784286155e-08 seconds.
Warning: Simulation tolerance relaxed to achieve convergence from 7.1305778784286155e-08 to 7.1305778784383815e-08 seconds.
Warning: Simulation tolerance relaxed to achieve convergence from 7.1305778784383815e-08 to 7.1305778784481475e-08 seconds.
Warning: Simulation tolerance relaxed to achieve convergence from 7.1305778784481475e-08 to 7.1305778784579136e-08 seconds.
Warning: Simulation tolerance relaxed to achieve convergence from 7.1305778784579136e-08 to 7.1305778784676796e-08 seconds.
Warning: Simulation tolerance relaxed to achieve convergence from 7.1305778784676796e-08 to 7.1305778784774456e-08 seconds.
Warning: Simulation tolerance relaxed to achieve convergence from 7.1305778784774456e-08 to 7.1305778784872116e-08 seconds.
Warning: Simulation tolerance relaxed to achieve convergence from 7.1305778784872116e-08 to 7.1305778784969777e-08 seconds.
Warning: Simulation tolerance relaxed to achieve convergence from 7.1305778784969777e-08 to 7.1305778785067437e-08 seconds.
Warning: Simulation tolerance relaxed to achieve convergence from 7.1305778785067437e-08 to 7.1305778785165097e-08 seconds.
Warning: Simulation tolerance relaxed to achieve convergence from 7.1305778785165097e-08 to 7.1305778785262757e-08 seconds.
Warning: Simulation tolerance relaxed to achieve convergence from 7.1305778785262757e-08 to 7.1305778785360418e-08 seconds.
Warning: Simulation tolerance relaxed to achieve convergence from 7.1305778785360418e-08 to 7.1305778785458078e-08 seconds.
Warning: Simulation tolerance relaxed to achieve convergence from 7.1305778785458078e-08 to 7.1305778785555738e-08 seconds.
Warning: Simulation tolerance relaxed to achieve convergence from 7.1305778785555738e-08 to 7.1305778785653398e-08 seconds.
Warning: Simulation tolerance relaxed to achieve convergence from 7.1305778785653398e-08 to 7.1305778785751059e-08 seconds.
Warning: Simulation tolerance relaxed to achieve convergence from 7.1305778785751059e-08 to 7.1305778785848719e-08 seconds.
Warning: Simulation tolerance relaxed to achieve convergence from 7.1305778785848719e-08 to 7.1305778785946379e-08 seconds.
Warning: Simulation tolerance relaxed to achieve convergence from 7.1305778785946379e-08 to 7.1305778786044039e-08 seconds.
Warning: Simulation tolerance relaxed to achieve convergence from 7.1305778786044039e-08 to 7.1305778786141700e-08 seconds.
Warning: Simulation tolerance relaxed to achieve convergence from 7.1305778786141700e-08 to 7.1305778786239360e-08 seconds.
Warning: Simulation tolerance relaxed to achieve convergence from 7.1305778786239360e-08 to 7.1305778786337020e-08 seconds.
Warning: Simulation tolerance relaxed to achieve convergence from 7.1305778786337020e-08 to 7.1305778786434680e-08 seconds.
Warning: Simulation tolerance relaxed to achieve convergence from 7.1305778786434680e-08 to 7.1305778786532341e-08 seconds.
Warning: Simulation tolerance relaxed to achieve convergence from 7.1305778786532341e-08 to 7.1305778786630001e-08 seconds.
Warning: Simulation tolerance relaxed to achieve convergence from 7.1305778786630001e-08 to 7.1305778786727661e-08 seconds.
Warning: Simulation tolerance relaxed to achieve convergence from 7.1305778786727661e-08 to 7.1305778786825321e-08 seconds.
Warning: Simulation tolerance relaxed to achieve convergence from 7.1305778786825321e-08 to 7.1305778786922982e-08 seconds.
Warning: Simulation tolerance relaxed to achieve convergence from 7.1305778786922982e-08 to 7.1305778787020642e-08 seconds.
Warning: Simulation tolerance relaxed to achieve convergence from 7.1305778787020642e-08 to 7.1305778787118302e-08 seconds.
Warning: Simulation tolerance relaxed to achieve convergence from 7.1305778787118302e-08 to 7.1305778787215962e-08 seconds.
Warning: Simulation tolerance relaxed to achieve convergence from 7.1305778787215962e-08 to 7.1305778787313623e-08 seconds.
Warning: Simulation tolerance relaxed to achieve convergence from 7.1305778787313623e-08 to 7.1305778787411283e-08 seconds.
Warning: Simulation tolerance relaxed to achieve convergence from 7.1305778787411283e-08 to 7.1305778787508943e-08 seconds.
Warning: Simulation tolerance relaxed to achieve convergence from 7.1305778787508943e-08 to 7.1305778787606603e-08 seconds.
Warning: Simulation tolerance relaxed to achieve convergence from 7.1305778787606603e-08 to 7.1305778787704264e-08 seconds.
Warning: Simulation tolerance relaxed to achieve convergence from 7.1305778787704264e-08 to 7.1305778787801924e-08 seconds.
Warning: Simulation tolerance relaxed to achieve convergence from 7.1305778787801924e-08 to 7.1305778787899584e-08 seconds.
Warning: Simulation tolerance relaxed to achieve convergence from 7.1305778787899584e-08 to 7.1305778787997244e-08 seconds.
Warning: Simulation tolerance relaxed to achieve convergence from 7.1305778787997244e-08 to 7.1305778788094905e-08 seconds.
Warning: Simulation tolerance relaxed to achieve convergence from 7.1305778788094905e-08 to 7.1305778788192565e-08 seconds.
Warning: Simulation tolerance relaxed to achieve convergence from 7.1305778788192565e-08 to 7.1305778788290225e-08 seconds.
Warning: Simulation tolerance relaxed to achieve convergence from 7.1305778788290225e-08 to 7.1305778788387885e-08 seconds.
Warning: Simulation tolerance relaxed to achieve convergence from 7.1305778788387885e-08 to 7.1305778788485546e-08 seconds.
Warning: Simulation tolerance relaxed to achieve convergence from 7.1305778788485546e-08 to 7.1305778788583206e-08 seconds.
Warning: Simulation tolerance relaxed to achieve convergence from 7.1305778788583206e-08 to 7.1305778788680866e-08 seconds.
Warning: Simulation tolerance relaxed to achieve convergence from 7.1305778788680866e-08 to 7.1305778788778526e-08 seconds.
Warning: Simulation tolerance relaxed to achieve convergence from 7.1305778788778526e-08 to 7.1305778788876187e-08 seconds.
Warning: Simulation tolerance relaxed to achieve convergence from 7.1305778788876187e-08 to 7.1305778788973847e-08 seconds.
Warning: Simulation tolerance relaxed to achieve convergence from 7.1305778788973847e-08 to 7.1305778789071507e-08 seconds.
Warning: Simulation tolerance relaxed to achieve convergence from 7.1305778789071507e-08 to 7.1305778789169167e-08 seconds.
Warning: Simulation tolerance relaxed to achieve convergence from 7.1305778789169167e-08 to 7.1305778789266828e-08 seconds.
Warning: Simulation tolerance relaxed to achieve convergence from 7.1305778789266828e-08 to 7.1305778789364488e-08 seconds.
Warning: Simulation tolerance relaxed to achieve convergence from 7.1305778789364488e-08 to 7.1305778789462148e-08 seconds.
Warning: Simulation tolerance relaxed to achieve convergence from 7.1305778789462148e-08 to 7.1305778789559808e-08 seconds.
Warning: Simulation tolerance relaxed to achieve convergence from 7.1305778789559808e-08 to 7.1305778789657469e-08 seconds.
Warning: Simulation tolerance relaxed to achieve convergence from 7.1305778789657469e-08 to 7.1305778789755129e-08 seconds.
Warning: Simulation tolerance relaxed to achieve convergence from 7.1305778789755129e-08 to 7.1305778789852789e-08 seconds.
Warning: Simulation tolerance relaxed to achieve convergence from 7.1305778789852789e-08 to 7.1305778789950449e-08 seconds.
Warning: Simulation tolerance relaxed to achieve convergence from 7.1305778789950449e-08 to 7.1305778790048110e-08 seconds.
Warning: Simulation tolerance relaxed to achieve convergence from 7.1305778790048110e-08 to 7.1305778790145770e-08 seconds.
Warning: Simulation tolerance relaxed to achieve convergence from 7.1305778790145770e-08 to 7.1305778790243430e-08 seconds.
Warning: Simulation tolerance relaxed to achieve convergence from 7.1305778790243430e-08 to 7.1305778790341090e-08 seconds.
Warning: Simulation tolerance relaxed to achieve convergence from 7.1305778790341090e-08 to 7.1305778790438751e-08 seconds.
Warning: Simulation tolerance relaxed to achieve convergence from 7.1305778790438751e-08 to 7.1305778790536411e-08 seconds.
Warning: Simulation tolerance relaxed to achieve convergence from 7.1305778790536411e-08 to 7.1305778790634071e-08 seconds.
Warning: Simulation tolerance relaxed to achieve convergence from 7.1305778790634071e-08 to 7.1305778790731731e-08 seconds.
Warning: Simulation tolerance relaxed to achieve convergence from 7.1305778790731731e-08 to 7.1305778790829392e-08 seconds.
Warning: Simulation tolerance relaxed to achieve convergence from 7.1305778790829392e-08 to 7.1305778790927052e-08 seconds.
Warning: Simulation tolerance relaxed to achieve convergence from 7.1305778790927052e-08 to 7.1305778791024712e-08 seconds.
Warning: Simulation tolerance relaxed to achieve convergence from 7.1305778791024712e-08 to 7.1305778791122372e-08 seconds.
Warning: Simulation tolerance relaxed to achieve convergence from 7.1305778791122372e-08 to 7.1305778791220033e-08 seconds.
Warning: Simulation tolerance relaxed to achieve convergence from 7.1305778791220033e-08 to 7.1305778791317693e-08 seconds.
Warning: Simulation tolerance relaxed to achieve convergence from 7.1305778791317693e-08 to 7.1305778791415353e-08 seconds.
Warning: Simulation tolerance relaxed to achieve convergence from 7.1305778791415353e-08 to 7.1305778791513013e-08 seconds.
Warning: Simulation tolerance relaxed to achieve convergence from 7.1305778791513013e-08 to 7.1305778791610674e-08 seconds.
Warning: Simulation tolerance relaxed to achieve convergence from 7.1305778791610674e-08 to 7.1305778791708334e-08 seconds.
Warning: Simulation tolerance relaxed to achieve convergence from 7.1305778791708334e-08 to 7.1305778791805994e-08 seconds.
Warning: Simulation tolerance relaxed to achieve convergence from 7.1305778791805994e-08 to 7.1305778791903654e-08 seconds.
Warning: Simulation tolerance relaxed to achieve convergence from 7.1305778791903654e-08 to 7.1305778792001315e-08 seconds.
Warning: Simulation tolerance relaxed to achieve convergence from 7.1305778792001315e-08 to 7.1305778792098975e-08 seconds.
Warning: Simulation tolerance relaxed to achieve convergence from 7.1305778792098975e-08 to 7.1305778792196635e-08 seconds.
Warning: Simulation tolerance relaxed to achieve convergence from 7.1305778792196635e-08 to 7.1305778792294295e-08 seconds.
Warning: Simulation tolerance relaxed to achieve convergence from 7.1305778792294295e-08 to 7.1305778792391956e-08 seconds.
Warning: Simulation tolerance relaxed to achieve convergence from 7.1305778792391956e-08 to 7.1305778792489616e-08 seconds.
Warning: Simulation tolerance relaxed to achieve convergence from 7.1305778792489616e-08 to 7.1305778792587276e-08 seconds.
Warning: Simulation tolerance relaxed to achieve convergence from 7.1305778792587276e-08 to 7.1305778792684936e-08 seconds.
Warning: Simulation tolerance relaxed to achieve convergence from 7.1305778792684936e-08 to 7.1305778792782597e-08 seconds.
Warning: Simulation tolerance relaxed to achieve convergence from 7.1305778792782597e-08 to 7.1305778792880257e-08 seconds.
Warning: Simulation tolerance relaxed to achieve convergence from 7.1305778792880257e-08 to 7.1305778792977917e-08 seconds.
Warning: Simulation tolerance relaxed to achieve convergence from 7.1305778792977917e-08 to 7.1305778793075577e-08 seconds.
Warning: Simulation tolerance relaxed to achieve convergence from 7.1305778793075577e-08 to 7.1305778793173238e-08 seconds.
Warning: Simulation tolerance relaxed to achieve convergence from 7.1305778793173238e-08 to 7.1305778793270898e-08 seconds.
Warning: Simulation tolerance relaxed to achieve convergence from 7.1305778793270898e-08 to 7.1305778793368558e-08 seconds.
Warning: Simulation tolerance relaxed to achieve convergence from 7.1305778793368558e-08 to 7.1305778793466218e-08 seconds.
Warning: Simulation tolerance relaxed to achieve convergence from 7.1305778793466218e-08 to 7.1305778793563879e-08 seconds.
Warning: Simulation tolerance relaxed to achieve convergence from 7.1305778793563879e-08 to 7.1305778793661539e-08 seconds.
Warning: Simulation tolerance relaxed to achieve convergence from 7.1305778793661539e-08 to 7.1305778793759199e-08 seconds.
Warning: Simulation tolerance relaxed to achieve convergence from 7.1305778793759199e-08 to 7.1305778793856859e-08 seconds.
Warning: Simulation tolerance relaxed to achieve convergence from 7.1305778793856859e-08 to 7.1305778793954520e-08 seconds.
Warning: Simulation tolerance relaxed to achieve convergence from 7.1305778793954520e-08 to 7.1305778794052180e-08 seconds.
Warning: Simulation tolerance relaxed to achieve convergence from 7.1305778794052180e-08 to 7.1305778794149840e-08 seconds.
Warning: Simulation tolerance relaxed to achieve convergence from 7.1305778794149840e-08 to 7.1305778794247500e-08 seconds.
Warning: Simulation tolerance relaxed to achieve convergence from 7.1305778794247500e-08 to 7.1305778794345161e-08 seconds.
Warning: Simulation tolerance relaxed to achieve convergence from 7.1305778794345161e-08 to 7.1305778794442821e-08 seconds.
Warning: Simulation tolerance relaxed to achieve convergence from 7.1305778794442821e-08 to 7.1305778794540481e-08 seconds.
Warning: Simulation tolerance relaxed to achieve convergence from 7.1305778794540481e-08 to 7.1305778794638142e-08 seconds.
Warning: Simulation tolerance relaxed to achieve convergence from 7.1305778794638142e-08 to 7.1305778794735802e-08 seconds.
Warning: Simulation tolerance relaxed to achieve convergence from 7.1305778794735802e-08 to 7.1305778794833462e-08 seconds.
Warning: Simulation tolerance relaxed to achieve convergence from 7.1305778794833462e-08 to 7.1305778794931122e-08 seconds.
Warning: Simulation tolerance relaxed to achieve convergence from 7.1305778794931122e-08 to 7.1305778795028783e-08 seconds.
Warning: Simulation tolerance relaxed to achieve convergence from 7.1305778795028783e-08 to 7.1305778795126443e-08 seconds.
Warning: Simulation tolerance relaxed to achieve convergence from 7.1305778795126443e-08 to 7.1305778795224103e-08 seconds.
Warning: Simulation tolerance relaxed to achieve convergence from 7.1305778795224103e-08 to 7.1305778795321763e-08 seconds.
Warning: Simulation tolerance relaxed to achieve convergence from 7.1305778795321763e-08 to 7.1305778795419424e-08 seconds.
Warning: Simulation tolerance relaxed to achieve convergence from 7.1305778795419424e-08 to 7.1305778795517084e-08 seconds.
Warning: Simulation tolerance relaxed to achieve convergence from 7.1305778795517084e-08 to 7.1305778795614744e-08 seconds.
Warning: Simulation tolerance relaxed to achieve convergence from 7.1305778795614744e-08 to 7.1305778795712404e-08 seconds.
Warning: Simulation tolerance relaxed to achieve convergence from 7.1305778795712404e-08 to 7.1305778795810065e-08 seconds.
Warning: Simulation tolerance relaxed to achieve convergence from 7.1305778795810065e-08 to 7.1305778795907725e-08 seconds.
Warning: Simulation tolerance relaxed to achieve convergence from 7.1305778795907725e-08 to 7.1305778796005385e-08 seconds.
Warning: Simulation tolerance relaxed to achieve convergence from 7.1305778796005385e-08 to 7.1305778796103045e-08 seconds.
Warning: Simulation tolerance relaxed to achieve convergence from 7.1305778796103045e-08 to 7.1305778796200706e-08 seconds.
Warning: Simulation tolerance relaxed to achieve convergence from 7.1305778796200706e-08 to 7.1305778796298366e-08 seconds.
Warning: Simulation tolerance relaxed to achieve convergence from 7.1305778796298366e-08 to 7.1305778796396026e-08 seconds.
Warning: Simulation tolerance relaxed to achieve convergence from 7.1305778796396026e-08 to 7.1305778796493686e-08 seconds.
Warning: Simulation tolerance relaxed to achieve convergence from 7.1305778796493686e-08 to 7.1305778796591347e-08 seconds.
Warning: Simulation tolerance relaxed to achieve convergence from 7.1305778796591347e-08 to 7.1305778796689007e-08 seconds.
Warning: Simulation tolerance relaxed to achieve convergence from 7.1305778796689007e-08 to 7.1305778796786667e-08 seconds.
Warning: Simulation tolerance relaxed to achieve convergence from 7.1305778796786667e-08 to 7.1305778796884327e-08 seconds.
Warning: Simulation tolerance relaxed to achieve convergence from 7.1305778796884327e-08 to 7.1305778796981988e-08 seconds.
Warning: Simulation tolerance relaxed to achieve convergence from 7.1305778796981988e-08 to 7.1305778797079648e-08 seconds.
Warning: Simulation tolerance relaxed to achieve convergence from 7.1305778797079648e-08 to 7.1305778797177308e-08 seconds.
Warning: Simulation tolerance relaxed to achieve convergence from 7.1305778797177308e-08 to 7.1305778797274968e-08 seconds.
Warning: Simulation tolerance relaxed to achieve convergence from 7.1305778797274968e-08 to 7.1305778797372629e-08 seconds.
Warning: Simulation tolerance relaxed to achieve convergence from 7.1305778797372629e-08 to 7.1305778797470289e-08 seconds.
Warning: Simulation tolerance relaxed to achieve convergence from 7.1305778797470289e-08 to 7.1305778797567949e-08 seconds.
Warning: Simulation tolerance relaxed to achieve convergence from 7.1305778797567949e-08 to 7.1305778797665609e-08 seconds.
Warning: Simulation tolerance relaxed to achieve convergence from 7.1305778797665609e-08 to 7.1305778797763270e-08 seconds.
Warning: Simulation tolerance relaxed to achieve convergence from 7.1305778797763270e-08 to 7.1305778797860930e-08 seconds.
Warning: Simulation tolerance relaxed to achieve convergence from 7.1305778797860930e-08 to 7.1305778797958590e-08 seconds.
Warning: Simulation tolerance relaxed to achieve convergence from 7.1305778797958590e-08 to 7.1305778798056250e-08 seconds.
Warning: Simulation tolerance relaxed to achieve convergence from 7.1305778798056250e-08 to 7.1305778798153911e-08 seconds.
Warning: Simulation tolerance relaxed to achieve convergence from 7.1305778798153911e-08 to 7.1305778798251571e-08 seconds.
Warning: Simulation tolerance relaxed to achieve convergence from 7.1305778798251571e-08 to 7.1305778798349231e-08 seconds.
Warning: Simulation tolerance relaxed to achieve convergence from 7.1305778798349231e-08 to 7.1305778798446891e-08 seconds.
Warning: Simulation tolerance relaxed to achieve convergence from 7.1305778798446891e-08 to 7.1305778798544552e-08 seconds.
Warning: Simulation tolerance relaxed to achieve convergence from 7.1305778798544552e-08 to 7.1305778798642212e-08 seconds.
Warning: Simulation tolerance relaxed to achieve convergence from 7.1305778798642212e-08 to 7.1305778798739872e-08 seconds.
Warning: Simulation tolerance relaxed to achieve convergence from 7.1305778798739872e-08 to 7.1305778798837532e-08 seconds.
Warning: Simulation tolerance relaxed to achieve convergence from 7.1305778798837532e-08 to 7.1305778798935193e-08 seconds.
Warning: Simulation tolerance relaxed to achieve convergence from 7.1305778798935193e-08 to 7.1305778799032853e-08 seconds.
Warning: Simulation tolerance relaxed to achieve convergence from 7.1305778799032853e-08 to 7.1305778799130513e-08 seconds.
Warning: Simulation tolerance relaxed to achieve convergence from 7.1305778799130513e-08 to 7.1305778799228173e-08 seconds.
Warning: Simulation tolerance relaxed to achieve convergence from 7.1305778799228173e-08 to 7.1305778799325834e-08 seconds.
Warning: Simulation tolerance relaxed to achieve convergence from 7.1305778799325834e-08 to 7.1305778799423494e-08 seconds.
Warning: Simulation tolerance relaxed to achieve convergence from 7.1305778799423494e-08 to 7.1305778799521154e-08 seconds.
Warning: Simulation tolerance relaxed to achieve convergence from 7.1305778799521154e-08 to 7.1305778799618814e-08 seconds.
Warning: Simulation tolerance relaxed to achieve convergence from 7.1305778799618814e-08 to 7.1305778799716475e-08 seconds.
Warning: Simulation tolerance relaxed to achieve convergence from 7.1305778799716475e-08 to 7.1305778799814135e-08 seconds.
Warning: Simulation tolerance relaxed to achieve convergence from 7.1305778799814135e-08 to 7.1305778799911795e-08 seconds.
Warning: Simulation tolerance relaxed to achieve convergence from 7.1305778799911795e-08 to 7.1305778800009455e-08 seconds.
Warning: Simulation tolerance relaxed to achieve convergence from 7.1305778800009455e-08 to 7.1305778800107116e-08 seconds.
Warning: Simulation tolerance relaxed to achieve convergence from 7.1305778800107116e-08 to 7.1305778800204776e-08 seconds.
Warning: Simulation tolerance relaxed to achieve convergence from 7.1305778800204776e-08 to 7.1305778800302436e-08 seconds.
Warning: Simulation tolerance relaxed to achieve convergence from 7.1305778800302436e-08 to 7.1305778800400096e-08 seconds.
Warning: Simulation tolerance relaxed to achieve convergence from 7.1305778800400096e-08 to 7.1305778800497757e-08 seconds.
Warning: Simulation tolerance relaxed to achieve convergence from 7.1305778800497757e-08 to 7.1305778800595417e-08 seconds.
Warning: Simulation tolerance relaxed to achieve convergence from 7.1305778800595417e-08 to 7.1305778800693077e-08 seconds.
Warning: Simulation tolerance relaxed to achieve convergence from 7.1305778800693077e-08 to 7.1305778800790737e-08 seconds.
Warning: Simulation tolerance relaxed to achieve convergence from 7.1305778800790737e-08 to 7.1305778800888398e-08 seconds.
Warning: Simulation tolerance relaxed to achieve convergence from 7.1305778800888398e-08 to 7.1305778800986058e-08 seconds.
Warning: Simulation tolerance relaxed to achieve convergence from 7.1305778800986058e-08 to 7.1305778801083718e-08 seconds.
Warning: Simulation tolerance relaxed to achieve convergence from 7.1305778801083718e-08 to 7.1305778801181378e-08 seconds.
Warning: Simulation tolerance relaxed to achieve convergence from 7.1305778801181378e-08 to 7.1305778801279039e-08 seconds.
Warning: Simulation tolerance relaxed to achieve convergence from 7.1305778801279039e-08 to 7.1305778801376699e-08 seconds.
Warning: Simulation tolerance relaxed to achieve convergence from 7.1305778801376699e-08 to 7.1305778801474359e-08 seconds.
Warning: Simulation tolerance relaxed to achieve convergence from 7.1305778801474359e-08 to 7.1305778801572019e-08 seconds.
Warning: Simulation tolerance relaxed to achieve convergence from 7.1305778801572019e-08 to 7.1305778801669680e-08 seconds.
Warning: Simulation tolerance relaxed to achieve convergence from 7.1305778801669680e-08 to 7.1305778801767340e-08 seconds.
Warning: Simulation tolerance relaxed to achieve convergence from 7.1305778801767340e-08 to 7.1305778801865000e-08 seconds.
Warning: Simulation tolerance relaxed to achieve convergence from 7.1305778801865000e-08 to 7.1305778801962660e-08 seconds.
Warning: Simulation tolerance relaxed to achieve convergence from 7.1305778801962660e-08 to 7.1305778802060321e-08 seconds.
Warning: Simulation tolerance relaxed to achieve convergence from 7.1305778802060321e-08 to 7.1305778802157981e-08 seconds.
Warning: Simulation tolerance relaxed to achieve convergence from 7.1305778802157981e-08 to 7.1305778802255641e-08 seconds.
Warning: Simulation tolerance relaxed to achieve convergence from 7.1305778802255641e-08 to 7.1305778802353301e-08 seconds.
Warning: Simulation tolerance relaxed to achieve convergence from 7.1305778802353301e-08 to 7.1305778802450962e-08 seconds.
Warning: Simulation tolerance relaxed to achieve convergence from 7.1305778802450962e-08 to 7.1305778802548622e-08 seconds.
Warning: Simulation tolerance relaxed to achieve convergence from 7.1305778802548622e-08 to 7.1305778802646282e-08 seconds.
Warning: Simulation tolerance relaxed to achieve convergence from 7.1305778802646282e-08 to 7.1305778802743942e-08 seconds.
Warning: Simulation tolerance relaxed to achieve convergence from 7.1305778802743942e-08 to 7.1305778802841603e-08 seconds.
Warning: Simulation tolerance relaxed to achieve convergence from 7.1305778802841603e-08 to 7.1305778802939263e-08 seconds.
Warning: Simulation tolerance relaxed to achieve convergence from 7.1305778802939263e-08 to 7.1305778803036923e-08 seconds.
Warning: Simulation tolerance relaxed to achieve convergence from 7.1305778803036923e-08 to 7.1305778803134583e-08 seconds.
Warning: Simulation tolerance relaxed to achieve convergence from 7.1305778803134583e-08 to 7.1305778803232244e-08 seconds.
Warning: Simulation tolerance relaxed to achieve convergence from 7.1305778803232244e-08 to 7.1305778803329904e-08 seconds.
Warning: Simulation tolerance relaxed to achieve convergence from 7.1305778803329904e-08 to 7.1305778803427564e-08 seconds.
Warning: Simulation tolerance relaxed to achieve convergence from 7.1305778803427564e-08 to 7.1305778803525224e-08 seconds.
Warning: Simulation tolerance relaxed to achieve convergence from 7.1305778803525224e-08 to 7.1305778803622885e-08 seconds.
Warning: Simulation tolerance relaxed to achieve convergence from 7.1305778803622885e-08 to 7.1305778803720545e-08 seconds.
Warning: Simulation tolerance relaxed to achieve convergence from 7.1305778803720545e-08 to 7.1305778803818205e-08 seconds.
Warning: Simulation tolerance relaxed to achieve convergence from 7.1305778803818205e-08 to 7.1305778803915865e-08 seconds.
Warning: Simulation tolerance relaxed to achieve convergence from 7.1305778803915865e-08 to 7.1305778804013526e-08 seconds.
Warning: Simulation tolerance relaxed to achieve convergence from 7.1305778804013526e-08 to 7.1305778804111186e-08 seconds.
Warning: Simulation tolerance relaxed to achieve convergence from 7.1305778804111186e-08 to 7.1305778804208846e-08 seconds.
Warning: Simulation tolerance relaxed to achieve convergence from 7.1305778804208846e-08 to 7.1305778804306506e-08 seconds.
Warning: Simulation tolerance relaxed to achieve convergence from 7.1305778804306506e-08 to 7.1305778804404167e-08 seconds.
Warning: Simulation tolerance relaxed to achieve convergence from 7.1305778804404167e-08 to 7.1305778804501827e-08 seconds.
Warning: Simulation tolerance relaxed to achieve convergence from 7.1305778804501827e-08 to 7.1305778804599487e-08 seconds.
Warning: Simulation tolerance relaxed to achieve convergence from 7.1305778804599487e-08 to 7.1305778804697147e-08 seconds.
Warning: Simulation tolerance relaxed to achieve convergence from 7.1305778804697147e-08 to 7.1305778804794808e-08 seconds.
Warning: Simulation tolerance relaxed to achieve convergence from 7.1305778804794808e-08 to 7.1305778804892468e-08 seconds.
Warning: Simulation tolerance relaxed to achieve convergence from 7.1305778804892468e-08 to 7.1305778804990128e-08 seconds.
Warning: Simulation tolerance relaxed to achieve convergence from 7.1305778804990128e-08 to 7.1305778805087788e-08 seconds.
Warning: Simulation tolerance relaxed to achieve convergence from 7.1305778805087788e-08 to 7.1305778805185449e-08 seconds.
Warning: Simulation tolerance relaxed to achieve convergence from 7.1305778805185449e-08 to 7.1305778805283109e-08 seconds.
Warning: Simulation tolerance relaxed to achieve convergence from 7.1305778805283109e-08 to 7.1305778805380769e-08 seconds.
Warning: Simulation tolerance relaxed to achieve convergence from 7.1305778805380769e-08 to 7.1305778805478429e-08 seconds.
Warning: Simulation tolerance relaxed to achieve convergence from 7.1305778805478429e-08 to 7.1305778805576090e-08 seconds.
Warning: Simulation tolerance relaxed to achieve convergence from 7.1305778805576090e-08 to 7.1305778805673750e-08 seconds.
Warning: Simulation tolerance relaxed to achieve convergence from 7.1305778805673750e-08 to 7.1305778805771410e-08 seconds.
Warning: Simulation tolerance relaxed to achieve convergence from 7.1305778805771410e-08 to 7.1305778805869070e-08 seconds.
Warning: Simulation tolerance relaxed to achieve convergence from 7.1305778805869070e-08 to 7.1305778805966731e-08 seconds.
Warning: Simulation tolerance relaxed to achieve convergence from 7.1305778805966731e-08 to 7.1305778806064391e-08 seconds.
Warning: Simulation tolerance relaxed to achieve convergence from 7.1305778806064391e-08 to 7.1305778806162051e-08 seconds.
Warning: Simulation tolerance relaxed to achieve convergence from 7.1305778806162051e-08 to 7.1305778806259711e-08 seconds.
Warning: Simulation tolerance relaxed to achieve convergence from 7.1305778806259711e-08 to 7.1305778806357372e-08 seconds.
Warning: Simulation tolerance relaxed to achieve convergence from 7.1305778806357372e-08 to 7.1305778806455032e-08 seconds.
Warning: Simulation tolerance relaxed to achieve convergence from 7.1305778806455032e-08 to 7.1305778806552692e-08 seconds.
Warning: Simulation tolerance relaxed to achieve convergence from 7.1305778806552692e-08 to 7.1305778806650352e-08 seconds.
Warning: Simulation tolerance relaxed to achieve convergence from 7.1305778806650352e-08 to 7.1305778806748013e-08 seconds.
Warning: Simulation tolerance relaxed to achieve convergence from 7.1305778806748013e-08 to 7.1305778806845673e-08 seconds.
Warning: Simulation tolerance relaxed to achieve convergence from 7.1305778806845673e-08 to 7.1305778806943333e-08 seconds.
Warning: Simulation tolerance relaxed to achieve convergence from 7.1305778806943333e-08 to 7.1305778807040993e-08 seconds.
Warning: Simulation tolerance relaxed to achieve convergence from 7.1305778807040993e-08 to 7.1305778807138654e-08 seconds.
Warning: Simulation tolerance relaxed to achieve convergence from 7.1305778807138654e-08 to 7.1305778807236314e-08 seconds.
Warning: Simulation tolerance relaxed to achieve convergence from 7.1305778807236314e-08 to 7.1305778807333974e-08 seconds.
Warning: Simulation tolerance relaxed to achieve convergence from 7.1305778807333974e-08 to 7.1305778807431634e-08 seconds.
Warning: Simulation tolerance relaxed to achieve convergence from 7.1305778807431634e-08 to 7.1305778807529295e-08 seconds.
Warning: Simulation tolerance relaxed to achieve convergence from 7.1305778807529295e-08 to 7.1305778807626955e-08 seconds.
Warning: Simulation tolerance relaxed to achieve convergence from 7.1305778807626955e-08 to 7.1305778807724615e-08 seconds.
Warning: Simulation tolerance relaxed to achieve convergence from 7.1305778807724615e-08 to 7.1305778807822276e-08 seconds.
Warning: Simulation tolerance relaxed to achieve convergence from 7.1305778807822276e-08 to 7.1305778807919936e-08 seconds.
Warning: Simulation tolerance relaxed to achieve convergence from 7.1305778807919936e-08 to 7.1305778808017596e-08 seconds.
Warning: Simulation tolerance relaxed to achieve convergence from 7.1305778808017596e-08 to 7.1305778808115256e-08 seconds.
Warning: Simulation tolerance relaxed to achieve convergence from 7.1305778808115256e-08 to 7.1305778808212917e-08 seconds.
Warning: Simulation tolerance relaxed to achieve convergence from 7.1305778808212917e-08 to 7.1305778808310577e-08 seconds.
Warning: Simulation tolerance relaxed to achieve convergence from 7.1305778808310577e-08 to 7.1305778808408237e-08 seconds.
Warning: Simulation tolerance relaxed to achieve convergence from 7.1305778808408237e-08 to 7.1305778808505897e-08 seconds.
Warning: Simulation tolerance relaxed to achieve convergence from 7.1305778808505897e-08 to 7.1305778808603558e-08 seconds.
Warning: Simulation tolerance relaxed to achieve convergence from 7.1305778808603558e-08 to 7.1305778808701218e-08 seconds.
Warning: Simulation tolerance relaxed to achieve convergence from 7.1305778808701218e-08 to 7.1305778808798878e-08 seconds.
Warning: Simulation tolerance relaxed to achieve convergence from 7.1305778808798878e-08 to 7.1305778808896538e-08 seconds.
Warning: Simulation tolerance relaxed to achieve convergence from 7.1305778808896538e-08 to 7.1305778808994199e-08 seconds.
Warning: Simulation tolerance relaxed to achieve convergence from 7.1305778808994199e-08 to 7.1305778809091859e-08 seconds.
Warning: Simulation tolerance relaxed to achieve convergence from 7.1305778809091859e-08 to 7.1305778809189519e-08 seconds.
Warning: Simulation tolerance relaxed to achieve convergence from 7.1305778809189519e-08 to 7.1305778809287179e-08 seconds.
Warning: Simulation tolerance relaxed to achieve convergence from 7.1305778809287179e-08 to 7.1305778809384840e-08 seconds.
Warning: Simulation tolerance relaxed to achieve convergence from 7.1305778809384840e-08 to 7.1305778809482500e-08 seconds.
Warning: Simulation tolerance relaxed to achieve convergence from 7.1305778809482500e-08 to 7.1305778809580160e-08 seconds.
Warning: Simulation tolerance relaxed to achieve convergence from 7.1305778809580160e-08 to 7.1305778809677820e-08 seconds.
Warning: Simulation tolerance relaxed to achieve convergence from 7.1305778809677820e-08 to 7.1305778809775481e-08 seconds.
Warning: Simulation tolerance relaxed to achieve convergence from 7.1305778809775481e-08 to 7.1305778809873141e-08 seconds.
Warning: Simulation tolerance relaxed to achieve convergence from 7.1305778809873141e-08 to 7.1305778809970801e-08 seconds.
Warning: Simulation tolerance relaxed to achieve convergence from 7.1305778809970801e-08 to 7.1305778810068461e-08 seconds.
Warning: Simulation tolerance relaxed to achieve convergence from 7.1305778810068461e-08 to 7.1305778810166122e-08 seconds.
Warning: Simulation tolerance relaxed to achieve convergence from 7.1305778810166122e-08 to 7.1305778810263782e-08 seconds.
Warning: Simulation tolerance relaxed to achieve convergence from 7.1305778810263782e-08 to 7.1305778810361442e-08 seconds.
Warning: Simulation tolerance relaxed to achieve convergence from 7.1305778810361442e-08 to 7.1305778810459102e-08 seconds.
Warning: Simulation tolerance relaxed to achieve convergence from 7.1305778810459102e-08 to 7.1305778810556763e-08 seconds.
Warning: Simulation tolerance relaxed to achieve convergence from 7.1305778810556763e-08 to 7.1305778810654423e-08 seconds.
Warning: Simulation tolerance relaxed to achieve convergence from 7.1305778810654423e-08 to 7.1305778810752083e-08 seconds.
Warning: Simulation tolerance relaxed to achieve convergence from 7.1305778810752083e-08 to 7.1305778810849743e-08 seconds.
Warning: Simulation tolerance relaxed to achieve convergence from 7.1305778810849743e-08 to 7.1305778810947404e-08 seconds.
Warning: Simulation tolerance relaxed to achieve convergence from 7.1305778810947404e-08 to 7.1305778811045064e-08 seconds.
Warning: Simulation tolerance relaxed to achieve convergence from 7.1305778811045064e-08 to 7.1305778811142724e-08 seconds.
Warning: Simulation tolerance relaxed to achieve convergence from 7.1305778811142724e-08 to 7.1305778811240384e-08 seconds.
Warning: Simulation tolerance relaxed to achieve convergence from 7.1305778811240384e-08 to 7.1305778811338045e-08 seconds.
Warning: Simulation tolerance relaxed to achieve convergence from 7.1305778811338045e-08 to 7.1305778811435705e-08 seconds.
Warning: Simulation tolerance relaxed to achieve convergence from 7.1305778811435705e-08 to 7.1305778811533365e-08 seconds.
Warning: Simulation tolerance relaxed to achieve convergence from 7.1305778811533365e-08 to 7.1305778811631025e-08 seconds.
Warning: Simulation tolerance relaxed to achieve convergence from 7.1305778811631025e-08 to 7.1305778811728686e-08 seconds.
Warning: Simulation tolerance relaxed to achieve convergence from 7.1305778811728686e-08 to 7.1305778811826346e-08 seconds.
Warning: Simulation tolerance relaxed to achieve convergence from 7.1305778811826346e-08 to 7.1305778811924006e-08 seconds.
Warning: Simulation tolerance relaxed to achieve convergence from 7.1305778811924006e-08 to 7.1305778812021666e-08 seconds.
Warning: Simulation tolerance relaxed to achieve convergence from 7.1305778812021666e-08 to 7.1305778812119327e-08 seconds.
Warning: Simulation tolerance relaxed to achieve convergence from 7.1305778812119327e-08 to 7.1305778812216987e-08 seconds.
Warning: Simulation tolerance relaxed to achieve convergence from 7.1305778812216987e-08 to 7.1305778812314647e-08 seconds.
Warning: Simulation tolerance relaxed to achieve convergence from 7.1305778812314647e-08 to 7.1305778812412307e-08 seconds.
Warning: Simulation tolerance relaxed to achieve convergence from 7.1305778812412307e-08 to 7.1305778812509968e-08 seconds.
Warning: Simulation tolerance relaxed to achieve convergence from 7.1305778812509968e-08 to 7.1305778812607628e-08 seconds.
Warning: Simulation tolerance relaxed to achieve convergence from 7.1305778812607628e-08 to 7.1305778812705288e-08 seconds.
Warning: Simulation tolerance relaxed to achieve convergence from 7.1305778812705288e-08 to 7.1305778812802948e-08 seconds.
Warning: Simulation tolerance relaxed to achieve convergence from 7.1305778812802948e-08 to 7.1305778812900609e-08 seconds.
Warning: Simulation tolerance relaxed to achieve convergence from 7.1305778812900609e-08 to 7.1305778812998269e-08 seconds.
Warning: Simulation tolerance relaxed to achieve convergence from 7.1305778812998269e-08 to 7.1305778813095929e-08 seconds.
Warning: Simulation tolerance relaxed to achieve convergence from 7.1305778813095929e-08 to 7.1305778813193589e-08 seconds.
Warning: Simulation tolerance relaxed to achieve convergence from 7.1305778813193589e-08 to 7.1305778813291250e-08 seconds.
Warning: Simulation tolerance relaxed to achieve convergence from 7.1305778813291250e-08 to 7.1305778813388910e-08 seconds.
Warning: Simulation tolerance relaxed to achieve convergence from 7.1305778813388910e-08 to 7.1305778813486570e-08 seconds.
Warning: Simulation tolerance relaxed to achieve convergence from 7.1305778813486570e-08 to 7.1305778813584230e-08 seconds.
Warning: Simulation tolerance relaxed to achieve convergence from 7.1305778813584230e-08 to 7.1305778813681891e-08 seconds.
Warning: Simulation tolerance relaxed to achieve convergence from 7.1305778813681891e-08 to 7.1305778813779551e-08 seconds.
Warning: Simulation tolerance relaxed to achieve convergence from 7.1305778813779551e-08 to 7.1305778813877211e-08 seconds.
Warning: Simulation tolerance relaxed to achieve convergence from 7.1305778813877211e-08 to 7.1305778813974871e-08 seconds.
Warning: Simulation tolerance relaxed to achieve convergence from 7.1305778813974871e-08 to 7.1305778814072532e-08 seconds.
Warning: Simulation tolerance relaxed to achieve convergence from 7.1305778814072532e-08 to 7.1305778814170192e-08 seconds.
Warning: Simulation tolerance relaxed to achieve convergence from 7.1305778814170192e-08 to 7.1305778814267852e-08 seconds.
Warning: Simulation tolerance relaxed to achieve convergence from 7.1305778814267852e-08 to 7.1305778814365512e-08 seconds.
Warning: Simulation tolerance relaxed to achieve convergence from 7.1305778814365512e-08 to 7.1305778814463173e-08 seconds.
Warning: Simulation tolerance relaxed to achieve convergence from 7.1305778814463173e-08 to 7.1305778814560833e-08 seconds.
Warning: Simulation tolerance relaxed to achieve convergence from 7.1305778814560833e-08 to 7.1305778814658493e-08 seconds.
Warning: Simulation tolerance relaxed to achieve convergence from 7.1305778814658493e-08 to 7.1305778814756153e-08 seconds.
Warning: Simulation tolerance relaxed to achieve convergence from 7.1305778814756153e-08 to 7.1305778814853814e-08 seconds.
Warning: Simulation tolerance relaxed to achieve convergence from 7.1305778814853814e-08 to 7.1305778814951474e-08 seconds.
Warning: Simulation tolerance relaxed to achieve convergence from 7.1305778814951474e-08 to 7.1305778815049134e-08 seconds.
Warning: Simulation tolerance relaxed to achieve convergence from 7.1305778815049134e-08 to 7.1305778815146794e-08 seconds.
Warning: Simulation tolerance relaxed to achieve convergence from 7.1305778815146794e-08 to 7.1305778815244455e-08 seconds.
Warning: Simulation tolerance relaxed to achieve convergence from 7.1305778815244455e-08 to 7.1305778815342115e-08 seconds.
Warning: Simulation tolerance relaxed to achieve convergence from 7.1305778815342115e-08 to 7.1305778815439775e-08 seconds.
Warning: Simulation tolerance relaxed to achieve convergence from 7.1305778815439775e-08 to 7.1305778815537435e-08 seconds.
Warning: Simulation tolerance relaxed to achieve convergence from 7.1305778815537435e-08 to 7.1305778815635096e-08 seconds.
Warning: Simulation tolerance relaxed to achieve convergence from 7.1305778815635096e-08 to 7.1305778815732756e-08 seconds.
Warning: Simulation tolerance relaxed to achieve convergence from 7.1305778815732756e-08 to 7.1305778815830416e-08 seconds.
Warning: Simulation tolerance relaxed to achieve convergence from 7.1305778815830416e-08 to 7.1305778815928076e-08 seconds.
Warning: Simulation tolerance relaxed to achieve convergence from 7.1305778815928076e-08 to 7.1305778816025737e-08 seconds.
Warning: Simulation tolerance relaxed to achieve convergence from 7.1305778816025737e-08 to 7.1305778816123397e-08 seconds.
Warning: Simulation tolerance relaxed to achieve convergence from 7.1305778816123397e-08 to 7.1305778816221057e-08 seconds.
Warning: Simulation tolerance relaxed to achieve convergence from 7.1305778816221057e-08 to 7.1305778816318717e-08 seconds.
Warning: Simulation tolerance relaxed to achieve convergence from 7.1305778816318717e-08 to 7.1305778816416378e-08 seconds.
Warning: Simulation tolerance relaxed to achieve convergence from 7.1305778816416378e-08 to 7.1305778816514038e-08 seconds.
Warning: Simulation tolerance relaxed to achieve convergence from 7.1305778816514038e-08 to 7.1305778816611698e-08 seconds.
Warning: Simulation tolerance relaxed to achieve convergence from 7.1305778816611698e-08 to 7.1305778816709358e-08 seconds.
Warning: Simulation tolerance relaxed to achieve convergence from 7.1305778816709358e-08 to 7.1305778816807019e-08 seconds.
Warning: Simulation tolerance relaxed to achieve convergence from 7.1305778816807019e-08 to 7.1305778816904679e-08 seconds.
Warning: Simulation tolerance relaxed to achieve convergence from 7.1305778816904679e-08 to 7.1305778817002339e-08 seconds.
Warning: Simulation tolerance relaxed to achieve convergence from 7.1305778817002339e-08 to 7.1305778817099999e-08 seconds.
Warning: Simulation tolerance relaxed to achieve convergence from 7.1305778817099999e-08 to 7.1305778817197660e-08 seconds.
Warning: Simulation tolerance relaxed to achieve convergence from 7.1305778817197660e-08 to 7.1305778817295320e-08 seconds.
Warning: Simulation tolerance relaxed to achieve convergence from 7.1305778817295320e-08 to 7.1305778817392980e-08 seconds.
Warning: Simulation tolerance relaxed to achieve convergence from 7.1305778817392980e-08 to 7.1305778817490640e-08 seconds.
Warning: Simulation tolerance relaxed to achieve convergence from 7.1305778817490640e-08 to 7.1305778817588301e-08 seconds.
Warning: Simulation tolerance relaxed to achieve convergence from 7.1305778817588301e-08 to 7.1305778817685961e-08 seconds.
Warning: Simulation tolerance relaxed to achieve convergence from 7.1305778817685961e-08 to 7.1305778817783621e-08 seconds.
Warning: Simulation tolerance relaxed to achieve convergence from 7.1305778817783621e-08 to 7.1305778817881281e-08 seconds.
Warning: Simulation tolerance relaxed to achieve convergence from 7.1305778817881281e-08 to 7.1305778817978942e-08 seconds.
Warning: Simulation tolerance relaxed to achieve convergence from 7.1305778817978942e-08 to 7.1305778818076602e-08 seconds.
Warning: Simulation tolerance relaxed to achieve convergence from 7.1305778818076602e-08 to 7.1305778818174262e-08 seconds.
Warning: Simulation tolerance relaxed to achieve convergence from 7.1305778818174262e-08 to 7.1305778818271922e-08 seconds.
Warning: Simulation tolerance relaxed to achieve convergence from 7.1305778818271922e-08 to 7.1305778818369583e-08 seconds.
Warning: Simulation tolerance relaxed to achieve convergence from 7.1305778818369583e-08 to 7.1305778818467243e-08 seconds.
Warning: Simulation tolerance relaxed to achieve convergence from 7.1305778818467243e-08 to 7.1305778818564903e-08 seconds.
Warning: Simulation tolerance relaxed to achieve convergence from 7.1305778818564903e-08 to 7.1305778818662563e-08 seconds.
Warning: Simulation tolerance relaxed to achieve convergence from 7.1305778818662563e-08 to 7.1305778818760224e-08 seconds.
Warning: Simulation tolerance relaxed to achieve convergence from 7.1305778818760224e-08 to 7.1305778818857884e-08 seconds.
Warning: Simulation tolerance relaxed to achieve convergence from 7.1305778818857884e-08 to 7.1305778818955544e-08 seconds.
Warning: Simulation tolerance relaxed to achieve convergence from 7.1305778818955544e-08 to 7.1305778819053204e-08 seconds.
Warning: Simulation tolerance relaxed to achieve convergence from 7.1305778819053204e-08 to 7.1305778819150865e-08 seconds.
Warning: Simulation tolerance relaxed to achieve convergence from 7.1305778819150865e-08 to 7.1305778819248525e-08 seconds.
Warning: Simulation tolerance relaxed to achieve convergence from 7.1305778819248525e-08 to 7.1305778819346185e-08 seconds.
Warning: Simulation tolerance relaxed to achieve convergence from 7.1305778819346185e-08 to 7.1305778819443845e-08 seconds.
Warning: Simulation tolerance relaxed to achieve convergence from 7.1305778819443845e-08 to 7.1305778819541506e-08 seconds.
Warning: Simulation tolerance relaxed to achieve convergence from 7.1305778819541506e-08 to 7.1305778819639166e-08 seconds.
Warning: Simulation tolerance relaxed to achieve convergence from 7.1305778819639166e-08 to 7.1305778819736826e-08 seconds.
Warning: Simulation tolerance relaxed to achieve convergence from 7.1305778819736826e-08 to 7.1305778819834486e-08 seconds.
Warning: Simulation tolerance relaxed to achieve convergence from 7.1305778819834486e-08 to 7.1305778819932147e-08 seconds.
Warning: Simulation tolerance relaxed to achieve convergence from 7.1305778819932147e-08 to 7.1305778820029807e-08 seconds.
Warning: Simulation tolerance relaxed to achieve convergence from 7.1305778820029807e-08 to 7.1305778820127467e-08 seconds.
Warning: Simulation tolerance relaxed to achieve convergence from 7.1305778820127467e-08 to 7.1305778820225127e-08 seconds.
Warning: Simulation tolerance relaxed to achieve convergence from 7.1305778820225127e-08 to 7.1305778820322788e-08 seconds.
Warning: Simulation tolerance relaxed to achieve convergence from 7.1305778820322788e-08 to 7.1305778820420448e-08 seconds.
Warning: Simulation tolerance relaxed to achieve convergence from 7.1305778820420448e-08 to 7.1305778820518108e-08 seconds.
Warning: Simulation tolerance relaxed to achieve convergence from 7.1305778820518108e-08 to 7.1305778820615768e-08 seconds.
Warning: Simulation tolerance relaxed to achieve convergence from 7.1305778820615768e-08 to 7.1305778820713429e-08 seconds.
Warning: Simulation tolerance relaxed to achieve convergence from 7.1305778820713429e-08 to 7.1305778820811089e-08 seconds.
Warning: Simulation tolerance relaxed to achieve convergence from 7.1305778820811089e-08 to 7.1305778820908749e-08 seconds.
Warning: Simulation tolerance relaxed to achieve convergence from 7.1305778820908749e-08 to 7.1305778821006410e-08 seconds.
Warning: Simulation tolerance relaxed to achieve convergence from 7.1305778821006410e-08 to 7.1305778821104070e-08 seconds.
Warning: Simulation tolerance relaxed to achieve convergence from 7.1305778821104070e-08 to 7.1305778821201730e-08 seconds.
Warning: Simulation tolerance relaxed to achieve convergence from 7.1305778821201730e-08 to 7.1305778821299390e-08 seconds.
Warning: Simulation tolerance relaxed to achieve convergence from 7.1305778821299390e-08 to 7.1305778821397051e-08 seconds.
Warning: Simulation tolerance relaxed to achieve convergence from 7.1305778821397051e-08 to 7.1305778821494711e-08 seconds.
Warning: Simulation tolerance relaxed to achieve convergence from 7.1305778821494711e-08 to 7.1305778821592371e-08 seconds.
Warning: Simulation tolerance relaxed to achieve convergence from 7.1305778821592371e-08 to 7.1305778821690031e-08 seconds.
Warning: Simulation tolerance relaxed to achieve convergence from 7.1305778821690031e-08 to 7.1305778821787692e-08 seconds.
Warning: Simulation tolerance relaxed to achieve convergence from 7.1305778821787692e-08 to 7.1305778821885352e-08 seconds.
Warning: Simulation tolerance relaxed to achieve convergence from 7.1305778821885352e-08 to 7.1305778821983012e-08 seconds.
Warning: Simulation tolerance relaxed to achieve convergence from 7.1305778821983012e-08 to 7.1305778822080672e-08 seconds.
Warning: Simulation tolerance relaxed to achieve convergence from 7.1305778822080672e-08 to 7.1305778822178333e-08 seconds.
Warning: Simulation tolerance relaxed to achieve convergence from 7.1305778822178333e-08 to 7.1305778822275993e-08 seconds.
Warning: Simulation tolerance relaxed to achieve convergence from 7.1305778822275993e-08 to 7.1305778822373653e-08 seconds.
Warning: Simulation tolerance relaxed to achieve convergence from 7.1305778822373653e-08 to 7.1305778822471313e-08 seconds.
Warning: Simulation tolerance relaxed to achieve convergence from 7.1305778822471313e-08 to 7.1305778822568974e-08 seconds.
Warning: Simulation tolerance relaxed to achieve convergence from 7.1305778822568974e-08 to 7.1305778822666634e-08 seconds.
Warning: Simulation tolerance relaxed to achieve convergence from 7.1305778822666634e-08 to 7.1305778822764294e-08 seconds.
Warning: Simulation tolerance relaxed to achieve convergence from 7.1305778822764294e-08 to 7.1305778822861954e-08 seconds.
Warning: Simulation tolerance relaxed to achieve convergence from 7.1305778822861954e-08 to 7.1305778822959615e-08 seconds.
Warning: Simulation tolerance relaxed to achieve convergence from 7.1305778822959615e-08 to 7.1305778823057275e-08 seconds.
Warning: Simulation tolerance relaxed to achieve convergence from 7.1305778823057275e-08 to 7.1305778823154935e-08 seconds.
Warning: Simulation tolerance relaxed to achieve convergence from 7.1305778823154935e-08 to 7.1305778823252595e-08 seconds.
Warning: Simulation tolerance relaxed to achieve convergence from 7.1305778823252595e-08 to 7.1305778823350256e-08 seconds.
Warning: Simulation tolerance relaxed to achieve convergence from 7.1305778823350256e-08 to 7.1305778823447916e-08 seconds.
Warning: Simulation tolerance relaxed to achieve convergence from 7.1305778823447916e-08 to 7.1305778823545576e-08 seconds.
Warning: Simulation tolerance relaxed to achieve convergence from 7.1305778823545576e-08 to 7.1305778823643236e-08 seconds.
Warning: Simulation tolerance relaxed to achieve convergence from 7.1305778823643236e-08 to 7.1305778823740897e-08 seconds.
Warning: Simulation tolerance relaxed to achieve convergence from 7.1305778823740897e-08 to 7.1305778823838557e-08 seconds.
Warning: Simulation tolerance relaxed to achieve convergence from 7.1305778823838557e-08 to 7.1305778823936217e-08 seconds.
Warning: Simulation tolerance relaxed to achieve convergence from 7.1305778823936217e-08 to 7.1305778824033877e-08 seconds.
Warning: Simulation tolerance relaxed to achieve convergence from 7.7305778779562015e-08 to 7.7305778779659675e-08 seconds.
Warning: Simulation tolerance relaxed to achieve convergence from 7.7305778779659675e-08 to 7.7305778779757335e-08 seconds.
Warning: Simulation tolerance relaxed to achieve convergence from 7.7305778779757335e-08 to 7.7305778779854995e-08 seconds.
Warning: Simulation tolerance relaxed to achieve convergence from 7.7305778779854995e-08 to 7.7305778779952656e-08 seconds.
Warning: Simulation tolerance relaxed to achieve convergence from 7.7305778779952656e-08 to 7.7305778780050316e-08 seconds.
Warning: Simulation tolerance relaxed to achieve convergence from 7.7305778780050316e-08 to 7.7305778780147976e-08 seconds.
Warning: Simulation tolerance relaxed to achieve convergence from 7.7305778780147976e-08 to 7.7305778780245636e-08 seconds.
Warning: Simulation tolerance relaxed to achieve convergence from 7.7305778780245636e-08 to 7.7305778780343297e-08 seconds.
Warning: Simulation tolerance relaxed to achieve convergence from 7.7305778780343297e-08 to 7.7305778780440957e-08 seconds.
Warning: Simulation tolerance relaxed to achieve convergence from 7.7305778780440957e-08 to 7.7305778780538617e-08 seconds.
Warning: Simulation tolerance relaxed to achieve convergence from 7.7305778780538617e-08 to 7.7305778780636277e-08 seconds.
Warning: Simulation tolerance relaxed to achieve convergence from 7.7305778780636277e-08 to 7.7305778780733938e-08 seconds.
Warning: Simulation tolerance relaxed to achieve convergence from 7.7305778780733938e-08 to 7.7305778780831598e-08 seconds.
Warning: Simulation tolerance relaxed to achieve convergence from 7.7305778780831598e-08 to 7.7305778780929258e-08 seconds.
Warning: Simulation tolerance relaxed to achieve convergence from 7.7305778780929258e-08 to 7.7305778781026918e-08 seconds.
Warning: Simulation tolerance relaxed to achieve convergence from 7.7305778781026918e-08 to 7.7305778781124579e-08 seconds.
Warning: Simulation tolerance relaxed to achieve convergence from 7.7305778781124579e-08 to 7.7305778781222239e-08 seconds.
Warning: Simulation tolerance relaxed to achieve convergence from 7.7305778781222239e-08 to 7.7305778781319899e-08 seconds.
Warning: Simulation tolerance relaxed to achieve convergence from 7.7305778781319899e-08 to 7.7305778781417559e-08 seconds.
Warning: Simulation tolerance relaxed to achieve convergence from 7.7305778781417559e-08 to 7.7305778781515220e-08 seconds.
Warning: Simulation tolerance relaxed to achieve convergence from 7.7305778781515220e-08 to 7.7305778781612880e-08 seconds.
Warning: Simulation tolerance relaxed to achieve convergence from 7.7305778781612880e-08 to 7.7305778781710540e-08 seconds.
Warning: Simulation tolerance relaxed to achieve convergence from 7.7305778781710540e-08 to 7.7305778781808200e-08 seconds.
Warning: Simulation tolerance relaxed to achieve convergence from 7.7305778781808200e-08 to 7.7305778781905861e-08 seconds.
Warning: Simulation tolerance relaxed to achieve convergence from 7.7305778781905861e-08 to 7.7305778782003521e-08 seconds.
Warning: Simulation tolerance relaxed to achieve convergence from 7.7305778782003521e-08 to 7.7305778782101181e-08 seconds.
Warning: Simulation tolerance relaxed to achieve convergence from 7.7305778782101181e-08 to 7.7305778782198841e-08 seconds.
Warning: Simulation tolerance relaxed to achieve convergence from 7.7305778782198841e-08 to 7.7305778782296502e-08 seconds.
Warning: Simulation tolerance relaxed to achieve convergence from 7.7305778782296502e-08 to 7.7305778782394162e-08 seconds.
Warning: Simulation tolerance relaxed to achieve convergence from 7.7305778782394162e-08 to 7.7305778782491822e-08 seconds.
Warning: Simulation tolerance relaxed to achieve convergence from 7.7305778782491822e-08 to 7.7305778782589482e-08 seconds.
Warning: Simulation tolerance relaxed to achieve convergence from 7.7305778782589482e-08 to 7.7305778782687143e-08 seconds.
Warning: Simulation tolerance relaxed to achieve convergence from 7.7305778782687143e-08 to 7.7305778782784803e-08 seconds.
Warning: Simulation tolerance relaxed to achieve convergence from 7.7305778782784803e-08 to 7.7305778782882463e-08 seconds.
Warning: Simulation tolerance relaxed to achieve convergence from 7.7305778782882463e-08 to 7.7305778782980123e-08 seconds.
Warning: Simulation tolerance relaxed to achieve convergence from 7.7305778782980123e-08 to 7.7305778783077784e-08 seconds.
Warning: Simulation tolerance relaxed to achieve convergence from 7.7305778783077784e-08 to 7.7305778783175444e-08 seconds.
Warning: Simulation tolerance relaxed to achieve convergence from 7.7305778783175444e-08 to 7.7305778783273104e-08 seconds.
Warning: Simulation tolerance relaxed to achieve convergence from 7.7305778783273104e-08 to 7.7305778783370764e-08 seconds.
Warning: Simulation tolerance relaxed to achieve convergence from 7.7305778783370764e-08 to 7.7305778783468425e-08 seconds.
Warning: Simulation tolerance relaxed to achieve convergence from 7.7305778783468425e-08 to 7.7305778783566085e-08 seconds.
Warning: Simulation tolerance relaxed to achieve convergence from 7.7305778783566085e-08 to 7.7305778783663745e-08 seconds.
Warning: Simulation tolerance relaxed to achieve convergence from 7.7305778783663745e-08 to 7.7305778783761405e-08 seconds.
Warning: Simulation tolerance relaxed to achieve convergence from 7.7305778783761405e-08 to 7.7305778783859066e-08 seconds.
Warning: Simulation tolerance relaxed to achieve convergence from 7.7305778783859066e-08 to 7.7305778783956726e-08 seconds.
Warning: Simulation tolerance relaxed to achieve convergence from 7.7305778783956726e-08 to 7.7305778784054386e-08 seconds.
Warning: Simulation tolerance relaxed to achieve convergence from 7.7305778784054386e-08 to 7.7305778784152046e-08 seconds.
Warning: Simulation tolerance relaxed to achieve convergence from 7.7305778784152046e-08 to 7.7305778784249707e-08 seconds.
Warning: Simulation tolerance relaxed to achieve convergence from 7.7305778784249707e-08 to 7.7305778784347367e-08 seconds.
Warning: Simulation tolerance relaxed to achieve convergence from 7.7305778784347367e-08 to 7.7305778784445027e-08 seconds.
Warning: Simulation tolerance relaxed to achieve convergence from 7.7305778784445027e-08 to 7.7305778784542687e-08 seconds.
Warning: Simulation tolerance relaxed to achieve convergence from 7.7305778784542687e-08 to 7.7305778784640348e-08 seconds.
Warning: Simulation tolerance relaxed to achieve convergence from 7.7305778784640348e-08 to 7.7305778784738008e-08 seconds.
Warning: Simulation tolerance relaxed to achieve convergence from 7.7305778784738008e-08 to 7.7305778784835668e-08 seconds.
Warning: Simulation tolerance relaxed to achieve convergence from 7.7305778784835668e-08 to 7.7305778784933328e-08 seconds.
Warning: Simulation tolerance relaxed to achieve convergence from 7.7305778784933328e-08 to 7.7305778785030989e-08 seconds.
Warning: Simulation tolerance relaxed to achieve convergence from 7.7305778785030989e-08 to 7.7305778785128649e-08 seconds.
Warning: Simulation tolerance relaxed to achieve convergence from 7.7305778785128649e-08 to 7.7305778785226309e-08 seconds.
Warning: Simulation tolerance relaxed to achieve convergence from 7.7305778785226309e-08 to 7.7305778785323969e-08 seconds.
Warning: Simulation tolerance relaxed to achieve convergence from 7.7305778785323969e-08 to 7.7305778785421630e-08 seconds.
Warning: Simulation tolerance relaxed to achieve convergence from 7.7305778785421630e-08 to 7.7305778785519290e-08 seconds.
Warning: Simulation tolerance relaxed to achieve convergence from 7.7305778785519290e-08 to 7.7305778785616950e-08 seconds.
Warning: Simulation tolerance relaxed to achieve convergence from 7.7305778785616950e-08 to 7.7305778785714610e-08 seconds.
Warning: Simulation tolerance relaxed to achieve convergence from 7.7305778785714610e-08 to 7.7305778785812271e-08 seconds.
Warning: Simulation tolerance relaxed to achieve convergence from 7.7305778785812271e-08 to 7.7305778785909931e-08 seconds.
Warning: Simulation tolerance relaxed to achieve convergence from 7.7305778785909931e-08 to 7.7305778786007591e-08 seconds.
Warning: Simulation tolerance relaxed to achieve convergence from 7.7305778786007591e-08 to 7.7305778786105251e-08 seconds.
Warning: Simulation tolerance relaxed to achieve convergence from 7.7305778786105251e-08 to 7.7305778786202912e-08 seconds.
Warning: Simulation tolerance relaxed to achieve convergence from 7.7305778786202912e-08 to 7.7305778786300572e-08 seconds.
Warning: Simulation tolerance relaxed to achieve convergence from 7.7305778786300572e-08 to 7.7305778786398232e-08 seconds.
Warning: Simulation tolerance relaxed to achieve convergence from 7.7305778786398232e-08 to 7.7305778786495893e-08 seconds.
Warning: Simulation tolerance relaxed to achieve convergence from 7.7305778786495893e-08 to 7.7305778786593553e-08 seconds.
Warning: Simulation tolerance relaxed to achieve convergence from 7.7305778786593553e-08 to 7.7305778786691213e-08 seconds.
Warning: Simulation tolerance relaxed to achieve convergence from 7.7305778786691213e-08 to 7.7305778786788873e-08 seconds.
Warning: Simulation tolerance relaxed to achieve convergence from 7.7305778786788873e-08 to 7.7305778786886534e-08 seconds.
Warning: Simulation tolerance relaxed to achieve convergence from 7.7305778786886534e-08 to 7.7305778786984194e-08 seconds.
Warning: Simulation tolerance relaxed to achieve convergence from 7.7305778786984194e-08 to 7.7305778787081854e-08 seconds.
Warning: Simulation tolerance relaxed to achieve convergence from 7.7305778787081854e-08 to 7.7305778787179514e-08 seconds.
Warning: Simulation tolerance relaxed to achieve convergence from 7.7305778787179514e-08 to 7.7305778787277175e-08 seconds.
Warning: Simulation tolerance relaxed to achieve convergence from 7.7305778787277175e-08 to 7.7305778787374835e-08 seconds.
Warning: Simulation tolerance relaxed to achieve convergence from 7.7305778787374835e-08 to 7.7305778787472495e-08 seconds.
Warning: Simulation tolerance relaxed to achieve convergence from 7.7305778787472495e-08 to 7.7305778787570155e-08 seconds.
Warning: Simulation tolerance relaxed to achieve convergence from 7.7305778787570155e-08 to 7.7305778787667816e-08 seconds.
Warning: Simulation tolerance relaxed to achieve convergence from 7.7305778787667816e-08 to 7.7305778787765476e-08 seconds.
Warning: Simulation tolerance relaxed to achieve convergence from 7.7305778787765476e-08 to 7.7305778787863136e-08 seconds.
Warning: Simulation tolerance relaxed to achieve convergence from 7.7305778787863136e-08 to 7.7305778787960796e-08 seconds.
Warning: Simulation tolerance relaxed to achieve convergence from 7.7305778787960796e-08 to 7.7305778788058457e-08 seconds.
Warning: Simulation tolerance relaxed to achieve convergence from 7.7305778788058457e-08 to 7.7305778788156117e-08 seconds.
Warning: Simulation tolerance relaxed to achieve convergence from 7.7305778788156117e-08 to 7.7305778788253777e-08 seconds.
Warning: Simulation tolerance relaxed to achieve convergence from 7.7305778788253777e-08 to 7.7305778788351437e-08 seconds.
Warning: Simulation tolerance relaxed to achieve convergence from 7.7305778788351437e-08 to 7.7305778788449098e-08 seconds.
Warning: Simulation tolerance relaxed to achieve convergence from 7.7305778788449098e-08 to 7.7305778788546758e-08 seconds.
Warning: Simulation tolerance relaxed to achieve convergence from 7.7305778788546758e-08 to 7.7305778788644418e-08 seconds.
Warning: Simulation tolerance relaxed to achieve convergence from 7.7305778788644418e-08 to 7.7305778788742078e-08 seconds.
Warning: Simulation tolerance relaxed to achieve convergence from 7.7305778788742078e-08 to 7.7305778788839739e-08 seconds.
Warning: Simulation tolerance relaxed to achieve convergence from 7.7305778788839739e-08 to 7.7305778788937399e-08 seconds.
Warning: Simulation tolerance relaxed to achieve convergence from 7.7305778788937399e-08 to 7.7305778789035059e-08 seconds.
Warning: Simulation tolerance relaxed to achieve convergence from 7.7305778789035059e-08 to 7.7305778789132719e-08 seconds.
Warning: Simulation tolerance relaxed to achieve convergence from 7.7305778789132719e-08 to 7.7305778789230380e-08 seconds.
Warning: Simulation tolerance relaxed to achieve convergence from 7.7305778789230380e-08 to 7.7305778789328040e-08 seconds.
Warning: Simulation tolerance relaxed to achieve convergence from 7.7305778789328040e-08 to 7.7305778789425700e-08 seconds.
Warning: Simulation tolerance relaxed to achieve convergence from 7.7305778789425700e-08 to 7.7305778789523360e-08 seconds.
Warning: Simulation tolerance relaxed to achieve convergence from 7.7305778789523360e-08 to 7.7305778789621021e-08 seconds.
Warning: Simulation tolerance relaxed to achieve convergence from 7.7305778789621021e-08 to 7.7305778789718681e-08 seconds.
Warning: Simulation tolerance relaxed to achieve convergence from 7.7305778789718681e-08 to 7.7305778789816341e-08 seconds.
Warning: Simulation tolerance relaxed to achieve convergence from 7.7305778789816341e-08 to 7.7305778789914001e-08 seconds.
Warning: Simulation tolerance relaxed to achieve convergence from 7.7305778789914001e-08 to 7.7305778790011662e-08 seconds.
Warning: Simulation tolerance relaxed to achieve convergence from 7.7305778790011662e-08 to 7.7305778790109322e-08 seconds.
Warning: Simulation tolerance relaxed to achieve convergence from 7.7305778790109322e-08 to 7.7305778790206982e-08 seconds.
Warning: Simulation tolerance relaxed to achieve convergence from 7.7305778790206982e-08 to 7.7305778790304642e-08 seconds.
Warning: Simulation tolerance relaxed to achieve convergence from 8.3305778779476081e-08 to 8.3305778779573742e-08 seconds.
Warning: Simulation tolerance relaxed to achieve convergence from 8.3305778779573742e-08 to 8.3305778779671402e-08 seconds.
Warning: Simulation tolerance relaxed to achieve convergence from 8.3305778779671402e-08 to 8.3305778779769062e-08 seconds.
Warning: Simulation tolerance relaxed to achieve convergence from 8.3305778779769062e-08 to 8.3305778779866722e-08 seconds.
Warning: Simulation tolerance relaxed to achieve convergence from 8.3305778779866722e-08 to 8.3305778779964383e-08 seconds.
Warning: Simulation tolerance relaxed to achieve convergence from 8.3305778779964383e-08 to 8.3305778780062043e-08 seconds.
Warning: Simulation tolerance relaxed to achieve convergence from 8.3305778780062043e-08 to 8.3305778780159703e-08 seconds.
Warning: Simulation tolerance relaxed to achieve convergence from 8.3305778780159703e-08 to 8.3305778780257363e-08 seconds.
Warning: Simulation tolerance relaxed to achieve convergence from 8.3305778780257363e-08 to 8.3305778780355024e-08 seconds.
Warning: Simulation tolerance relaxed to achieve convergence from 8.3305778780355024e-08 to 8.3305778780452684e-08 seconds.
Warning: Simulation tolerance relaxed to achieve convergence from 8.3305778780452684e-08 to 8.3305778780550344e-08 seconds.
Warning: Simulation tolerance relaxed to achieve convergence from 8.3305778780550344e-08 to 8.3305778780648004e-08 seconds.
Warning: Simulation tolerance relaxed to achieve convergence from 8.3305778780648004e-08 to 8.3305778780745665e-08 seconds.
Warning: Simulation tolerance relaxed to achieve convergence from 8.3305778780745665e-08 to 8.3305778780843325e-08 seconds.
Warning: Simulation tolerance relaxed to achieve convergence from 8.3305778780843325e-08 to 8.3305778780940985e-08 seconds.
Warning: Simulation tolerance relaxed to achieve convergence from 8.3305778780940985e-08 to 8.3305778781038645e-08 seconds.
Warning: Simulation tolerance relaxed to achieve convergence from 8.3305778781038645e-08 to 8.3305778781136306e-08 seconds.
Warning: Simulation tolerance relaxed to achieve convergence from 8.3305778781136306e-08 to 8.3305778781233966e-08 seconds.
Warning: Simulation tolerance relaxed to achieve convergence from 8.3305778781233966e-08 to 8.3305778781331626e-08 seconds.
Warning: Simulation tolerance relaxed to achieve convergence from 8.3305778781331626e-08 to 8.3305778781429286e-08 seconds.
Warning: Simulation tolerance relaxed to achieve convergence from 8.3305778781429286e-08 to 8.3305778781526947e-08 seconds.
Warning: Simulation tolerance relaxed to achieve convergence from 8.3305778781526947e-08 to 8.3305778781624607e-08 seconds.
Warning: Simulation tolerance relaxed to achieve convergence from 8.3305778781624607e-08 to 8.3305778781722267e-08 seconds.
Warning: Simulation tolerance relaxed to achieve convergence from 8.3305778781722267e-08 to 8.3305778781819927e-08 seconds.
Warning: Simulation tolerance relaxed to achieve convergence from 8.3305778781819927e-08 to 8.3305778781917588e-08 seconds.
Warning: Simulation tolerance relaxed to achieve convergence from 8.3305778781917588e-08 to 8.3305778782015248e-08 seconds.
Warning: Simulation tolerance relaxed to achieve convergence from 8.3305778782015248e-08 to 8.3305778782112908e-08 seconds.
Warning: Simulation tolerance relaxed to achieve convergence from 8.3305778782112908e-08 to 8.3305778782210568e-08 seconds.
Warning: Simulation tolerance relaxed to achieve convergence from 8.3305778782210568e-08 to 8.3305778782308229e-08 seconds.
Warning: Simulation tolerance relaxed to achieve convergence from 8.3305778782308229e-08 to 8.3305778782405889e-08 seconds.
Warning: Simulation tolerance relaxed to achieve convergence from 8.3305778782405889e-08 to 8.3305778782503549e-08 seconds.
Warning: Simulation tolerance relaxed to achieve convergence from 8.3305778782503549e-08 to 8.3305778782601209e-08 seconds.
Warning: Simulation tolerance relaxed to achieve convergence from 8.3305778782601209e-08 to 8.3305778782698870e-08 seconds.
Warning: Simulation tolerance relaxed to achieve convergence from 8.3305778782698870e-08 to 8.3305778782796530e-08 seconds.
Warning: Simulation tolerance relaxed to achieve convergence from 8.3305778782796530e-08 to 8.3305778782894190e-08 seconds.
Warning: Simulation tolerance relaxed to achieve convergence from 8.3305778782894190e-08 to 8.3305778782991850e-08 seconds.
Warning: Simulation tolerance relaxed to achieve convergence from 8.3305778782991850e-08 to 8.3305778783089511e-08 seconds.
Warning: Simulation tolerance relaxed to achieve convergence from 8.3305778783089511e-08 to 8.3305778783187171e-08 seconds.
Warning: Simulation tolerance relaxed to achieve convergence from 8.3305778783187171e-08 to 8.3305778783284831e-08 seconds.
Warning: Simulation tolerance relaxed to achieve convergence from 8.3305778783284831e-08 to 8.3305778783382491e-08 seconds.
Warning: Simulation tolerance relaxed to achieve convergence from 8.3305778783382491e-08 to 8.3305778783480152e-08 seconds.
Warning: Simulation tolerance relaxed to achieve convergence from 8.3305778783480152e-08 to 8.3305778783577812e-08 seconds.
Warning: Simulation tolerance relaxed to achieve convergence from 8.3305778783577812e-08 to 8.3305778783675472e-08 seconds.
Warning: Simulation tolerance relaxed to achieve convergence from 8.3305778783675472e-08 to 8.3305778783773132e-08 seconds.
Warning: Simulation tolerance relaxed to achieve convergence from 8.3305778783773132e-08 to 8.3305778783870793e-08 seconds.
Warning: Simulation tolerance relaxed to achieve convergence from 8.3305778783870793e-08 to 8.3305778783968453e-08 seconds.
Warning: Simulation tolerance relaxed to achieve convergence from 8.3305778783968453e-08 to 8.3305778784066113e-08 seconds.
Warning: Simulation tolerance relaxed to achieve convergence from 8.3305778784066113e-08 to 8.3305778784163773e-08 seconds.
Warning: Simulation tolerance relaxed to achieve convergence from 8.3305778784163773e-08 to 8.3305778784261434e-08 seconds.
Warning: Simulation tolerance relaxed to achieve convergence from 8.3305778784261434e-08 to 8.3305778784359094e-08 seconds.
Warning: Simulation tolerance relaxed to achieve convergence from 8.3305778784359094e-08 to 8.3305778784456754e-08 seconds.
Warning: Simulation tolerance relaxed to achieve convergence from 8.3305778784456754e-08 to 8.3305778784554414e-08 seconds.
Warning: Simulation tolerance relaxed to achieve convergence from 8.3305778784554414e-08 to 8.3305778784652075e-08 seconds.
Warning: Simulation tolerance relaxed to achieve convergence from 8.3305778784652075e-08 to 8.3305778784749735e-08 seconds.
Warning: Simulation tolerance relaxed to achieve convergence from 8.3305778784749735e-08 to 8.3305778784847395e-08 seconds.
Warning: Simulation tolerance relaxed to achieve convergence from 8.3305778784847395e-08 to 8.3305778784945055e-08 seconds.
Warning: Simulation tolerance relaxed to achieve convergence from 8.3305778784945055e-08 to 8.3305778785042716e-08 seconds.
Warning: Simulation tolerance relaxed to achieve convergence from 8.3305778785042716e-08 to 8.3305778785140376e-08 seconds.
Warning: Simulation tolerance relaxed to achieve convergence from 8.3305778785140376e-08 to 8.3305778785238036e-08 seconds.
Warning: Simulation tolerance relaxed to achieve convergence from 8.3305778785238036e-08 to 8.3305778785335696e-08 seconds.
Warning: Simulation tolerance relaxed to achieve convergence from 8.3305778785335696e-08 to 8.3305778785433357e-08 seconds.
Warning: Simulation tolerance relaxed to achieve convergence from 8.3305778785433357e-08 to 8.3305778785531017e-08 seconds.
Warning: Simulation tolerance relaxed to achieve convergence from 8.3305778785531017e-08 to 8.3305778785628677e-08 seconds.
Warning: Simulation tolerance relaxed to achieve convergence from 8.3305778785628677e-08 to 8.3305778785726337e-08 seconds.
Warning: Simulation tolerance relaxed to achieve convergence from 8.3305778785726337e-08 to 8.3305778785823998e-08 seconds.
Warning: Simulation tolerance relaxed to achieve convergence from 8.3305778785823998e-08 to 8.3305778785921658e-08 seconds.
Warning: Simulation tolerance relaxed to achieve convergence from 8.3305778785921658e-08 to 8.3305778786019318e-08 seconds.
Warning: Simulation tolerance relaxed to achieve convergence from 8.3305778786019318e-08 to 8.3305778786116978e-08 seconds.
Warning: Simulation tolerance relaxed to achieve convergence from 8.3305778786116978e-08 to 8.3305778786214639e-08 seconds.
Warning: Simulation tolerance relaxed to achieve convergence from 8.3305778786214639e-08 to 8.3305778786312299e-08 seconds.
Warning: Simulation tolerance relaxed to achieve convergence from 8.3305778786312299e-08 to 8.3305778786409959e-08 seconds.
Warning: Simulation tolerance relaxed to achieve convergence from 8.3305778786409959e-08 to 8.3305778786507619e-08 seconds.
Warning: Simulation tolerance relaxed to achieve convergence from 8.3305778786507619e-08 to 8.3305778786605280e-08 seconds.
Warning: Simulation tolerance relaxed to achieve convergence from 8.3305778786605280e-08 to 8.3305778786702940e-08 seconds.
Warning: Simulation tolerance relaxed to achieve convergence from 8.3305778786702940e-08 to 8.3305778786800600e-08 seconds.
Warning: Simulation tolerance relaxed to achieve convergence from 8.3305778786800600e-08 to 8.3305778786898260e-08 seconds.
Warning: Simulation tolerance relaxed to achieve convergence from 8.3305778786898260e-08 to 8.3305778786995921e-08 seconds.
Warning: Simulation tolerance relaxed to achieve convergence from 8.3305778786995921e-08 to 8.3305778787093581e-08 seconds.
Warning: Simulation tolerance relaxed to achieve convergence from 8.3305778787093581e-08 to 8.3305778787191241e-08 seconds.
Warning: Simulation tolerance relaxed to achieve convergence from 8.3305778787191241e-08 to 8.3305778787288901e-08 seconds.
Warning: Simulation tolerance relaxed to achieve convergence from 8.3305778787288901e-08 to 8.3305778787386562e-08 seconds.
Warning: Simulation tolerance relaxed to achieve convergence from 8.3305778787386562e-08 to 8.3305778787484222e-08 seconds.
Warning: Simulation tolerance relaxed to achieve convergence from 8.3305778787484222e-08 to 8.3305778787581882e-08 seconds.
Warning: Simulation tolerance relaxed to achieve convergence from 8.3305778787581882e-08 to 8.3305778787679542e-08 seconds.
Warning: Simulation tolerance relaxed to achieve convergence from 8.3305778787679542e-08 to 8.3305778787777203e-08 seconds.
Warning: Simulation tolerance relaxed to achieve convergence from 8.3305778787777203e-08 to 8.3305778787874863e-08 seconds.
Warning: Simulation tolerance relaxed to achieve convergence from 8.3305778787874863e-08 to 8.3305778787972523e-08 seconds.
Warning: Simulation tolerance relaxed to achieve convergence from 8.3305778787972523e-08 to 8.3305778788070183e-08 seconds.
Warning: Simulation tolerance relaxed to achieve convergence from 8.3305778788070183e-08 to 8.3305778788167844e-08 seconds.
Warning: Simulation tolerance relaxed to achieve convergence from 8.3305778788167844e-08 to 8.3305778788265504e-08 seconds.
Warning: Simulation tolerance relaxed to achieve convergence from 8.3305778788265504e-08 to 8.3305778788363164e-08 seconds.
Warning: Simulation tolerance relaxed to achieve convergence from 8.3305778788363164e-08 to 8.3305778788460824e-08 seconds.
Warning: Simulation tolerance relaxed to achieve convergence from 8.3305778788460824e-08 to 8.3305778788558485e-08 seconds.
Warning: Simulation tolerance relaxed to achieve convergence from 8.3305778788558485e-08 to 8.3305778788656145e-08 seconds.
Warning: Simulation tolerance relaxed to achieve convergence from 8.3305778788656145e-08 to 8.3305778788753805e-08 seconds.
Warning: Simulation tolerance relaxed to achieve convergence from 8.3305778788753805e-08 to 8.3305778788851465e-08 seconds.
Warning: Simulation tolerance relaxed to achieve convergence from 8.3305778788851465e-08 to 8.3305778788949126e-08 seconds.
Warning: Simulation tolerance relaxed to achieve convergence from 8.3305778788949126e-08 to 8.3305778789046786e-08 seconds.
Warning: Simulation tolerance relaxed to achieve convergence from 8.3305778789046786e-08 to 8.3305778789144446e-08 seconds.
Warning: Simulation tolerance relaxed to achieve convergence from 8.3305778789144446e-08 to 8.3305778789242106e-08 seconds.
Warning: Simulation tolerance relaxed to achieve convergence from 8.3305778789242106e-08 to 8.3305778789339767e-08 seconds.
Warning: Simulation tolerance relaxed to achieve convergence from 8.3305778789339767e-08 to 8.3305778789437427e-08 seconds.
Warning: Simulation tolerance relaxed to achieve convergence from 8.3305778789437427e-08 to 8.3305778789535087e-08 seconds.
Warning: Simulation tolerance relaxed to achieve convergence from 8.3305778789535087e-08 to 8.3305778789632747e-08 seconds.
Warning: Simulation tolerance relaxed to achieve convergence from 8.3305778789632747e-08 to 8.3305778789730408e-08 seconds.
Warning: Simulation tolerance relaxed to achieve convergence from 8.3305778789730408e-08 to 8.3305778789828068e-08 seconds.
Warning: Simulation tolerance relaxed to achieve convergence from 8.3305778789828068e-08 to 8.3305778789925728e-08 seconds.
Warning: Simulation tolerance relaxed to achieve convergence from 8.3305778789925728e-08 to 8.3305778790023388e-08 seconds.
Warning: Simulation tolerance relaxed to achieve convergence from 8.3305778790023388e-08 to 8.3305778790121049e-08 seconds.
Warning: Simulation tolerance relaxed to achieve convergence from 8.3305778790121049e-08 to 8.3305778790218709e-08 seconds.
Warning: Simulation tolerance relaxed to achieve convergence from 8.3305778790218709e-08 to 8.3305778790316369e-08 seconds.
Warning: Simulation tolerance relaxed to achieve convergence from 8.3305778790316369e-08 to 8.3305778790414029e-08 seconds.
Warning: Simulation tolerance relaxed to achieve convergence from 8.3305778790414029e-08 to 8.3305778790511690e-08 seconds.
Warning: Simulation tolerance relaxed to achieve convergence from 8.3305778790511690e-08 to 8.3305778790609350e-08 seconds.
Warning: Simulation tolerance relaxed to achieve convergence from 8.3305778790609350e-08 to 8.3305778790707010e-08 seconds.
Warning: Simulation tolerance relaxed to achieve convergence from 8.3305778790707010e-08 to 8.3305778790804670e-08 seconds.
Warning: Simulation tolerance relaxed to achieve convergence from 8.3305778790804670e-08 to 8.3305778790902331e-08 seconds.
Warning: Simulation tolerance relaxed to achieve convergence from 8.3305778790902331e-08 to 8.3305778790999991e-08 seconds.
Warning: Simulation tolerance relaxed to achieve convergence from 8.3305778790999991e-08 to 8.3305778791097651e-08 seconds.
Warning: Simulation tolerance relaxed to achieve convergence from 8.3305778791097651e-08 to 8.3305778791195311e-08 seconds.
Warning: Simulation tolerance relaxed to achieve convergence from 8.3305778791195311e-08 to 8.3305778791292972e-08 seconds.
Warning: Simulation tolerance relaxed to achieve convergence from 8.3305778791292972e-08 to 8.3305778791390632e-08 seconds.
Warning: Simulation tolerance relaxed to achieve convergence from 8.3305778791390632e-08 to 8.3305778791488292e-08 seconds.
Warning: Simulation tolerance relaxed to achieve convergence from 8.3305778791488292e-08 to 8.3305778791585952e-08 seconds.
Warning: Simulation tolerance relaxed to achieve convergence from 8.3305778791585952e-08 to 8.3305778791683613e-08 seconds.
Warning: Simulation tolerance relaxed to achieve convergence from 8.3305778791683613e-08 to 8.3305778791781273e-08 seconds.
Warning: Simulation tolerance relaxed to achieve convergence from 8.3305778791781273e-08 to 8.3305778791878933e-08 seconds.
Warning: Simulation tolerance relaxed to achieve convergence from 8.3305778791878933e-08 to 8.3305778791976594e-08 seconds.
Warning: Simulation tolerance relaxed to achieve convergence from 8.3305778791976594e-08 to 8.3305778792074254e-08 seconds.
Warning: Simulation tolerance relaxed to achieve convergence from 8.3305778792074254e-08 to 8.3305778792171914e-08 seconds.
Warning: Simulation tolerance relaxed to achieve convergence from 8.3305778792171914e-08 to 8.3305778792269574e-08 seconds.
Warning: Simulation tolerance relaxed to achieve convergence from 8.3305778792269574e-08 to 8.3305778792367235e-08 seconds.
Warning: Simulation tolerance relaxed to achieve convergence from 8.3305778792367235e-08 to 8.3305778792464895e-08 seconds.
Warning: Simulation tolerance relaxed to achieve convergence from 8.3305778792464895e-08 to 8.3305778792562555e-08 seconds.
Warning: Simulation tolerance relaxed to achieve convergence from 8.3305778792562555e-08 to 8.3305778792660215e-08 seconds.
Warning: Simulation tolerance relaxed to achieve convergence from 8.3305778792660215e-08 to 8.3305778792757876e-08 seconds.
Warning: Simulation tolerance relaxed to achieve convergence from 8.3305778792757876e-08 to 8.3305778792855536e-08 seconds.
Warning: Simulation tolerance relaxed to achieve convergence from 8.3305778792855536e-08 to 8.3305778792953196e-08 seconds.
Warning: Simulation tolerance relaxed to achieve convergence from 8.3305778792953196e-08 to 8.3305778793050856e-08 seconds.
Warning: Simulation tolerance relaxed to achieve convergence from 8.3305778793050856e-08 to 8.3305778793148517e-08 seconds.
Warning: Simulation tolerance relaxed to achieve convergence from 8.3305778793148517e-08 to 8.3305778793246177e-08 seconds.
Warning: Simulation tolerance relaxed to achieve convergence from 8.3305778793246177e-08 to 8.3305778793343837e-08 seconds.
Warning: Simulation tolerance relaxed to achieve convergence from 8.3305778793343837e-08 to 8.3305778793441497e-08 seconds.
Warning: Simulation tolerance relaxed to achieve convergence from 8.3305778793441497e-08 to 8.3305778793539158e-08 seconds.
Warning: Simulation tolerance relaxed to achieve convergence from 8.3305778793539158e-08 to 8.3305778793636818e-08 seconds.
Warning: Simulation tolerance relaxed to achieve convergence from 8.3305778793636818e-08 to 8.3305778793734478e-08 seconds.
Warning: Simulation tolerance relaxed to achieve convergence from 8.3305778793734478e-08 to 8.3305778793832138e-08 seconds.
Warning: Simulation tolerance relaxed to achieve convergence from 8.3305778793832138e-08 to 8.3305778793929799e-08 seconds.
Warning: Simulation tolerance relaxed to achieve convergence from 8.3305778793929799e-08 to 8.3305778794027459e-08 seconds.
Warning: Simulation tolerance relaxed to achieve convergence from 8.3305778794027459e-08 to 8.3305778794125119e-08 seconds.
Warning: Simulation tolerance relaxed to achieve convergence from 8.3305778794125119e-08 to 8.3305778794222779e-08 seconds.
Warning: Simulation tolerance relaxed to achieve convergence from 8.3305778794222779e-08 to 8.3305778794320440e-08 seconds.
Warning: Simulation tolerance relaxed to achieve convergence from 8.3305778794320440e-08 to 8.3305778794418100e-08 seconds.
Warning: Simulation tolerance relaxed to achieve convergence from 8.3305778794418100e-08 to 8.3305778794515760e-08 seconds.
Warning: Simulation tolerance relaxed to achieve convergence from 8.3305778794515760e-08 to 8.3305778794613420e-08 seconds.
Warning: Simulation tolerance relaxed to achieve convergence from 8.3305778794613420e-08 to 8.3305778794711081e-08 seconds.
Warning: Simulation tolerance relaxed to achieve convergence from 8.3305778794711081e-08 to 8.3305778794808741e-08 seconds.
Warning: Simulation tolerance relaxed to achieve convergence from 8.3305778794808741e-08 to 8.3305778794906401e-08 seconds.
Warning: Simulation tolerance relaxed to achieve convergence from 8.3305778794906401e-08 to 8.3305778795004061e-08 seconds.
Warning: Simulation tolerance relaxed to achieve convergence from 8.3305778795004061e-08 to 8.3305778795101722e-08 seconds.
Warning: Simulation tolerance relaxed to achieve convergence from 8.3305778795101722e-08 to 8.3305778795199382e-08 seconds.
Warning: Simulation tolerance relaxed to achieve convergence from 8.3305778795199382e-08 to 8.3305778795297042e-08 seconds.
Warning: Simulation tolerance relaxed to achieve convergence from 8.3305778795297042e-08 to 8.3305778795394702e-08 seconds.
Warning: Simulation tolerance relaxed to achieve convergence from 8.3305778795394702e-08 to 8.3305778795492363e-08 seconds.
Warning: Simulation tolerance relaxed to achieve convergence from 8.3305778795492363e-08 to 8.3305778795590023e-08 seconds.
Warning: Simulation tolerance relaxed to achieve convergence from 8.3305778795590023e-08 to 8.3305778795687683e-08 seconds.
Warning: Simulation tolerance relaxed to achieve convergence from 8.3305778795687683e-08 to 8.3305778795785343e-08 seconds.
Warning: Simulation tolerance relaxed to achieve convergence from 8.3305778795785343e-08 to 8.3305778795883004e-08 seconds.
Warning: Simulation tolerance relaxed to achieve convergence from 8.3305778795883004e-08 to 8.3305778795980664e-08 seconds.
Warning: Simulation tolerance relaxed to achieve convergence from 8.3305778795980664e-08 to 8.3305778796078324e-08 seconds.
Warning: Simulation tolerance relaxed to achieve convergence from 8.3305778796078324e-08 to 8.3305778796175984e-08 seconds.
Warning: Simulation tolerance relaxed to achieve convergence from 8.3305778796175984e-08 to 8.3305778796273645e-08 seconds.
Warning: Simulation tolerance relaxed to achieve convergence from 8.3305778796273645e-08 to 8.3305778796371305e-08 seconds.
Warning: Simulation tolerance relaxed to achieve convergence from 8.3305778796371305e-08 to 8.3305778796468965e-08 seconds.
Warning: Simulation tolerance relaxed to achieve convergence from 8.3305778796468965e-08 to 8.3305778796566625e-08 seconds.
Warning: Simulation tolerance relaxed to achieve convergence from 8.3305778796566625e-08 to 8.3305778796664286e-08 seconds.
Warning: Simulation tolerance relaxed to achieve convergence from 8.3305778796664286e-08 to 8.3305778796761946e-08 seconds.
Warning: Simulation tolerance relaxed to achieve convergence from 8.3305778796761946e-08 to 8.3305778796859606e-08 seconds.
Warning: Simulation tolerance relaxed to achieve convergence from 8.3305778796859606e-08 to 8.3305778796957266e-08 seconds.
Warning: Simulation tolerance relaxed to achieve convergence from 8.3305778796957266e-08 to 8.3305778797054927e-08 seconds.
Warning: Simulation tolerance relaxed to achieve convergence from 8.3305778797054927e-08 to 8.3305778797152587e-08 seconds.
Warning: Simulation tolerance relaxed to achieve convergence from 8.3305778797152587e-08 to 8.3305778797250247e-08 seconds.
Warning: Simulation tolerance relaxed to achieve convergence from 8.3305778797250247e-08 to 8.3305778797347907e-08 seconds.
Warning: Simulation tolerance relaxed to achieve convergence from 8.3305778797347907e-08 to 8.3305778797445568e-08 seconds.
Warning: Simulation tolerance relaxed to achieve convergence from 8.9305778779491567e-08 to 8.9305778779589227e-08 seconds.
Warning: Simulation tolerance relaxed to achieve convergence from 8.9305778779589227e-08 to 8.9305778779686887e-08 seconds.
Warning: Simulation tolerance relaxed to achieve convergence from 8.9305778779686887e-08 to 8.9305778779784548e-08 seconds.
Warning: Simulation tolerance relaxed to achieve convergence from 8.9305778779784548e-08 to 8.9305778779882208e-08 seconds.
Warning: Simulation tolerance relaxed to achieve convergence from 8.9305778779882208e-08 to 8.9305778779979868e-08 seconds.
Warning: Simulation tolerance relaxed to achieve convergence from 8.9305778779979868e-08 to 8.9305778780077528e-08 seconds.
Warning: Simulation tolerance relaxed to achieve convergence from 8.9305778780077528e-08 to 8.9305778780175189e-08 seconds.
Warning: Simulation tolerance relaxed to achieve convergence from 8.9305778780175189e-08 to 8.9305778780272849e-08 seconds.
Warning: Simulation tolerance relaxed to achieve convergence from 8.9305778780272849e-08 to 8.9305778780370509e-08 seconds.
Warning: Simulation tolerance relaxed to achieve convergence from 8.9305778780370509e-08 to 8.9305778780468169e-08 seconds.
Warning: Simulation tolerance relaxed to achieve convergence from 8.9305778780468169e-08 to 8.9305778780565830e-08 seconds.
Warning: Simulation tolerance relaxed to achieve convergence from 8.9305778780565830e-08 to 8.9305778780663490e-08 seconds.
Warning: Simulation tolerance relaxed to achieve convergence from 8.9305778780663490e-08 to 8.9305778780761150e-08 seconds.
Warning: Simulation tolerance relaxed to achieve convergence from 8.9305778780761150e-08 to 8.9305778780858810e-08 seconds.
Warning: Simulation tolerance relaxed to achieve convergence from 8.9305778780858810e-08 to 8.9305778780956471e-08 seconds.
Warning: Simulation tolerance relaxed to achieve convergence from 8.9305778780956471e-08 to 8.9305778781054131e-08 seconds.
Warning: Simulation tolerance relaxed to achieve convergence from 8.9305778781054131e-08 to 8.9305778781151791e-08 seconds.
Warning: Simulation tolerance relaxed to achieve convergence from 8.9305778781151791e-08 to 8.9305778781249451e-08 seconds.
Warning: Simulation tolerance relaxed to achieve convergence from 8.9305778781249451e-08 to 8.9305778781347112e-08 seconds.
Warning: Simulation tolerance relaxed to achieve convergence from 8.9305778781347112e-08 to 8.9305778781444772e-08 seconds.
Warning: Simulation tolerance relaxed to achieve convergence from 8.9305778781444772e-08 to 8.9305778781542432e-08 seconds.
Warning: Simulation tolerance relaxed to achieve convergence from 8.9305778781542432e-08 to 8.9305778781640092e-08 seconds.
Warning: Simulation tolerance relaxed to achieve convergence from 8.9305778781640092e-08 to 8.9305778781737753e-08 seconds.
Warning: Simulation tolerance relaxed to achieve convergence from 8.9305778781737753e-08 to 8.9305778781835413e-08 seconds.
Warning: Simulation tolerance relaxed to achieve convergence from 8.9305778781835413e-08 to 8.9305778781933073e-08 seconds.
Warning: Simulation tolerance relaxed to achieve convergence from 8.9305778781933073e-08 to 8.9305778782030733e-08 seconds.
Warning: Simulation tolerance relaxed to achieve convergence from 8.9305778782030733e-08 to 8.9305778782128394e-08 seconds.
Warning: Simulation tolerance relaxed to achieve convergence from 8.9305778782128394e-08 to 8.9305778782226054e-08 seconds.
Warning: Simulation tolerance relaxed to achieve convergence from 8.9305778782226054e-08 to 8.9305778782323714e-08 seconds.
Warning: Simulation tolerance relaxed to achieve convergence from 8.9305778782323714e-08 to 8.9305778782421374e-08 seconds.
Warning: Simulation tolerance relaxed to achieve convergence from 8.9305778782421374e-08 to 8.9305778782519035e-08 seconds.
Warning: Simulation tolerance relaxed to achieve convergence from 8.9305778782519035e-08 to 8.9305778782616695e-08 seconds.
Warning: Simulation tolerance relaxed to achieve convergence from 8.9305778782616695e-08 to 8.9305778782714355e-08 seconds.
Warning: Simulation tolerance relaxed to achieve convergence from 8.9305778782714355e-08 to 8.9305778782812015e-08 seconds.
Warning: Simulation tolerance relaxed to achieve convergence from 8.9305778782812015e-08 to 8.9305778782909676e-08 seconds.
Warning: Simulation tolerance relaxed to achieve convergence from 8.9305778782909676e-08 to 8.9305778783007336e-08 seconds.
Warning: Simulation tolerance relaxed to achieve convergence from 8.9305778783007336e-08 to 8.9305778783104996e-08 seconds.
Warning: Simulation tolerance relaxed to achieve convergence from 8.9305778783104996e-08 to 8.9305778783202656e-08 seconds.
Warning: Simulation tolerance relaxed to achieve convergence from 8.9305778783202656e-08 to 8.9305778783300317e-08 seconds.
Warning: Simulation tolerance relaxed to achieve convergence from 8.9305778783300317e-08 to 8.9305778783397977e-08 seconds.
Warning: Simulation tolerance relaxed to achieve convergence from 8.9305778783397977e-08 to 8.9305778783495637e-08 seconds.
Warning: Simulation tolerance relaxed to achieve convergence from 8.9305778783495637e-08 to 8.9305778783593297e-08 seconds.
Warning: Simulation tolerance relaxed to achieve convergence from 8.9305778783593297e-08 to 8.9305778783690958e-08 seconds.
Warning: Simulation tolerance relaxed to achieve convergence from 8.9305778783690958e-08 to 8.9305778783788618e-08 seconds.
Warning: Simulation tolerance relaxed to achieve convergence from 8.9305778783788618e-08 to 8.9305778783886278e-08 seconds.
Warning: Simulation tolerance relaxed to achieve convergence from 8.9305778783886278e-08 to 8.9305778783983938e-08 seconds.
Warning: Simulation tolerance relaxed to achieve convergence from 8.9305778783983938e-08 to 8.9305778784081599e-08 seconds.
Warning: Simulation tolerance relaxed to achieve convergence from 8.9305778784081599e-08 to 8.9305778784179259e-08 seconds.
Warning: Simulation tolerance relaxed to achieve convergence from 8.9305778784179259e-08 to 8.9305778784276919e-08 seconds.
Warning: Simulation tolerance relaxed to achieve convergence from 8.9305778784276919e-08 to 8.9305778784374579e-08 seconds.
Warning: Simulation tolerance relaxed to achieve convergence from 8.9305778784374579e-08 to 8.9305778784472240e-08 seconds.
Warning: Simulation tolerance relaxed to achieve convergence from 8.9305778784472240e-08 to 8.9305778784569900e-08 seconds.
Warning: Simulation tolerance relaxed to achieve convergence from 8.9305778784569900e-08 to 8.9305778784667560e-08 seconds.
Warning: Simulation tolerance relaxed to achieve convergence from 8.9305778784667560e-08 to 8.9305778784765220e-08 seconds.
Warning: Simulation tolerance relaxed to achieve convergence from 8.9305778784765220e-08 to 8.9305778784862881e-08 seconds.
Warning: Simulation tolerance relaxed to achieve convergence from 8.9305778784862881e-08 to 8.9305778784960541e-08 seconds.
Warning: Simulation tolerance relaxed to achieve convergence from 8.9305778784960541e-08 to 8.9305778785058201e-08 seconds.
Warning: Simulation tolerance relaxed to achieve convergence from 8.9305778785058201e-08 to 8.9305778785155861e-08 seconds.
Warning: Simulation tolerance relaxed to achieve convergence from 8.9305778785155861e-08 to 8.9305778785253522e-08 seconds.
Warning: Simulation tolerance relaxed to achieve convergence from 8.9305778785253522e-08 to 8.9305778785351182e-08 seconds.
Warning: Simulation tolerance relaxed to achieve convergence from 8.9305778785351182e-08 to 8.9305778785448842e-08 seconds.
Warning: Simulation tolerance relaxed to achieve convergence from 8.9305778785448842e-08 to 8.9305778785546502e-08 seconds.
Warning: Simulation tolerance relaxed to achieve convergence from 8.9305778785546502e-08 to 8.9305778785644163e-08 seconds.
Warning: Simulation tolerance relaxed to achieve convergence from 8.9305778785644163e-08 to 8.9305778785741823e-08 seconds.
Warning: Simulation tolerance relaxed to achieve convergence from 8.9305778785741823e-08 to 8.9305778785839483e-08 seconds.
Warning: Simulation tolerance relaxed to achieve convergence from 8.9305778785839483e-08 to 8.9305778785937144e-08 seconds.
Warning: Simulation tolerance relaxed to achieve convergence from 8.9305778785937144e-08 to 8.9305778786034804e-08 seconds.
Warning: Simulation tolerance relaxed to achieve convergence from 8.9305778786034804e-08 to 8.9305778786132464e-08 seconds.
Warning: Simulation tolerance relaxed to achieve convergence from 8.9305778786132464e-08 to 8.9305778786230124e-08 seconds.
Warning: Simulation tolerance relaxed to achieve convergence from 8.9305778786230124e-08 to 8.9305778786327785e-08 seconds.
Warning: Simulation tolerance relaxed to achieve convergence from 8.9305778786327785e-08 to 8.9305778786425445e-08 seconds.
Warning: Simulation tolerance relaxed to achieve convergence from 8.9305778786425445e-08 to 8.9305778786523105e-08 seconds.
Warning: Simulation tolerance relaxed to achieve convergence from 8.9305778786523105e-08 to 8.9305778786620765e-08 seconds.
Warning: Simulation tolerance relaxed to achieve convergence from 8.9305778786620765e-08 to 8.9305778786718426e-08 seconds.
Warning: Simulation tolerance relaxed to achieve convergence from 8.9305778786718426e-08 to 8.9305778786816086e-08 seconds.
Warning: Simulation tolerance relaxed to achieve convergence from 8.9305778786816086e-08 to 8.9305778786913746e-08 seconds.
Warning: Simulation tolerance relaxed to achieve convergence from 8.9305778786913746e-08 to 8.9305778787011406e-08 seconds.
Warning: Simulation tolerance relaxed to achieve convergence from 8.9305778787011406e-08 to 8.9305778787109067e-08 seconds.
Warning: Simulation tolerance relaxed to achieve convergence from 8.9305778787109067e-08 to 8.9305778787206727e-08 seconds.
Warning: Simulation tolerance relaxed to achieve convergence from 8.9305778787206727e-08 to 8.9305778787304387e-08 seconds.
Warning: Simulation tolerance relaxed to achieve convergence from 8.9305778787304387e-08 to 8.9305778787402047e-08 seconds.
Warning: Simulation tolerance relaxed to achieve convergence from 8.9305778787402047e-08 to 8.9305778787499708e-08 seconds.
Warning: Simulation tolerance relaxed to achieve convergence from 8.9305778787499708e-08 to 8.9305778787597368e-08 seconds.
Warning: Simulation tolerance relaxed to achieve convergence from 8.9305778787597368e-08 to 8.9305778787695028e-08 seconds.
Warning: Simulation tolerance relaxed to achieve convergence from 8.9305778787695028e-08 to 8.9305778787792688e-08 seconds.
Warning: Simulation tolerance relaxed to achieve convergence from 8.9305778787792688e-08 to 8.9305778787890349e-08 seconds.
Warning: Simulation tolerance relaxed to achieve convergence from 8.9305778787890349e-08 to 8.9305778787988009e-08 seconds.
Warning: Simulation tolerance relaxed to achieve convergence from 8.9305778787988009e-08 to 8.9305778788085669e-08 seconds.
Warning: Simulation tolerance relaxed to achieve convergence from 8.9305778788085669e-08 to 8.9305778788183329e-08 seconds.
Warning: Simulation tolerance relaxed to achieve convergence from 8.9305778788183329e-08 to 8.9305778788280990e-08 seconds.
Warning: Simulation tolerance relaxed to achieve convergence from 8.9305778788280990e-08 to 8.9305778788378650e-08 seconds.
Warning: Simulation tolerance relaxed to achieve convergence from 8.9305778788378650e-08 to 8.9305778788476310e-08 seconds.
Warning: Simulation tolerance relaxed to achieve convergence from 8.9305778788476310e-08 to 8.9305778788573970e-08 seconds.
Warning: Simulation tolerance relaxed to achieve convergence from 8.9305778788573970e-08 to 8.9305778788671631e-08 seconds.
Warning: Simulation tolerance relaxed to achieve convergence from 8.9305778788671631e-08 to 8.9305778788769291e-08 seconds.
Warning: Simulation tolerance relaxed to achieve convergence from 8.9305778788769291e-08 to 8.9305778788866951e-08 seconds.
Warning: Simulation tolerance relaxed to achieve convergence from 8.9305778788866951e-08 to 8.9305778788964611e-08 seconds.
Warning: Simulation tolerance relaxed to achieve convergence from 8.9305778788964611e-08 to 8.9305778789062272e-08 seconds.
Warning: Simulation tolerance relaxed to achieve convergence from 8.9305778789062272e-08 to 8.9305778789159932e-08 seconds.
Warning: Simulation tolerance relaxed to achieve convergence from 8.9305778789159932e-08 to 8.9305778789257592e-08 seconds.
Warning: Simulation tolerance relaxed to achieve convergence from 8.9305778789257592e-08 to 8.9305778789355252e-08 seconds.
Warning: Simulation tolerance relaxed to achieve convergence from 8.9305778789355252e-08 to 8.9305778789452913e-08 seconds.
Warning: Simulation tolerance relaxed to achieve convergence from 8.9305778789452913e-08 to 8.9305778789550573e-08 seconds.
Warning: Simulation tolerance relaxed to achieve convergence from 8.9305778789550573e-08 to 8.9305778789648233e-08 seconds.
Warning: Simulation tolerance relaxed to achieve convergence from 8.9305778789648233e-08 to 8.9305778789745893e-08 seconds.
Warning: Simulation tolerance relaxed to achieve convergence from 8.9305778789745893e-08 to 8.9305778789843554e-08 seconds.
Warning: Simulation tolerance relaxed to achieve convergence from 8.9305778789843554e-08 to 8.9305778789941214e-08 seconds.
Warning: Simulation tolerance relaxed to achieve convergence from 8.9305778789941214e-08 to 8.9305778790038874e-08 seconds.
Warning: Simulation tolerance relaxed to achieve convergence from 8.9305778790038874e-08 to 8.9305778790136534e-08 seconds.
Warning: Simulation tolerance relaxed to achieve convergence from 8.9305778790136534e-08 to 8.9305778790234195e-08 seconds.
Warning: Simulation tolerance relaxed to achieve convergence from 8.9305778790234195e-08 to 8.9305778790331855e-08 seconds.
Warning: Simulation tolerance relaxed to achieve convergence from 8.9305778790331855e-08 to 8.9305778790429515e-08 seconds.
Warning: Simulation tolerance relaxed to achieve convergence from 8.9305778790429515e-08 to 8.9305778790527175e-08 seconds.
Warning: Simulation tolerance relaxed to achieve convergence from 8.9305778790527175e-08 to 8.9305778790624836e-08 seconds.
Warning: Simulation tolerance relaxed to achieve convergence from 8.9305778790624836e-08 to 8.9305778790722496e-08 seconds.
Warning: Simulation tolerance relaxed to achieve convergence from 8.9305778790722496e-08 to 8.9305778790820156e-08 seconds.
Warning: Simulation tolerance relaxed to achieve convergence from 8.9305778790820156e-08 to 8.9305778790917816e-08 seconds.
Warning: Simulation tolerance relaxed to achieve convergence from 8.9305778790917816e-08 to 8.9305778791015477e-08 seconds.
Warning: Simulation tolerance relaxed to achieve convergence from 8.9305778791015477e-08 to 8.9305778791113137e-08 seconds.
Warning: Simulation tolerance relaxed to achieve convergence from 8.9305778791113137e-08 to 8.9305778791210797e-08 seconds.
Warning: Simulation tolerance relaxed to achieve convergence from 8.9305778791210797e-08 to 8.9305778791308457e-08 seconds.
Warning: Simulation tolerance relaxed to achieve convergence from 8.9305778791308457e-08 to 8.9305778791406118e-08 seconds.
Warning: Simulation tolerance relaxed to achieve convergence from 8.9305778791406118e-08 to 8.9305778791503778e-08 seconds.
Warning: Simulation tolerance relaxed to achieve convergence from 8.9305778791503778e-08 to 8.9305778791601438e-08 seconds.
Warning: Simulation tolerance relaxed to achieve convergence from 8.9305778791601438e-08 to 8.9305778791699098e-08 seconds.
Warning: Simulation tolerance relaxed to achieve convergence from 8.9305778791699098e-08 to 8.9305778791796759e-08 seconds.
Warning: Simulation tolerance relaxed to achieve convergence from 8.9305778791796759e-08 to 8.9305778791894419e-08 seconds.
Warning: Simulation tolerance relaxed to achieve convergence from 8.9305778791894419e-08 to 8.9305778791992079e-08 seconds.
Warning: Simulation tolerance relaxed to achieve convergence from 8.9305778791992079e-08 to 8.9305778792089739e-08 seconds.
Warning: Simulation tolerance relaxed to achieve convergence from 8.9305778792089739e-08 to 8.9305778792187400e-08 seconds.
Warning: Simulation tolerance relaxed to achieve convergence from 8.9305778792187400e-08 to 8.9305778792285060e-08 seconds.
Warning: Simulation tolerance relaxed to achieve convergence from 8.9305778792285060e-08 to 8.9305778792382720e-08 seconds.
Warning: Simulation tolerance relaxed to achieve convergence from 8.9305778792382720e-08 to 8.9305778792480380e-08 seconds.
Warning: Simulation tolerance relaxed to achieve convergence from 8.9305778792480380e-08 to 8.9305778792578041e-08 seconds.
Warning: Simulation tolerance relaxed to achieve convergence from 8.9305778792578041e-08 to 8.9305778792675701e-08 seconds.
Warning: Simulation tolerance relaxed to achieve convergence from 8.9305778792675701e-08 to 8.9305778792773361e-08 seconds.
Warning: Simulation tolerance relaxed to achieve convergence from 8.9305778792773361e-08 to 8.9305778792871021e-08 seconds.
Warning: Simulation tolerance relaxed to achieve convergence from 8.9305778792871021e-08 to 8.9305778792968682e-08 seconds.
Warning: Simulation tolerance relaxed to achieve convergence from 8.9305778792968682e-08 to 8.9305778793066342e-08 seconds.
Warning: Simulation tolerance relaxed to achieve convergence from 8.9305778793066342e-08 to 8.9305778793164002e-08 seconds.
Warning: Simulation tolerance relaxed to achieve convergence from 8.9305778793164002e-08 to 8.9305778793261662e-08 seconds.
Warning: Simulation tolerance relaxed to achieve convergence from 8.9305778793261662e-08 to 8.9305778793359323e-08 seconds.
Warning: Simulation tolerance relaxed to achieve convergence from 8.9305778793359323e-08 to 8.9305778793456983e-08 seconds.
Warning: Simulation tolerance relaxed to achieve convergence from 8.9305778793456983e-08 to 8.9305778793554643e-08 seconds.
Warning: Simulation tolerance relaxed to achieve convergence from 8.9305778793554643e-08 to 8.9305778793652303e-08 seconds.
Warning: Simulation tolerance relaxed to achieve convergence from 8.9305778793652303e-08 to 8.9305778793749964e-08 seconds.
Warning: Simulation tolerance relaxed to achieve convergence from 8.9305778793749964e-08 to 8.9305778793847624e-08 seconds.
Warning: Simulation tolerance relaxed to achieve convergence from 8.9305778793847624e-08 to 8.9305778793945284e-08 seconds.
Warning: Simulation tolerance relaxed to achieve convergence from 8.9305778793945284e-08 to 8.9305778794042944e-08 seconds.
Warning: Simulation tolerance relaxed to achieve convergence from 8.9305778794042944e-08 to 8.9305778794140605e-08 seconds.
Warning: Simulation tolerance relaxed to achieve convergence from 8.9305778794140605e-08 to 8.9305778794238265e-08 seconds.
Warning: Simulation tolerance relaxed to achieve convergence from 8.9305778794238265e-08 to 8.9305778794335925e-08 seconds.
Warning: Simulation tolerance relaxed to achieve convergence from 8.9305778794335925e-08 to 8.9305778794433585e-08 seconds.
Warning: Simulation tolerance relaxed to achieve convergence from 8.9305778794433585e-08 to 8.9305778794531246e-08 seconds.
Warning: Simulation tolerance relaxed to achieve convergence from 8.9305778794531246e-08 to 8.9305778794628906e-08 seconds.
Warning: Simulation tolerance relaxed to achieve convergence from 8.9305778794628906e-08 to 8.9305778794726566e-08 seconds.
Warning: Simulation tolerance relaxed to achieve convergence from 8.9305778794726566e-08 to 8.9305778794824226e-08 seconds.
Warning: Simulation tolerance relaxed to achieve convergence from 8.9305778794824226e-08 to 8.9305778794921887e-08 seconds.
Warning: Simulation tolerance relaxed to achieve convergence from 8.9305778794921887e-08 to 8.9305778795019547e-08 seconds.
Warning: Simulation tolerance relaxed to achieve convergence from 8.9305778795019547e-08 to 8.9305778795117207e-08 seconds.
Warning: Simulation tolerance relaxed to achieve convergence from 8.9305778795117207e-08 to 8.9305778795214867e-08 seconds.
Warning: Simulation tolerance relaxed to achieve convergence from 8.9305778795214867e-08 to 8.9305778795312528e-08 seconds.
Warning: Simulation tolerance relaxed to achieve convergence from 8.9305778795312528e-08 to 8.9305778795410188e-08 seconds.
Warning: Simulation tolerance relaxed to achieve convergence from 8.9305778795410188e-08 to 8.9305778795507848e-08 seconds.
Warning: Simulation tolerance relaxed to achieve convergence from 8.9305778795507848e-08 to 8.9305778795605508e-08 seconds.
Warning: Simulation tolerance relaxed to achieve convergence from 8.9305778795605508e-08 to 8.9305778795703169e-08 seconds.
Warning: Simulation tolerance relaxed to achieve convergence from 8.9305778795703169e-08 to 8.9305778795800829e-08 seconds.
Warning: Simulation tolerance relaxed to achieve convergence from 8.9305778795800829e-08 to 8.9305778795898489e-08 seconds.
Warning: Simulation tolerance relaxed to achieve convergence from 8.9305778795898489e-08 to 8.9305778795996149e-08 seconds.
Warning: Simulation tolerance relaxed to achieve convergence from 8.9305778795996149e-08 to 8.9305778796093810e-08 seconds.
Warning: Simulation tolerance relaxed to achieve convergence from 8.9305778796093810e-08 to 8.9305778796191470e-08 seconds.
Warning: Simulation tolerance relaxed to achieve convergence from 8.9305778796191470e-08 to 8.9305778796289130e-08 seconds.
Warning: Simulation tolerance relaxed to achieve convergence from 8.9305778796289130e-08 to 8.9305778796386790e-08 seconds.
Warning: Simulation tolerance relaxed to achieve convergence from 8.9305778796386790e-08 to 8.9305778796484451e-08 seconds.
Warning: Simulation tolerance relaxed to achieve convergence from 8.9305778796484451e-08 to 8.9305778796582111e-08 seconds.
Warning: Simulation tolerance relaxed to achieve convergence from 8.9305778796582111e-08 to 8.9305778796679771e-08 seconds.
Warning: Simulation tolerance relaxed to achieve convergence from 8.9305778796679771e-08 to 8.9305778796777431e-08 seconds.
Warning: Simulation tolerance relaxed to achieve convergence from 8.9305778796777431e-08 to 8.9305778796875092e-08 seconds.
Warning: Simulation tolerance relaxed to achieve convergence from 8.9305778796875092e-08 to 8.9305778796972752e-08 seconds.
Warning: Simulation tolerance relaxed to achieve convergence from 8.9305778796972752e-08 to 8.9305778797070412e-08 seconds.
Warning: Simulation tolerance relaxed to achieve convergence from 8.9305778797070412e-08 to 8.9305778797168072e-08 seconds.
Warning: Simulation tolerance relaxed to achieve convergence from 8.9305778797168072e-08 to 8.9305778797265733e-08 seconds.
Warning: Simulation tolerance relaxed to achieve convergence from 8.9305778797265733e-08 to 8.9305778797363393e-08 seconds.
Warning: Simulation tolerance relaxed to achieve convergence from 8.9305778797363393e-08 to 8.9305778797461053e-08 seconds.
Warning: Simulation tolerance relaxed to achieve convergence from 8.9305778797461053e-08 to 8.9305778797558713e-08 seconds.
Warning: Simulation tolerance relaxed to achieve convergence from 8.9305778797558713e-08 to 8.9305778797656374e-08 seconds.
Warning: Simulation tolerance relaxed to achieve convergence from 8.9305778797656374e-08 to 8.9305778797754034e-08 seconds.
Warning: Simulation tolerance relaxed to achieve convergence from 8.9305778797754034e-08 to 8.9305778797851694e-08 seconds.
Warning: Simulation tolerance relaxed to achieve convergence from 8.9305778797851694e-08 to 8.9305778797949354e-08 seconds.
Warning: Simulation tolerance relaxed to achieve convergence from 8.9305778797949354e-08 to 8.9305778798047015e-08 seconds.
Warning: Simulation tolerance relaxed to achieve convergence from 8.9305778798047015e-08 to 8.9305778798144675e-08 seconds.
Warning: Simulation tolerance relaxed to achieve convergence from 8.9305778798144675e-08 to 8.9305778798242335e-08 seconds.
Warning: Simulation tolerance relaxed to achieve convergence from 8.9305778798242335e-08 to 8.9305778798339995e-08 seconds.
Warning: Simulation tolerance relaxed to achieve convergence from 8.9305778798339995e-08 to 8.9305778798437656e-08 seconds.
Warning: Simulation tolerance relaxed to achieve convergence from 8.9305778798437656e-08 to 8.9305778798535316e-08 seconds.
Warning: Simulation tolerance relaxed to achieve convergence from 8.9305778798535316e-08 to 8.9305778798632976e-08 seconds.
Warning: Simulation tolerance relaxed to achieve convergence from 8.9305778798632976e-08 to 8.9305778798730636e-08 seconds.
Warning: Simulation tolerance relaxed to achieve convergence from 8.9305778798730636e-08 to 8.9305778798828297e-08 seconds.
Warning: Simulation tolerance relaxed to achieve convergence from 8.9305778798828297e-08 to 8.9305778798925957e-08 seconds.
Warning: Simulation tolerance relaxed to achieve convergence from 8.9305778798925957e-08 to 8.9305778799023617e-08 seconds.
Warning: Simulation tolerance relaxed to achieve convergence from 8.9305778799023617e-08 to 8.9305778799121277e-08 seconds.
Warning: Simulation tolerance relaxed to achieve convergence from 8.9305778799121277e-08 to 8.9305778799218938e-08 seconds.
Warning: Simulation tolerance relaxed to achieve convergence from 8.9305778799218938e-08 to 8.9305778799316598e-08 seconds.
Warning: Simulation tolerance relaxed to achieve convergence from 8.9305778799316598e-08 to 8.9305778799414258e-08 seconds.
Warning: Simulation tolerance relaxed to achieve convergence from 8.9305778799414258e-08 to 8.9305778799511919e-08 seconds.
Warning: Simulation tolerance relaxed to achieve convergence from 8.9305778799511919e-08 to 8.9305778799609579e-08 seconds.
Warning: Simulation tolerance relaxed to achieve convergence from 8.9305778799609579e-08 to 8.9305778799707239e-08 seconds.
Warning: Simulation tolerance relaxed to achieve convergence from 8.9305778799707239e-08 to 8.9305778799804899e-08 seconds.
Warning: Simulation tolerance relaxed to achieve convergence from 8.9305778799804899e-08 to 8.9305778799902560e-08 seconds.
Warning: Simulation tolerance relaxed to achieve convergence from 8.9305778799902560e-08 to 8.9305778800000220e-08 seconds.
Warning: Simulation tolerance relaxed to achieve convergence from 8.9305778800000220e-08 to 8.9305778800097880e-08 seconds.
Warning: Simulation tolerance relaxed to achieve convergence from 8.9305778800097880e-08 to 8.9305778800195540e-08 seconds.
Warning: Simulation tolerance relaxed to achieve convergence from 8.9305778800195540e-08 to 8.9305778800293201e-08 seconds.
Warning: Simulation tolerance relaxed to achieve convergence from 8.9305778800293201e-08 to 8.9305778800390861e-08 seconds.
Warning: Simulation tolerance relaxed to achieve convergence from 8.9305778800390861e-08 to 8.9305778800488521e-08 seconds.
Warning: Simulation tolerance relaxed to achieve convergence from 8.9305778800488521e-08 to 8.9305778800586181e-08 seconds.
Warning: Simulation tolerance relaxed to achieve convergence from 8.9305778800586181e-08 to 8.9305778800683842e-08 seconds.
Warning: Simulation tolerance relaxed to achieve convergence from 8.9305778800683842e-08 to 8.9305778800781502e-08 seconds.
Warning: Simulation tolerance relaxed to achieve convergence from 8.9305778800781502e-08 to 8.9305778800879162e-08 seconds.
Warning: Simulation tolerance relaxed to achieve convergence from 8.9305778800879162e-08 to 8.9305778800976822e-08 seconds.
Warning: Simulation tolerance relaxed to achieve convergence from 8.9305778800976822e-08 to 8.9305778801074483e-08 seconds.
Warning: Simulation tolerance relaxed to achieve convergence from 8.9305778801074483e-08 to 8.9305778801172143e-08 seconds.
Warning: Simulation tolerance relaxed to achieve convergence from 8.9305778801172143e-08 to 8.9305778801269803e-08 seconds.
Warning: Simulation tolerance relaxed to achieve convergence from 8.9305778801269803e-08 to 8.9305778801367463e-08 seconds.
Warning: Simulation tolerance relaxed to achieve convergence from 8.9305778801367463e-08 to 8.9305778801465124e-08 seconds.
Warning: Simulation tolerance relaxed to achieve convergence from 8.9305778801465124e-08 to 8.9305778801562784e-08 seconds.
Warning: Simulation tolerance relaxed to achieve convergence from 8.9305778801562784e-08 to 8.9305778801660444e-08 seconds.
Warning: Simulation tolerance relaxed to achieve convergence from 8.9305778801660444e-08 to 8.9305778801758104e-08 seconds.
Warning: Simulation tolerance relaxed to achieve convergence from 8.9305778801758104e-08 to 8.9305778801855765e-08 seconds.
Warning: Simulation tolerance relaxed to achieve convergence from 8.9305778801855765e-08 to 8.9305778801953425e-08 seconds.
Warning: Simulation tolerance relaxed to achieve convergence from 8.9305778801953425e-08 to 8.9305778802051085e-08 seconds.
Warning: Simulation tolerance relaxed to achieve convergence from 8.9305778802051085e-08 to 8.9305778802148745e-08 seconds.
Warning: Simulation tolerance relaxed to achieve convergence from 8.9305778802148745e-08 to 8.9305778802246406e-08 seconds.
Warning: Simulation tolerance relaxed to achieve convergence from 8.9305778802246406e-08 to 8.9305778802344066e-08 seconds.
Warning: Simulation tolerance relaxed to achieve convergence from 8.9305778802344066e-08 to 8.9305778802441726e-08 seconds.
Warning: Simulation tolerance relaxed to achieve convergence from 8.9305778802441726e-08 to 8.9305778802539386e-08 seconds.
Warning: Simulation tolerance relaxed to achieve convergence from 8.9305778802539386e-08 to 8.9305778802637047e-08 seconds.
Warning: Simulation tolerance relaxed to achieve convergence from 8.9305778802637047e-08 to 8.9305778802734707e-08 seconds.
Warning: Simulation tolerance relaxed to achieve convergence from 8.9305778802734707e-08 to 8.9305778802832367e-08 seconds.
Warning: Simulation tolerance relaxed to achieve convergence from 8.9305778802832367e-08 to 8.9305778802930027e-08 seconds.
Warning: Simulation tolerance relaxed to achieve convergence from 8.9305778802930027e-08 to 8.9305778803027688e-08 seconds.
Warning: Simulation tolerance relaxed to achieve convergence from 8.9305778803027688e-08 to 8.9305778803125348e-08 seconds.
Warning: Simulation tolerance relaxed to achieve convergence from 8.9305778803125348e-08 to 8.9305778803223008e-08 seconds.
Warning: Simulation tolerance relaxed to achieve convergence from 8.9305778803223008e-08 to 8.9305778803320668e-08 seconds.
Warning: Simulation tolerance relaxed to achieve convergence from 8.9305778803320668e-08 to 8.9305778803418329e-08 seconds.
Warning: Simulation tolerance relaxed to achieve convergence from 8.9305778803418329e-08 to 8.9305778803515989e-08 seconds.
Warning: Simulation tolerance relaxed to achieve convergence from 8.9305778803515989e-08 to 8.9305778803613649e-08 seconds.
Warning: Simulation tolerance relaxed to achieve convergence from 8.9305778803613649e-08 to 8.9305778803711309e-08 seconds.
Warning: Simulation tolerance relaxed to achieve convergence from 8.9305778803711309e-08 to 8.9305778803808970e-08 seconds.
Warning: Simulation tolerance relaxed to achieve convergence from 8.9305778803808970e-08 to 8.9305778803906630e-08 seconds.
Warning: Simulation tolerance relaxed to achieve convergence from 8.9305778803906630e-08 to 8.9305778804004290e-08 seconds.
Warning: Simulation tolerance relaxed to achieve convergence from 8.9305778804004290e-08 to 8.9305778804101950e-08 seconds.
Warning: Simulation tolerance relaxed to achieve convergence from 8.9305778804101950e-08 to 8.9305778804199611e-08 seconds.
Warning: Simulation tolerance relaxed to achieve convergence from 8.9305778804199611e-08 to 8.9305778804297271e-08 seconds.
Warning: Simulation tolerance relaxed to achieve convergence from 8.9305778804297271e-08 to 8.9305778804394931e-08 seconds.
Warning: Simulation tolerance relaxed to achieve convergence from 8.9305778804394931e-08 to 8.9305778804492591e-08 seconds.
Warning: Simulation tolerance relaxed to achieve convergence from 8.9305778804492591e-08 to 8.9305778804590252e-08 seconds.
Warning: Simulation tolerance relaxed to achieve convergence from 8.9305778804590252e-08 to 8.9305778804687912e-08 seconds.
Warning: Simulation tolerance relaxed to achieve convergence from 8.9305778804687912e-08 to 8.9305778804785572e-08 seconds.
Warning: Simulation tolerance relaxed to achieve convergence from 8.9305778804785572e-08 to 8.9305778804883232e-08 seconds.
Warning: Simulation tolerance relaxed to achieve convergence from 8.9305778804883232e-08 to 8.9305778804980893e-08 seconds.
Warning: Simulation tolerance relaxed to achieve convergence from 8.9305778804980893e-08 to 8.9305778805078553e-08 seconds.
Warning: Simulation tolerance relaxed to achieve convergence from 8.9305778805078553e-08 to 8.9305778805176213e-08 seconds.
Warning: Simulation tolerance relaxed to achieve convergence from 8.9305778805176213e-08 to 8.9305778805273873e-08 seconds.
Warning: Simulation tolerance relaxed to achieve convergence from 8.9305778805273873e-08 to 8.9305778805371534e-08 seconds.
Warning: Simulation tolerance relaxed to achieve convergence from 8.9305778805371534e-08 to 8.9305778805469194e-08 seconds.
Warning: Simulation tolerance relaxed to achieve convergence from 8.9305778805469194e-08 to 8.9305778805566854e-08 seconds.
Warning: Simulation tolerance relaxed to achieve convergence from 8.9305778805566854e-08 to 8.9305778805664514e-08 seconds.
Warning: Simulation tolerance relaxed to achieve convergence from 8.9305778805664514e-08 to 8.9305778805762175e-08 seconds.
Warning: Simulation tolerance relaxed to achieve convergence from 8.9305778805762175e-08 to 8.9305778805859835e-08 seconds.
Warning: Simulation tolerance relaxed to achieve convergence from 8.9305778805859835e-08 to 8.9305778805957495e-08 seconds.
Warning: Simulation tolerance relaxed to achieve convergence from 8.9305778805957495e-08 to 8.9305778806055155e-08 seconds.
Warning: Simulation tolerance relaxed to achieve convergence from 8.9305778806055155e-08 to 8.9305778806152816e-08 seconds.
Warning: Simulation tolerance relaxed to achieve convergence from 8.9305778806152816e-08 to 8.9305778806250476e-08 seconds.
Warning: Simulation tolerance relaxed to achieve convergence from 8.9305778806250476e-08 to 8.9305778806348136e-08 seconds.
Warning: Simulation tolerance relaxed to achieve convergence from 8.9305778806348136e-08 to 8.9305778806445796e-08 seconds.
Warning: Simulation tolerance relaxed to achieve convergence from 8.9305778806445796e-08 to 8.9305778806543457e-08 seconds.
Warning: Simulation tolerance relaxed to achieve convergence from 8.9305778806543457e-08 to 8.9305778806641117e-08 seconds.
Warning: Simulation tolerance relaxed to achieve convergence from 8.9305778806641117e-08 to 8.9305778806738777e-08 seconds.
Warning: Simulation tolerance relaxed to achieve convergence from 8.9305778806738777e-08 to 8.9305778806836437e-08 seconds.
Warning: Simulation tolerance relaxed to achieve convergence from 8.9305778806836437e-08 to 8.9305778806934098e-08 seconds.
Warning: Simulation tolerance relaxed to achieve convergence from 8.9305778806934098e-08 to 8.9305778807031758e-08 seconds.
Warning: Simulation tolerance relaxed to achieve convergence from 8.9305778807031758e-08 to 8.9305778807129418e-08 seconds.
Warning: Simulation tolerance relaxed to achieve convergence from 8.9305778807129418e-08 to 8.9305778807227078e-08 seconds.
Warning: Simulation tolerance relaxed to achieve convergence from 8.9305778807227078e-08 to 8.9305778807324739e-08 seconds.
Warning: Simulation tolerance relaxed to achieve convergence from 8.9305778807324739e-08 to 8.9305778807422399e-08 seconds.
Warning: Simulation tolerance relaxed to achieve convergence from 8.9305778807422399e-08 to 8.9305778807520059e-08 seconds.
Warning: Simulation tolerance relaxed to achieve convergence from 8.9305778807520059e-08 to 8.9305778807617719e-08 seconds.
Warning: Simulation tolerance relaxed to achieve convergence from 8.9305778807617719e-08 to 8.9305778807715380e-08 seconds.
Warning: Simulation tolerance relaxed to achieve convergence from 8.9305778807715380e-08 to 8.9305778807813040e-08 seconds.
Warning: Simulation tolerance relaxed to achieve convergence from 8.9305778807813040e-08 to 8.9305778807910700e-08 seconds.
Warning: Simulation tolerance relaxed to achieve convergence from 8.9305778807910700e-08 to 8.9305778808008360e-08 seconds.
Warning: Simulation tolerance relaxed to achieve convergence from 8.9305778808008360e-08 to 8.9305778808106021e-08 seconds.
Warning: Simulation tolerance relaxed to achieve convergence from 8.9305778808106021e-08 to 8.9305778808203681e-08 seconds.
Warning: Simulation tolerance relaxed to achieve convergence from 8.9305778808203681e-08 to 8.9305778808301341e-08 seconds.
Warning: Simulation tolerance relaxed to achieve convergence from 8.9305778808301341e-08 to 8.9305778808399001e-08 seconds.
Warning: Simulation tolerance relaxed to achieve convergence from 8.9305778808399001e-08 to 8.9305778808496662e-08 seconds.
Warning: Simulation tolerance relaxed to achieve convergence from 8.9305778808496662e-08 to 8.9305778808594322e-08 seconds.
Warning: Simulation tolerance relaxed to achieve convergence from 8.9305778808594322e-08 to 8.9305778808691982e-08 seconds.
Warning: Simulation tolerance relaxed to achieve convergence from 8.9305778808691982e-08 to 8.9305778808789642e-08 seconds.
Warning: Simulation tolerance relaxed to achieve convergence from 8.9305778808789642e-08 to 8.9305778808887303e-08 seconds.
Warning: Simulation tolerance relaxed to achieve convergence from 8.9305778808887303e-08 to 8.9305778808984963e-08 seconds.
Warning: Simulation tolerance relaxed to achieve convergence from 8.9305778808984963e-08 to 8.9305778809082623e-08 seconds.
Warning: Simulation tolerance relaxed to achieve convergence from 8.9305778809082623e-08 to 8.9305778809180283e-08 seconds.
Warning: Simulation tolerance relaxed to achieve convergence from 8.9305778809180283e-08 to 8.9305778809277944e-08 seconds.
Warning: Simulation tolerance relaxed to achieve convergence from 8.9305778809277944e-08 to 8.9305778809375604e-08 seconds.
Warning: Simulation tolerance relaxed to achieve convergence from 8.9305778809375604e-08 to 8.9305778809473264e-08 seconds.
Warning: Simulation tolerance relaxed to achieve convergence from 8.9305778809473264e-08 to 8.9305778809570924e-08 seconds.
Warning: Simulation tolerance relaxed to achieve convergence from 8.9305778809570924e-08 to 8.9305778809668585e-08 seconds.
Warning: Simulation tolerance relaxed to achieve convergence from 8.9305778809668585e-08 to 8.9305778809766245e-08 seconds.
Warning: Simulation tolerance relaxed to achieve convergence from 8.9305778809766245e-08 to 8.9305778809863905e-08 seconds.
Warning: Simulation tolerance relaxed to achieve convergence from 8.9305778809863905e-08 to 8.9305778809961565e-08 seconds.
Warning: Simulation tolerance relaxed to achieve convergence from 8.9305778809961565e-08 to 8.9305778810059226e-08 seconds.
Warning: Simulation tolerance relaxed to achieve convergence from 8.9305778810059226e-08 to 8.9305778810156886e-08 seconds.
Warning: Simulation tolerance relaxed to achieve convergence from 8.9305778810156886e-08 to 8.9305778810254546e-08 seconds.
Warning: Simulation tolerance relaxed to achieve convergence from 8.9305778810254546e-08 to 8.9305778810352206e-08 seconds.
Warning: Simulation tolerance relaxed to achieve convergence from 8.9305778810352206e-08 to 8.9305778810449867e-08 seconds.
Warning: Simulation tolerance relaxed to achieve convergence from 8.9305778810449867e-08 to 8.9305778810547527e-08 seconds.
Warning: Simulation tolerance relaxed to achieve convergence from 8.9305778810547527e-08 to 8.9305778810645187e-08 seconds.
Warning: Simulation tolerance relaxed to achieve convergence from 8.9305778810645187e-08 to 8.9305778810742847e-08 seconds.
Warning: Simulation tolerance relaxed to achieve convergence from 8.9305778810742847e-08 to 8.9305778810840508e-08 seconds.
Warning: Simulation tolerance relaxed to achieve convergence from 8.9305778810840508e-08 to 8.9305778810938168e-08 seconds.
Warning: Simulation tolerance relaxed to achieve convergence from 8.9305778810938168e-08 to 8.9305778811035828e-08 seconds.
Warning: Simulation tolerance relaxed to achieve convergence from 8.9305778811035828e-08 to 8.9305778811133488e-08 seconds.
Warning: Simulation tolerance relaxed to achieve convergence from 8.9305778811133488e-08 to 8.9305778811231149e-08 seconds.
Warning: Simulation tolerance relaxed to achieve convergence from 8.9305778811231149e-08 to 8.9305778811328809e-08 seconds.
Warning: Simulation tolerance relaxed to achieve convergence from 8.9305778811328809e-08 to 8.9305778811426469e-08 seconds.
Warning: Simulation tolerance relaxed to achieve convergence from 8.9305778811426469e-08 to 8.9305778811524129e-08 seconds.
Warning: Simulation tolerance relaxed to achieve convergence from 8.9305778811524129e-08 to 8.9305778811621790e-08 seconds.
Warning: Simulation tolerance relaxed to achieve convergence from 8.9305778811621790e-08 to 8.9305778811719450e-08 seconds.
Warning: Simulation tolerance relaxed to achieve convergence from 8.9305778811719450e-08 to 8.9305778811817110e-08 seconds.
Warning: Simulation tolerance relaxed to achieve convergence from 8.9305778811817110e-08 to 8.9305778811914770e-08 seconds.
Warning: Simulation tolerance relaxed to achieve convergence from 8.9305778811914770e-08 to 8.9305778812012431e-08 seconds.
Warning: Simulation tolerance relaxed to achieve convergence from 8.9305778812012431e-08 to 8.9305778812110091e-08 seconds.
Warning: Simulation tolerance relaxed to achieve convergence from 8.9305778812110091e-08 to 8.9305778812207751e-08 seconds.
Warning: Simulation tolerance relaxed to achieve convergence from 8.9305778812207751e-08 to 8.9305778812305411e-08 seconds.
Warning: Simulation tolerance relaxed to achieve convergence from 8.9305778812305411e-08 to 8.9305778812403072e-08 seconds.
Warning: Simulation tolerance relaxed to achieve convergence from 8.9305778812403072e-08 to 8.9305778812500732e-08 seconds.
Warning: Simulation tolerance relaxed to achieve convergence from 8.9305778812500732e-08 to 8.9305778812598392e-08 seconds.
Warning: Simulation tolerance relaxed to achieve convergence from 8.9305778812598392e-08 to 8.9305778812696053e-08 seconds.
Warning: Simulation tolerance relaxed to achieve convergence from 8.9305778812696053e-08 to 8.9305778812793713e-08 seconds.
Warning: Simulation tolerance relaxed to achieve convergence from 8.9305778812793713e-08 to 8.9305778812891373e-08 seconds.
Warning: Simulation tolerance relaxed to achieve convergence from 8.9305778812891373e-08 to 8.9305778812989033e-08 seconds.
Warning: Simulation tolerance relaxed to achieve convergence from 8.9305778812989033e-08 to 8.9305778813086694e-08 seconds.
Warning: Simulation tolerance relaxed to achieve convergence from 8.9305778813086694e-08 to 8.9305778813184354e-08 seconds.
Warning: Simulation tolerance relaxed to achieve convergence from 8.9305778813184354e-08 to 8.9305778813282014e-08 seconds.
Warning: Simulation tolerance relaxed to achieve convergence from 8.9305778813282014e-08 to 8.9305778813379674e-08 seconds.
Warning: Simulation tolerance relaxed to achieve convergence from 8.9305778813379674e-08 to 8.9305778813477335e-08 seconds.
Warning: Simulation tolerance relaxed to achieve convergence from 8.9305778813477335e-08 to 8.9305778813574995e-08 seconds.
Warning: Simulation tolerance relaxed to achieve convergence from 8.9305778813574995e-08 to 8.9305778813672655e-08 seconds.
Warning: Simulation tolerance relaxed to achieve convergence from 8.9305778813672655e-08 to 8.9305778813770315e-08 seconds.
Warning: Simulation tolerance relaxed to achieve convergence from 8.9305778813770315e-08 to 8.9305778813867976e-08 seconds.
Warning: Simulation tolerance relaxed to achieve convergence from 8.9305778813867976e-08 to 8.9305778813965636e-08 seconds.
Warning: Simulation tolerance relaxed to achieve convergence from 8.9305778813965636e-08 to 8.9305778814063296e-08 seconds.
Warning: Simulation tolerance relaxed to achieve convergence from 8.9305778814063296e-08 to 8.9305778814160956e-08 seconds.
Warning: Simulation tolerance relaxed to achieve convergence from 8.9305778814160956e-08 to 8.9305778814258617e-08 seconds.
Warning: Simulation tolerance relaxed to achieve convergence from 8.9305778814258617e-08 to 8.9305778814356277e-08 seconds.
Warning: Simulation tolerance relaxed to achieve convergence from 8.9305778814356277e-08 to 8.9305778814453937e-08 seconds.
Warning: Simulation tolerance relaxed to achieve convergence from 8.9305778814453937e-08 to 8.9305778814551597e-08 seconds.
Warning: Simulation tolerance relaxed to achieve convergence from 8.9305778814551597e-08 to 8.9305778814649258e-08 seconds.
Warning: Simulation tolerance relaxed to achieve convergence from 8.9305778814649258e-08 to 8.9305778814746918e-08 seconds.
Warning: Simulation tolerance relaxed to achieve convergence from 8.9305778814746918e-08 to 8.9305778814844578e-08 seconds.
Warning: Simulation tolerance relaxed to achieve convergence from 8.9305778814844578e-08 to 8.9305778814942238e-08 seconds.
Warning: Simulation tolerance relaxed to achieve convergence from 8.9305778814942238e-08 to 8.9305778815039899e-08 seconds.
Warning: Simulation tolerance relaxed to achieve convergence from 8.9305778815039899e-08 to 8.9305778815137559e-08 seconds.
Warning: Simulation tolerance relaxed to achieve convergence from 8.9305778815137559e-08 to 8.9305778815235219e-08 seconds.
Warning: Simulation tolerance relaxed to achieve convergence from 8.9305778815235219e-08 to 8.9305778815332879e-08 seconds.
Warning: Simulation tolerance relaxed to achieve convergence from 8.9305778815332879e-08 to 8.9305778815430540e-08 seconds.
Warning: Simulation tolerance relaxed to achieve convergence from 8.9305778815430540e-08 to 8.9305778815528200e-08 seconds.
Warning: Simulation tolerance relaxed to achieve convergence from 8.9305778815528200e-08 to 8.9305778815625860e-08 seconds.
Warning: Simulation tolerance relaxed to achieve convergence from 9.1094264793691431e-08 to 9.1094264793789091e-08 seconds.
Warning: Simulation tolerance relaxed to achieve convergence from 9.5305778779536130e-08 to 9.5305778779633790e-08 seconds.
Warning: Simulation tolerance relaxed to achieve convergence from 9.5305778779633790e-08 to 9.5305778779731450e-08 seconds.
Warning: Simulation tolerance relaxed to achieve convergence from 9.5305778779731450e-08 to 9.5305778779829110e-08 seconds.
Warning: Simulation tolerance relaxed to achieve convergence from 9.5305778779829110e-08 to 9.5305778779926771e-08 seconds.
Warning: Simulation tolerance relaxed to achieve convergence from 9.5305778779926771e-08 to 9.5305778780024431e-08 seconds.
Warning: Simulation tolerance relaxed to achieve convergence from 9.5305778780024431e-08 to 9.5305778780122091e-08 seconds.
Warning: Simulation tolerance relaxed to achieve convergence from 9.5305778780122091e-08 to 9.5305778780219751e-08 seconds.
Warning: Simulation tolerance relaxed to achieve convergence from 9.5305778780219751e-08 to 9.5305778780317412e-08 seconds.
Warning: Simulation tolerance relaxed to achieve convergence from 9.5305778780317412e-08 to 9.5305778780415072e-08 seconds.
Warning: Simulation tolerance relaxed to achieve convergence from 9.5305778780415072e-08 to 9.5305778780512732e-08 seconds.
Warning: Simulation tolerance relaxed to achieve convergence from 9.5305778780512732e-08 to 9.5305778780610392e-08 seconds.
Warning: Simulation tolerance relaxed to achieve convergence from 9.5305778780610392e-08 to 9.5305778780708053e-08 seconds.
Warning: Simulation tolerance relaxed to achieve convergence from 9.5305778780708053e-08 to 9.5305778780805713e-08 seconds.
Warning: Simulation tolerance relaxed to achieve convergence from 9.5305778780805713e-08 to 9.5305778780903373e-08 seconds.
Warning: Simulation tolerance relaxed to achieve convergence from 9.5305778780903373e-08 to 9.5305778781001033e-08 seconds.
Warning: Simulation tolerance relaxed to achieve convergence from 9.5305778781001033e-08 to 9.5305778781098694e-08 seconds.
Warning: Simulation tolerance relaxed to achieve convergence from 9.5305778781098694e-08 to 9.5305778781196354e-08 seconds.
Warning: Simulation tolerance relaxed to achieve convergence from 9.5305778781196354e-08 to 9.5305778781294014e-08 seconds.
Warning: Simulation tolerance relaxed to achieve convergence from 9.5305778781294014e-08 to 9.5305778781391674e-08 seconds.
Warning: Simulation tolerance relaxed to achieve convergence from 9.5305778781391674e-08 to 9.5305778781489335e-08 seconds.
Warning: Simulation tolerance relaxed to achieve convergence from 9.5305778781489335e-08 to 9.5305778781586995e-08 seconds.
Warning: Simulation tolerance relaxed to achieve convergence from 9.5305778781586995e-08 to 9.5305778781684655e-08 seconds.
Warning: Simulation tolerance relaxed to achieve convergence from 9.5305778781684655e-08 to 9.5305778781782315e-08 seconds.
Warning: Simulation tolerance relaxed to achieve convergence from 9.5305778781782315e-08 to 9.5305778781879976e-08 seconds.
Warning: Simulation tolerance relaxed to achieve convergence from 9.5305778781879976e-08 to 9.5305778781977636e-08 seconds.
Warning: Simulation tolerance relaxed to achieve convergence from 9.5305778781977636e-08 to 9.5305778782075296e-08 seconds.
Warning: Simulation tolerance relaxed to achieve convergence from 9.5305778782075296e-08 to 9.5305778782172956e-08 seconds.
Warning: Simulation tolerance relaxed to achieve convergence from 9.5305778782172956e-08 to 9.5305778782270617e-08 seconds.
Warning: Simulation tolerance relaxed to achieve convergence from 9.5305778782270617e-08 to 9.5305778782368277e-08 seconds.
Warning: Simulation tolerance relaxed to achieve convergence from 9.5305778782368277e-08 to 9.5305778782465937e-08 seconds.
Warning: Simulation tolerance relaxed to achieve convergence from 9.5305778782465937e-08 to 9.5305778782563597e-08 seconds.
Warning: Simulation tolerance relaxed to achieve convergence from 9.5305778782563597e-08 to 9.5305778782661258e-08 seconds.
Warning: Simulation tolerance relaxed to achieve convergence from 9.5305778782661258e-08 to 9.5305778782758918e-08 seconds.
Warning: Simulation tolerance relaxed to achieve convergence from 9.5305778782758918e-08 to 9.5305778782856578e-08 seconds.
Warning: Simulation tolerance relaxed to achieve convergence from 9.5305778782856578e-08 to 9.5305778782954238e-08 seconds.
Warning: Simulation tolerance relaxed to achieve convergence from 9.5305778782954238e-08 to 9.5305778783051899e-08 seconds.
Warning: Simulation tolerance relaxed to achieve convergence from 9.5305778783051899e-08 to 9.5305778783149559e-08 seconds.
Warning: Simulation tolerance relaxed to achieve convergence from 9.5305778783149559e-08 to 9.5305778783247219e-08 seconds.
Warning: Simulation tolerance relaxed to achieve convergence from 9.5305778783247219e-08 to 9.5305778783344879e-08 seconds.
Warning: Simulation tolerance relaxed to achieve convergence from 9.5305778783344879e-08 to 9.5305778783442540e-08 seconds.
Warning: Simulation tolerance relaxed to achieve convergence from 9.5305778783442540e-08 to 9.5305778783540200e-08 seconds.
Warning: Simulation tolerance relaxed to achieve convergence from 9.5305778783540200e-08 to 9.5305778783637860e-08 seconds.
Warning: Simulation tolerance relaxed to achieve convergence from 9.5305778783637860e-08 to 9.5305778783735520e-08 seconds.
Warning: Simulation tolerance relaxed to achieve convergence from 9.5305778783735520e-08 to 9.5305778783833181e-08 seconds.
Warning: Simulation tolerance relaxed to achieve convergence from 9.5305778783833181e-08 to 9.5305778783930841e-08 seconds.
Warning: Simulation tolerance relaxed to achieve convergence from 9.5305778783930841e-08 to 9.5305778784028501e-08 seconds.
Warning: Simulation tolerance relaxed to achieve convergence from 9.5305778784028501e-08 to 9.5305778784126161e-08 seconds.
Warning: Simulation tolerance relaxed to achieve convergence from 9.5305778784126161e-08 to 9.5305778784223822e-08 seconds.
Warning: Simulation tolerance relaxed to achieve convergence from 9.5305778784223822e-08 to 9.5305778784321482e-08 seconds.
Warning: Simulation tolerance relaxed to achieve convergence from 9.5305778784321482e-08 to 9.5305778784419142e-08 seconds.
Warning: Simulation tolerance relaxed to achieve convergence from 9.5305778784419142e-08 to 9.5305778784516802e-08 seconds.
Warning: Simulation tolerance relaxed to achieve convergence from 9.5305778784516802e-08 to 9.5305778784614463e-08 seconds.
Warning: Simulation tolerance relaxed to achieve convergence from 9.5305778784614463e-08 to 9.5305778784712123e-08 seconds.
Warning: Simulation tolerance relaxed to achieve convergence from 9.5305778784712123e-08 to 9.5305778784809783e-08 seconds.
Warning: Simulation tolerance relaxed to achieve convergence from 9.5305778784809783e-08 to 9.5305778784907443e-08 seconds.
Warning: Simulation tolerance relaxed to achieve convergence from 9.5305778784907443e-08 to 9.5305778785005104e-08 seconds.
Warning: Simulation tolerance relaxed to achieve convergence from 9.5305778785005104e-08 to 9.5305778785102764e-08 seconds.
Warning: Simulation tolerance relaxed to achieve convergence from 9.5305778785102764e-08 to 9.5305778785200424e-08 seconds.
Warning: Simulation tolerance relaxed to achieve convergence from 9.5305778785200424e-08 to 9.5305778785298084e-08 seconds.
Warning: Simulation tolerance relaxed to achieve convergence from 9.5305778785298084e-08 to 9.5305778785395745e-08 seconds.
Warning: Simulation tolerance relaxed to achieve convergence from 9.5305778785395745e-08 to 9.5305778785493405e-08 seconds.
Warning: Simulation tolerance relaxed to achieve convergence from 9.5305778785493405e-08 to 9.5305778785591065e-08 seconds.
Warning: Simulation tolerance relaxed to achieve convergence from 9.5305778785591065e-08 to 9.5305778785688725e-08 seconds.
Warning: Simulation tolerance relaxed to achieve convergence from 9.5305778785688725e-08 to 9.5305778785786386e-08 seconds.
Warning: Simulation tolerance relaxed to achieve convergence from 9.5305778785786386e-08 to 9.5305778785884046e-08 seconds.
Warning: Simulation tolerance relaxed to achieve convergence from 9.5305778785884046e-08 to 9.5305778785981706e-08 seconds.
Warning: Simulation tolerance relaxed to achieve convergence from 9.5305778785981706e-08 to 9.5305778786079366e-08 seconds.
Warning: Simulation tolerance relaxed to achieve convergence from 9.5305778786079366e-08 to 9.5305778786177027e-08 seconds.
Warning: Simulation tolerance relaxed to achieve convergence from 9.5305778786177027e-08 to 9.5305778786274687e-08 seconds.
Warning: Simulation tolerance relaxed to achieve convergence from 9.5305778786274687e-08 to 9.5305778786372347e-08 seconds.
Warning: Simulation tolerance relaxed to achieve convergence from 9.5305778786372347e-08 to 9.5305778786470007e-08 seconds.
Warning: Simulation tolerance relaxed to achieve convergence from 9.5305778786470007e-08 to 9.5305778786567668e-08 seconds.
Warning: Simulation tolerance relaxed to achieve convergence from 9.5305778786567668e-08 to 9.5305778786665328e-08 seconds.
Warning: Simulation tolerance relaxed to achieve convergence from 9.5305778786665328e-08 to 9.5305778786762988e-08 seconds.
Warning: Simulation tolerance relaxed to achieve convergence from 9.5305778786762988e-08 to 9.5305778786860648e-08 seconds.
Warning: Simulation tolerance relaxed to achieve convergence from 9.5305778786860648e-08 to 9.5305778786958309e-08 seconds.
Warning: Simulation tolerance relaxed to achieve convergence from 9.5305778786958309e-08 to 9.5305778787055969e-08 seconds.
Warning: Simulation tolerance relaxed to achieve convergence from 9.5305778787055969e-08 to 9.5305778787153629e-08 seconds.
Warning: Simulation tolerance relaxed to achieve convergence from 9.5305778787153629e-08 to 9.5305778787251289e-08 seconds.
Warning: Simulation tolerance relaxed to achieve convergence from 9.5305778787251289e-08 to 9.5305778787348950e-08 seconds.
Warning: Simulation tolerance relaxed to achieve convergence from 9.5305778787348950e-08 to 9.5305778787446610e-08 seconds.
Warning: Simulation tolerance relaxed to achieve convergence from 9.5305778787446610e-08 to 9.5305778787544270e-08 seconds.
Warning: Simulation tolerance relaxed to achieve convergence from 9.5305778787544270e-08 to 9.5305778787641930e-08 seconds.
Warning: Simulation tolerance relaxed to achieve convergence from 9.5305778787641930e-08 to 9.5305778787739591e-08 seconds.
Warning: Simulation tolerance relaxed to achieve convergence from 9.5305778787739591e-08 to 9.5305778787837251e-08 seconds.
Warning: Simulation tolerance relaxed to achieve convergence from 9.5305778787837251e-08 to 9.5305778787934911e-08 seconds.
Warning: Simulation tolerance relaxed to achieve convergence from 9.5305778787934911e-08 to 9.5305778788032571e-08 seconds.
Warning: Simulation tolerance relaxed to achieve convergence from 9.5305778788032571e-08 to 9.5305778788130232e-08 seconds.
Warning: Simulation tolerance relaxed to achieve convergence from 9.5305778788130232e-08 to 9.5305778788227892e-08 seconds.
Warning: Simulation tolerance relaxed to achieve convergence from 9.5305778788227892e-08 to 9.5305778788325552e-08 seconds.
Warning: Simulation tolerance relaxed to achieve convergence from 9.5305778788325552e-08 to 9.5305778788423212e-08 seconds.
Warning: Simulation tolerance relaxed to achieve convergence from 9.5305778788423212e-08 to 9.5305778788520873e-08 seconds.
Warning: Simulation tolerance relaxed to achieve convergence from 9.5305778788520873e-08 to 9.5305778788618533e-08 seconds.
Warning: Simulation tolerance relaxed to achieve convergence from 9.5305778788618533e-08 to 9.5305778788716193e-08 seconds.
Warning: Simulation tolerance relaxed to achieve convergence from 9.5305778788716193e-08 to 9.5305778788813853e-08 seconds.
Warning: Simulation tolerance relaxed to achieve convergence from 9.5305778788813853e-08 to 9.5305778788911514e-08 seconds.
Warning: Simulation tolerance relaxed to achieve convergence from 9.5305778788911514e-08 to 9.5305778789009174e-08 seconds.
Warning: Simulation tolerance relaxed to achieve convergence from 9.5305778789009174e-08 to 9.5305778789106834e-08 seconds.
Warning: Simulation tolerance relaxed to achieve convergence from 9.5305778789106834e-08 to 9.5305778789204494e-08 seconds.
Warning: Simulation tolerance relaxed to achieve convergence from 9.5305778789204494e-08 to 9.5305778789302155e-08 seconds.
Warning: Simulation tolerance relaxed to achieve convergence from 9.5305778789302155e-08 to 9.5305778789399815e-08 seconds.
Warning: Simulation tolerance relaxed to achieve convergence from 9.5305778789399815e-08 to 9.5305778789497475e-08 seconds.
Warning: Simulation tolerance relaxed to achieve convergence from 9.5305778789497475e-08 to 9.5305778789595135e-08 seconds.
Warning: Simulation tolerance relaxed to achieve convergence from 9.5305778789595135e-08 to 9.5305778789692796e-08 seconds.
Warning: Simulation tolerance relaxed to achieve convergence from 9.5305778789692796e-08 to 9.5305778789790456e-08 seconds.
Warning: Simulation tolerance relaxed to achieve convergence from 9.5305778789790456e-08 to 9.5305778789888116e-08 seconds.
Warning: Simulation tolerance relaxed to achieve convergence from 9.5305778789888116e-08 to 9.5305778789985776e-08 seconds.
Warning: Simulation tolerance relaxed to achieve convergence from 9.5305778789985776e-08 to 9.5305778790083437e-08 seconds.
Warning: Simulation tolerance relaxed to achieve convergence from 9.5305778790083437e-08 to 9.5305778790181097e-08 seconds.
Warning: Simulation tolerance relaxed to achieve convergence from 9.5305778790181097e-08 to 9.5305778790278757e-08 seconds.
Warning: Simulation tolerance relaxed to achieve convergence from 9.5305778790278757e-08 to 9.5305778790376417e-08 seconds.
Warning: Simulation tolerance relaxed to achieve convergence from 9.5305778790376417e-08 to 9.5305778790474078e-08 seconds.
Warning: Simulation tolerance relaxed to achieve convergence from 9.5305778790474078e-08 to 9.5305778790571738e-08 seconds.
Warning: Simulation tolerance relaxed to achieve convergence from 9.5305778790571738e-08 to 9.5305778790669398e-08 seconds.
Warning: Simulation tolerance relaxed to achieve convergence from 9.5305778790669398e-08 to 9.5305778790767059e-08 seconds.
Warning: Simulation tolerance relaxed to achieve convergence from 9.5305778790767059e-08 to 9.5305778790864719e-08 seconds.
Warning: Simulation tolerance relaxed to achieve convergence from 9.5305778790864719e-08 to 9.5305778790962379e-08 seconds.
Warning: Simulation tolerance relaxed to achieve convergence from 9.5305778790962379e-08 to 9.5305778791060039e-08 seconds.
Warning: Simulation tolerance relaxed to achieve convergence from 9.5305778791060039e-08 to 9.5305778791157700e-08 seconds.
Warning: Simulation tolerance relaxed to achieve convergence from 9.5305778791157700e-08 to 9.5305778791255360e-08 seconds.
Warning: Simulation tolerance relaxed to achieve convergence from 9.5305778791255360e-08 to 9.5305778791353020e-08 seconds.
Warning: Simulation tolerance relaxed to achieve convergence from 9.5305778791353020e-08 to 9.5305778791450680e-08 seconds.
Warning: Simulation tolerance relaxed to achieve convergence from 9.5305778791450680e-08 to 9.5305778791548341e-08 seconds.
Warning: Simulation tolerance relaxed to achieve convergence from 9.5305778791548341e-08 to 9.5305778791646001e-08 seconds.
Warning: Simulation tolerance relaxed to achieve convergence from 9.5305778791646001e-08 to 9.5305778791743661e-08 seconds.
Warning: Simulation tolerance relaxed to achieve convergence from 9.5305778791743661e-08 to 9.5305778791841321e-08 seconds.
Warning: Simulation tolerance relaxed to achieve convergence from 9.5305778791841321e-08 to 9.5305778791938982e-08 seconds.
Warning: Simulation tolerance relaxed to achieve convergence from 9.5305778791938982e-08 to 9.5305778792036642e-08 seconds.
Warning: Simulation tolerance relaxed to achieve convergence from 9.5305778792036642e-08 to 9.5305778792134302e-08 seconds.
Warning: Simulation tolerance relaxed to achieve convergence from 9.5305778792134302e-08 to 9.5305778792231962e-08 seconds.
Warning: Simulation tolerance relaxed to achieve convergence from 9.5305778792231962e-08 to 9.5305778792329623e-08 seconds.
Warning: Simulation tolerance relaxed to achieve convergence from 9.5305778792329623e-08 to 9.5305778792427283e-08 seconds.
Warning: Simulation tolerance relaxed to achieve convergence from 9.5305778792427283e-08 to 9.5305778792524943e-08 seconds.
Warning: Simulation tolerance relaxed to achieve convergence from 9.5305778792524943e-08 to 9.5305778792622603e-08 seconds.
Warning: Simulation tolerance relaxed to achieve convergence from 9.5305778792622603e-08 to 9.5305778792720264e-08 seconds.
Warning: Simulation tolerance relaxed to achieve convergence from 9.5305778792720264e-08 to 9.5305778792817924e-08 seconds.
Warning: Simulation tolerance relaxed to achieve convergence from 9.5305778792817924e-08 to 9.5305778792915584e-08 seconds.
Warning: Simulation tolerance relaxed to achieve convergence from 9.5305778792915584e-08 to 9.5305778793013244e-08 seconds.
Warning: Simulation tolerance relaxed to achieve convergence from 9.5305778793013244e-08 to 9.5305778793110905e-08 seconds.
Warning: Simulation tolerance relaxed to achieve convergence from 9.5305778793110905e-08 to 9.5305778793208565e-08 seconds.
Warning: Simulation tolerance relaxed to achieve convergence from 9.5305778793208565e-08 to 9.5305778793306225e-08 seconds.
Warning: Simulation tolerance relaxed to achieve convergence from 9.5305778793306225e-08 to 9.5305778793403885e-08 seconds.
Warning: Simulation tolerance relaxed to achieve convergence from 9.5305778793403885e-08 to 9.5305778793501546e-08 seconds.
Warning: Simulation tolerance relaxed to achieve convergence from 9.5305778793501546e-08 to 9.5305778793599206e-08 seconds.
Warning: Simulation tolerance relaxed to achieve convergence from 9.5305778793599206e-08 to 9.5305778793696866e-08 seconds.
Warning: Simulation tolerance relaxed to achieve convergence from 9.5305778793696866e-08 to 9.5305778793794526e-08 seconds.
Warning: Simulation tolerance relaxed to achieve convergence from 9.5305778793794526e-08 to 9.5305778793892187e-08 seconds.
Warning: Simulation tolerance relaxed to achieve convergence from 9.5305778793892187e-08 to 9.5305778793989847e-08 seconds.
Warning: Simulation tolerance relaxed to achieve convergence from 9.5305778793989847e-08 to 9.5305778794087507e-08 seconds.
Warning: Simulation tolerance relaxed to achieve convergence from 9.5305778794087507e-08 to 9.5305778794185167e-08 seconds.
Warning: Simulation tolerance relaxed to achieve convergence from 9.5305778794185167e-08 to 9.5305778794282828e-08 seconds.
Warning: Simulation tolerance relaxed to achieve convergence from 9.5305778794282828e-08 to 9.5305778794380488e-08 seconds.
Warning: Simulation tolerance relaxed to achieve convergence from 9.5305778794380488e-08 to 9.5305778794478148e-08 seconds.
Warning: Simulation tolerance relaxed to achieve convergence from 9.5305778794478148e-08 to 9.5305778794575808e-08 seconds.
Warning: Simulation tolerance relaxed to achieve convergence from 9.5305778794575808e-08 to 9.5305778794673469e-08 seconds.
Warning: Simulation tolerance relaxed to achieve convergence from 9.5305778794673469e-08 to 9.5305778794771129e-08 seconds.
Warning: Simulation tolerance relaxed to achieve convergence from 9.5305778794771129e-08 to 9.5305778794868789e-08 seconds.
Warning: Simulation tolerance relaxed to achieve convergence from 9.5305778794868789e-08 to 9.5305778794966449e-08 seconds.
Warning: Simulation tolerance relaxed to achieve convergence from 9.5305778794966449e-08 to 9.5305778795064110e-08 seconds.
Warning: Simulation tolerance relaxed to achieve convergence from 9.5305778795064110e-08 to 9.5305778795161770e-08 seconds.
Warning: Simulation tolerance relaxed to achieve convergence from 9.5305778795161770e-08 to 9.5305778795259430e-08 seconds.
Warning: Simulation tolerance relaxed to achieve convergence from 9.5305778795259430e-08 to 9.5305778795357090e-08 seconds.
Warning: Simulation tolerance relaxed to achieve convergence from 9.5305778795357090e-08 to 9.5305778795454751e-08 seconds.
Warning: Simulation tolerance relaxed to achieve convergence from 9.5305778795454751e-08 to 9.5305778795552411e-08 seconds.
Warning: Simulation tolerance relaxed to achieve convergence from 9.5305778795552411e-08 to 9.5305778795650071e-08 seconds.
Warning: Simulation tolerance relaxed to achieve convergence from 9.5305778795650071e-08 to 9.5305778795747731e-08 seconds.
Warning: Simulation tolerance relaxed to achieve convergence from 9.5305778795747731e-08 to 9.5305778795845392e-08 seconds.
Warning: Simulation tolerance relaxed to achieve convergence from 9.5305778795845392e-08 to 9.5305778795943052e-08 seconds.
Warning: Simulation tolerance relaxed to achieve convergence from 9.5305778795943052e-08 to 9.5305778796040712e-08 seconds.
Warning: Simulation tolerance relaxed to achieve convergence from 9.5305778796040712e-08 to 9.5305778796138372e-08 seconds.
Warning: Simulation tolerance relaxed to achieve convergence from 9.5305778796138372e-08 to 9.5305778796236033e-08 seconds.
Warning: Simulation tolerance relaxed to achieve convergence from 9.5305778796236033e-08 to 9.5305778796333693e-08 seconds.
Warning: Simulation tolerance relaxed to achieve convergence from 9.5305778796333693e-08 to 9.5305778796431353e-08 seconds.
Warning: Simulation tolerance relaxed to achieve convergence from 9.5305778796431353e-08 to 9.5305778796529013e-08 seconds.
Warning: Simulation tolerance relaxed to achieve convergence from 9.5305778796529013e-08 to 9.5305778796626674e-08 seconds.
Warning: Simulation tolerance relaxed to achieve convergence from 9.5305778796626674e-08 to 9.5305778796724334e-08 seconds.
Warning: Simulation tolerance relaxed to achieve convergence from 9.5305778796724334e-08 to 9.5305778796821994e-08 seconds.
Warning: Simulation tolerance relaxed to achieve convergence from 9.5305778796821994e-08 to 9.5305778796919654e-08 seconds.
Warning: Simulation tolerance relaxed to achieve convergence from 9.5305778796919654e-08 to 9.5305778797017315e-08 seconds.
Warning: Simulation tolerance relaxed to achieve convergence from 9.5305778797017315e-08 to 9.5305778797114975e-08 seconds.
Warning: Simulation tolerance relaxed to achieve convergence from 9.5305778797114975e-08 to 9.5305778797212635e-08 seconds.
Warning: Simulation tolerance relaxed to achieve convergence from 9.5305778797212635e-08 to 9.5305778797310295e-08 seconds.
Warning: Simulation tolerance relaxed to achieve convergence from 9.5305778797310295e-08 to 9.5305778797407956e-08 seconds.
Warning: Simulation tolerance relaxed to achieve convergence from 9.5305778797407956e-08 to 9.5305778797505616e-08 seconds.
Warning: Simulation tolerance relaxed to achieve convergence from 9.5305778797505616e-08 to 9.5305778797603276e-08 seconds.
Warning: Simulation tolerance relaxed to achieve convergence from 9.5305778797603276e-08 to 9.5305778797700936e-08 seconds.
Warning: Simulation tolerance relaxed to achieve convergence from 9.5305778797700936e-08 to 9.5305778797798597e-08 seconds.
Warning: Simulation tolerance relaxed to achieve convergence from 9.5305778797798597e-08 to 9.5305778797896257e-08 seconds.
Warning: Simulation tolerance relaxed to achieve convergence from 9.5305778797896257e-08 to 9.5305778797993917e-08 seconds.
Warning: Simulation tolerance relaxed to achieve convergence from 9.5305778797993917e-08 to 9.5305778798091577e-08 seconds.
Warning: Simulation tolerance relaxed to achieve convergence from 9.5305778798091577e-08 to 9.5305778798189238e-08 seconds.
Warning: Simulation tolerance relaxed to achieve convergence from 9.5305778798189238e-08 to 9.5305778798286898e-08 seconds.
Warning: Simulation tolerance relaxed to achieve convergence from 9.5305778798286898e-08 to 9.5305778798384558e-08 seconds.
Warning: Simulation tolerance relaxed to achieve convergence from 9.5305778798384558e-08 to 9.5305778798482218e-08 seconds.
Warning: Simulation tolerance relaxed to achieve convergence from 9.5305778798482218e-08 to 9.5305778798579879e-08 seconds.
Warning: Simulation tolerance relaxed to achieve convergence from 9.5305778798579879e-08 to 9.5305778798677539e-08 seconds.
Warning: Simulation tolerance relaxed to achieve convergence from 9.5305778798677539e-08 to 9.5305778798775199e-08 seconds.
Warning: Simulation tolerance relaxed to achieve convergence from 9.5305778798775199e-08 to 9.5305778798872859e-08 seconds.
Warning: Simulation tolerance relaxed to achieve convergence from 9.5305778798872859e-08 to 9.5305778798970520e-08 seconds.
Warning: Simulation tolerance relaxed to achieve convergence from 9.5305778798970520e-08 to 9.5305778799068180e-08 seconds.
Warning: Simulation tolerance relaxed to achieve convergence from 9.5305778799068180e-08 to 9.5305778799165840e-08 seconds.
Warning: Simulation tolerance relaxed to achieve convergence from 9.5305778799165840e-08 to 9.5305778799263500e-08 seconds.
Warning: Simulation tolerance relaxed to achieve convergence from 9.5305778799263500e-08 to 9.5305778799361161e-08 seconds.
Warning: Simulation tolerance relaxed to achieve convergence from 9.5305778799361161e-08 to 9.5305778799458821e-08 seconds.
Warning: Simulation tolerance relaxed to achieve convergence from 9.5305778799458821e-08 to 9.5305778799556481e-08 seconds.
Warning: Simulation tolerance relaxed to achieve convergence from 9.5305778799556481e-08 to 9.5305778799654141e-08 seconds.
Warning: Simulation tolerance relaxed to achieve convergence from 9.5305778799654141e-08 to 9.5305778799751802e-08 seconds.
Warning: Simulation tolerance relaxed to achieve convergence from 9.5305778799751802e-08 to 9.5305778799849462e-08 seconds.
Warning: Simulation tolerance relaxed to achieve convergence from 9.5305778799849462e-08 to 9.5305778799947122e-08 seconds.
Warning: Simulation tolerance relaxed to achieve convergence from 9.5305778799947122e-08 to 9.5305778800044782e-08 seconds.
Warning: Simulation tolerance relaxed to achieve convergence from 9.5305778800044782e-08 to 9.5305778800142443e-08 seconds.
Warning: Simulation tolerance relaxed to achieve convergence from 9.5305778800142443e-08 to 9.5305778800240103e-08 seconds.
Warning: Simulation tolerance relaxed to achieve convergence from 9.5305778800240103e-08 to 9.5305778800337763e-08 seconds.
Warning: Simulation tolerance relaxed to achieve convergence from 9.5305778800337763e-08 to 9.5305778800435423e-08 seconds.
Warning: Simulation tolerance relaxed to achieve convergence from 9.5305778800435423e-08 to 9.5305778800533084e-08 seconds.
Warning: Simulation tolerance relaxed to achieve convergence from 9.5305778800533084e-08 to 9.5305778800630744e-08 seconds.
Warning: Simulation tolerance relaxed to achieve convergence from 9.5305778800630744e-08 to 9.5305778800728404e-08 seconds.
Warning: Simulation tolerance relaxed to achieve convergence from 9.5305778800728404e-08 to 9.5305778800826064e-08 seconds.
Warning: Simulation tolerance relaxed to achieve convergence from 9.5305778800826064e-08 to 9.5305778800923725e-08 seconds.
Warning: Simulation tolerance relaxed to achieve convergence from 9.5305778800923725e-08 to 9.5305778801021385e-08 seconds.
Warning: Simulation tolerance relaxed to achieve convergence from 9.5305778801021385e-08 to 9.5305778801119045e-08 seconds.
Warning: Simulation tolerance relaxed to achieve convergence from 9.5305778801119045e-08 to 9.5305778801216705e-08 seconds.
Warning: Simulation tolerance relaxed to achieve convergence from 9.5305778801216705e-08 to 9.5305778801314366e-08 seconds.
Warning: Simulation tolerance relaxed to achieve convergence from 9.5305778801314366e-08 to 9.5305778801412026e-08 seconds.
Warning: Simulation tolerance relaxed to achieve convergence from 9.5305778801412026e-08 to 9.5305778801509686e-08 seconds.
Warning: Simulation tolerance relaxed to achieve convergence from 9.5305778801509686e-08 to 9.5305778801607346e-08 seconds.
Warning: Simulation tolerance relaxed to achieve convergence from 9.5305778801607346e-08 to 9.5305778801705007e-08 seconds.
Warning: Simulation tolerance relaxed to achieve convergence from 9.5305778801705007e-08 to 9.5305778801802667e-08 seconds.
Warning: Simulation tolerance relaxed to achieve convergence from 9.5305778801802667e-08 to 9.5305778801900327e-08 seconds.
Warning: Simulation tolerance relaxed to achieve convergence from 9.5305778801900327e-08 to 9.5305778801997987e-08 seconds.
Warning: Simulation tolerance relaxed to achieve convergence from 9.5305778801997987e-08 to 9.5305778802095648e-08 seconds.
Warning: Simulation tolerance relaxed to achieve convergence from 9.5305778802095648e-08 to 9.5305778802193308e-08 seconds.
Warning: Simulation tolerance relaxed to achieve convergence from 9.5305778802193308e-08 to 9.5305778802290968e-08 seconds.
Warning: Simulation tolerance relaxed to achieve convergence from 9.5305778802290968e-08 to 9.5305778802388628e-08 seconds.
Warning: Simulation tolerance relaxed to achieve convergence from 9.5305778802388628e-08 to 9.5305778802486289e-08 seconds.
Warning: Simulation tolerance relaxed to achieve convergence from 9.5305778802486289e-08 to 9.5305778802583949e-08 seconds.
Warning: Simulation tolerance relaxed to achieve convergence from 9.5305778802583949e-08 to 9.5305778802681609e-08 seconds.
Warning: Simulation tolerance relaxed to achieve convergence from 9.5305778802681609e-08 to 9.5305778802779269e-08 seconds.
Warning: Simulation tolerance relaxed to achieve convergence from 9.5305778802779269e-08 to 9.5305778802876930e-08 seconds.
Warning: Simulation tolerance relaxed to achieve convergence from 9.5305778802876930e-08 to 9.5305778802974590e-08 seconds.
Warning: Simulation tolerance relaxed to achieve convergence from 9.5305778802974590e-08 to 9.5305778803072250e-08 seconds.
Warning: Simulation tolerance relaxed to achieve convergence from 9.5305778803072250e-08 to 9.5305778803169910e-08 seconds.
Warning: Simulation tolerance relaxed to achieve convergence from 9.5305778803169910e-08 to 9.5305778803267571e-08 seconds.
Warning: Simulation tolerance relaxed to achieve convergence from 9.5305778803267571e-08 to 9.5305778803365231e-08 seconds.
Warning: Simulation tolerance relaxed to achieve convergence from 9.5305778803365231e-08 to 9.5305778803462891e-08 seconds.
Warning: Simulation tolerance relaxed to achieve convergence from 9.5305778803462891e-08 to 9.5305778803560551e-08 seconds.
Warning: Simulation tolerance relaxed to achieve convergence from 9.5305778803560551e-08 to 9.5305778803658212e-08 seconds.
Warning: Simulation tolerance relaxed to achieve convergence from 9.5305778803658212e-08 to 9.5305778803755872e-08 seconds.
Warning: Simulation tolerance relaxed to achieve convergence from 9.5305778803755872e-08 to 9.5305778803853532e-08 seconds.
Warning: Simulation tolerance relaxed to achieve convergence from 9.5305778803853532e-08 to 9.5305778803951192e-08 seconds.
Warning: Simulation tolerance relaxed to achieve convergence from 9.5305778803951192e-08 to 9.5305778804048853e-08 seconds.
Warning: Simulation tolerance relaxed to achieve convergence from 9.5305778804048853e-08 to 9.5305778804146513e-08 seconds.
Warning: Simulation tolerance relaxed to achieve convergence from 9.5305778804146513e-08 to 9.5305778804244173e-08 seconds.
Warning: Simulation tolerance relaxed to achieve convergence from 9.5305778804244173e-08 to 9.5305778804341834e-08 seconds.
Warning: Simulation tolerance relaxed to achieve convergence from 9.5305778804341834e-08 to 9.5305778804439494e-08 seconds.
Warning: Simulation tolerance relaxed to achieve convergence from 9.5305778804439494e-08 to 9.5305778804537154e-08 seconds.
Warning: Simulation tolerance relaxed to achieve convergence from 9.5305778804537154e-08 to 9.5305778804634814e-08 seconds.
Warning: Simulation tolerance relaxed to achieve convergence from 9.5305778804634814e-08 to 9.5305778804732475e-08 seconds.
Warning: Simulation tolerance relaxed to achieve convergence from 9.5305778804732475e-08 to 9.5305778804830135e-08 seconds.
Warning: Simulation tolerance relaxed to achieve convergence from 9.5305778804830135e-08 to 9.5305778804927795e-08 seconds.
Warning: Simulation tolerance relaxed to achieve convergence from 9.5305778804927795e-08 to 9.5305778805025455e-08 seconds.
Warning: Simulation tolerance relaxed to achieve convergence from 9.5305778805025455e-08 to 9.5305778805123116e-08 seconds.
Warning: Simulation tolerance relaxed to achieve convergence from 9.5305778805123116e-08 to 9.5305778805220776e-08 seconds.
Warning: Simulation tolerance relaxed to achieve convergence from 9.5305778805220776e-08 to 9.5305778805318436e-08 seconds.
Warning: Simulation tolerance relaxed to achieve convergence from 9.5305778805318436e-08 to 9.5305778805416096e-08 seconds.
Warning: Simulation tolerance relaxed to achieve convergence from 9.5305778805416096e-08 to 9.5305778805513757e-08 seconds.
Warning: Simulation tolerance relaxed to achieve convergence from 9.5305778805513757e-08 to 9.5305778805611417e-08 seconds.
Warning: Simulation tolerance relaxed to achieve convergence from 9.5305778805611417e-08 to 9.5305778805709077e-08 seconds.
Warning: Simulation tolerance relaxed to achieve convergence from 9.5305778805709077e-08 to 9.5305778805806737e-08 seconds.
Warning: Simulation tolerance relaxed to achieve convergence from 9.5305778805806737e-08 to 9.5305778805904398e-08 seconds.
Warning: Simulation tolerance relaxed to achieve convergence from 9.5305778805904398e-08 to 9.5305778806002058e-08 seconds.
Warning: Simulation tolerance relaxed to achieve convergence from 9.5305778806002058e-08 to 9.5305778806099718e-08 seconds.
Warning: Simulation tolerance relaxed to achieve convergence from 9.5305778806099718e-08 to 9.5305778806197378e-08 seconds.
Warning: Simulation tolerance relaxed to achieve convergence from 9.5305778806197378e-08 to 9.5305778806295039e-08 seconds.
Warning: Simulation tolerance relaxed to achieve convergence from 9.5305778806295039e-08 to 9.5305778806392699e-08 seconds.
Warning: Simulation tolerance relaxed to achieve convergence from 9.5305778806392699e-08 to 9.5305778806490359e-08 seconds.
Warning: Simulation tolerance relaxed to achieve convergence from 9.5305778806490359e-08 to 9.5305778806588019e-08 seconds.
Warning: Simulation tolerance relaxed to achieve convergence from 9.5305778806588019e-08 to 9.5305778806685680e-08 seconds.
Warning: Simulation tolerance relaxed to achieve convergence from 9.5305778806685680e-08 to 9.5305778806783340e-08 seconds.
Warning: Simulation tolerance relaxed to achieve convergence from 9.5305778806783340e-08 to 9.5305778806881000e-08 seconds.
Warning: Simulation tolerance relaxed to achieve convergence from 9.5305778806881000e-08 to 9.5305778806978660e-08 seconds.
Warning: Simulation tolerance relaxed to achieve convergence from 9.5305778806978660e-08 to 9.5305778807076321e-08 seconds.
Warning: Simulation tolerance relaxed to achieve convergence from 9.5305778807076321e-08 to 9.5305778807173981e-08 seconds.
Warning: Simulation tolerance relaxed to achieve convergence from 9.5305778807173981e-08 to 9.5305778807271641e-08 seconds.
Warning: Simulation tolerance relaxed to achieve convergence from 9.5305778807271641e-08 to 9.5305778807369301e-08 seconds.
Warning: Simulation tolerance relaxed to achieve convergence from 9.5305778807369301e-08 to 9.5305778807466962e-08 seconds.
Warning: Simulation tolerance relaxed to achieve convergence from 9.5305778807466962e-08 to 9.5305778807564622e-08 seconds.
Warning: Simulation tolerance relaxed to achieve convergence from 9.5305778807564622e-08 to 9.5305778807662282e-08 seconds.
Warning: Simulation tolerance relaxed to achieve convergence from 9.5305778807662282e-08 to 9.5305778807759942e-08 seconds.
Warning: Simulation tolerance relaxed to achieve convergence from 9.5305778807759942e-08 to 9.5305778807857603e-08 seconds.
Warning: Simulation tolerance relaxed to achieve convergence from 9.5305778807857603e-08 to 9.5305778807955263e-08 seconds.
Warning: Simulation tolerance relaxed to achieve convergence from 9.5305778807955263e-08 to 9.5305778808052923e-08 seconds.
Warning: Simulation tolerance relaxed to achieve convergence from 9.5305778808052923e-08 to 9.5305778808150583e-08 seconds.
Warning: Simulation tolerance relaxed to achieve convergence from 9.5305778808150583e-08 to 9.5305778808248244e-08 seconds.
Warning: Simulation tolerance relaxed to achieve convergence from 9.5305778808248244e-08 to 9.5305778808345904e-08 seconds.
Warning: Simulation tolerance relaxed to achieve convergence from 9.5305778808345904e-08 to 9.5305778808443564e-08 seconds.
Warning: Simulation tolerance relaxed to achieve convergence from 9.5305778808443564e-08 to 9.5305778808541224e-08 seconds.
Warning: Simulation tolerance relaxed to achieve convergence from 9.5305778808541224e-08 to 9.5305778808638885e-08 seconds.
Warning: Simulation tolerance relaxed to achieve convergence from 9.5305778808638885e-08 to 9.5305778808736545e-08 seconds.
Warning: Simulation tolerance relaxed to achieve convergence from 9.5305778808736545e-08 to 9.5305778808834205e-08 seconds.
Warning: Simulation tolerance relaxed to achieve convergence from 9.5305778808834205e-08 to 9.5305778808931865e-08 seconds.
Warning: Simulation tolerance relaxed to achieve convergence from 9.5305778808931865e-08 to 9.5305778809029526e-08 seconds.
Warning: Simulation tolerance relaxed to achieve convergence from 9.5305778809029526e-08 to 9.5305778809127186e-08 seconds.
Warning: Simulation tolerance relaxed to achieve convergence from 9.5305778809127186e-08 to 9.5305778809224846e-08 seconds.
Warning: Simulation tolerance relaxed to achieve convergence from 9.5305778809224846e-08 to 9.5305778809322506e-08 seconds.
Warning: Simulation tolerance relaxed to achieve convergence from 9.5305778809322506e-08 to 9.5305778809420167e-08 seconds.
Warning: Simulation tolerance relaxed to achieve convergence from 9.5305778809420167e-08 to 9.5305778809517827e-08 seconds.
Warning: Simulation tolerance relaxed to achieve convergence from 9.5305778809517827e-08 to 9.5305778809615487e-08 seconds.
Warning: Simulation tolerance relaxed to achieve convergence from 9.5305778809615487e-08 to 9.5305778809713147e-08 seconds.
Warning: Simulation tolerance relaxed to achieve convergence from 9.5305778809713147e-08 to 9.5305778809810808e-08 seconds.
Warning: Simulation tolerance relaxed to achieve convergence from 9.5305778809810808e-08 to 9.5305778809908468e-08 seconds.
Warning: Simulation tolerance relaxed to achieve convergence from 9.5305778809908468e-08 to 9.5305778810006128e-08 seconds.
Warning: Simulation tolerance relaxed to achieve convergence from 9.5305778810006128e-08 to 9.5305778810103788e-08 seconds.
Warning: Simulation tolerance relaxed to achieve convergence from 9.5305778810103788e-08 to 9.5305778810201449e-08 seconds.
Warning: Simulation tolerance relaxed to achieve convergence from 9.5305778810201449e-08 to 9.5305778810299109e-08 seconds.
Warning: Simulation tolerance relaxed to achieve convergence from 9.5305778810299109e-08 to 9.5305778810396769e-08 seconds.
Warning: Simulation tolerance relaxed to achieve convergence from 9.5305778810396769e-08 to 9.5305778810494429e-08 seconds.
Warning: Simulation tolerance relaxed to achieve convergence from 9.5305778810494429e-08 to 9.5305778810592090e-08 seconds.
Warning: Simulation tolerance relaxed to achieve convergence from 9.5305778810592090e-08 to 9.5305778810689750e-08 seconds.
Warning: Simulation tolerance relaxed to achieve convergence from 9.5305778810689750e-08 to 9.5305778810787410e-08 seconds.
Warning: Simulation tolerance relaxed to achieve convergence from 9.5305778810787410e-08 to 9.5305778810885070e-08 seconds.
Warning: Simulation tolerance relaxed to achieve convergence from 9.5305778810885070e-08 to 9.5305778810982731e-08 seconds.
Warning: Simulation tolerance relaxed to achieve convergence from 9.5305778810982731e-08 to 9.5305778811080391e-08 seconds.
Warning: Simulation tolerance relaxed to achieve convergence from 9.5305778811080391e-08 to 9.5305778811178051e-08 seconds.
Warning: Simulation tolerance relaxed to achieve convergence from 9.5305778811178051e-08 to 9.5305778811275711e-08 seconds.
Warning: Simulation tolerance relaxed to achieve convergence from 9.5305778811275711e-08 to 9.5305778811373372e-08 seconds.
Warning: Simulation tolerance relaxed to achieve convergence from 9.5305778811373372e-08 to 9.5305778811471032e-08 seconds.
Warning: Simulation tolerance relaxed to achieve convergence from 9.5305778811471032e-08 to 9.5305778811568692e-08 seconds.
Warning: Simulation tolerance relaxed to achieve convergence from 9.5305778811568692e-08 to 9.5305778811666352e-08 seconds.
Warning: Simulation tolerance relaxed to achieve convergence from 9.5305778811666352e-08 to 9.5305778811764013e-08 seconds.
Warning: Simulation tolerance relaxed to achieve convergence from 9.5305778811764013e-08 to 9.5305778811861673e-08 seconds.
Warning: Simulation tolerance relaxed to achieve convergence from 9.5305778811861673e-08 to 9.5305778811959333e-08 seconds.
Warning: Simulation tolerance relaxed to achieve convergence from 9.5305778811959333e-08 to 9.5305778812056993e-08 seconds.
Warning: Simulation tolerance relaxed to achieve convergence from 9.5305778812056993e-08 to 9.5305778812154654e-08 seconds.
Warning: Simulation tolerance relaxed to achieve convergence from 9.5305778812154654e-08 to 9.5305778812252314e-08 seconds.
Warning: Simulation tolerance relaxed to achieve convergence from 9.5305778812252314e-08 to 9.5305778812349974e-08 seconds.
Warning: Simulation tolerance relaxed to achieve convergence from 9.5305778812349974e-08 to 9.5305778812447634e-08 seconds.
Warning: Simulation tolerance relaxed to achieve convergence from 9.5305778812447634e-08 to 9.5305778812545295e-08 seconds.
Warning: Simulation tolerance relaxed to achieve convergence from 9.5305778812545295e-08 to 9.5305778812642955e-08 seconds.
Warning: Simulation tolerance relaxed to achieve convergence from 9.5305778812642955e-08 to 9.5305778812740615e-08 seconds.
Warning: Simulation tolerance relaxed to achieve convergence from 9.5305778812740615e-08 to 9.5305778812838275e-08 seconds.
Warning: Simulation tolerance relaxed to achieve convergence from 9.5305778812838275e-08 to 9.5305778812935936e-08 seconds.
Warning: Simulation tolerance relaxed to achieve convergence from 9.5305778812935936e-08 to 9.5305778813033596e-08 seconds.
Warning: Simulation tolerance relaxed to achieve convergence from 9.5305778813033596e-08 to 9.5305778813131256e-08 seconds.
Warning: Simulation tolerance relaxed to achieve convergence from 9.5305778813131256e-08 to 9.5305778813228916e-08 seconds.
Warning: Simulation tolerance relaxed to achieve convergence from 9.5305778813228916e-08 to 9.5305778813326577e-08 seconds.
Warning: Simulation tolerance relaxed to achieve convergence from 9.5305778813326577e-08 to 9.5305778813424237e-08 seconds.
Warning: Simulation tolerance relaxed to achieve convergence from 9.5305778813424237e-08 to 9.5305778813521897e-08 seconds.
Warning: Simulation tolerance relaxed to achieve convergence from 9.5305778813521897e-08 to 9.5305778813619557e-08 seconds.
Warning: Simulation tolerance relaxed to achieve convergence from 9.5305778813619557e-08 to 9.5305778813717218e-08 seconds.
Warning: Simulation tolerance relaxed to achieve convergence from 9.5305778813717218e-08 to 9.5305778813814878e-08 seconds.
Warning: Simulation tolerance relaxed to achieve convergence from 9.5305778813814878e-08 to 9.5305778813912538e-08 seconds.
Warning: Simulation tolerance relaxed to achieve convergence from 9.5305778813912538e-08 to 9.5305778814010198e-08 seconds.
Warning: Simulation tolerance relaxed to achieve convergence from 9.5305778814010198e-08 to 9.5305778814107859e-08 seconds.
Warning: Simulation tolerance relaxed to achieve convergence from 9.5305778814107859e-08 to 9.5305778814205519e-08 seconds.
Warning: Simulation tolerance relaxed to achieve convergence from 9.5305778814205519e-08 to 9.5305778814303179e-08 seconds.
Warning: Simulation tolerance relaxed to achieve convergence from 9.5305778814303179e-08 to 9.5305778814400839e-08 seconds.
Warning: Simulation tolerance relaxed to achieve convergence from 9.5305778814400839e-08 to 9.5305778814498500e-08 seconds.
Warning: Simulation tolerance relaxed to achieve convergence from 9.5305778814498500e-08 to 9.5305778814596160e-08 seconds.
Warning: Simulation tolerance relaxed to achieve convergence from 9.5305778814596160e-08 to 9.5305778814693820e-08 seconds.
Warning: Simulation tolerance relaxed to achieve convergence from 9.5305778814693820e-08 to 9.5305778814791480e-08 seconds.
Warning: Simulation tolerance relaxed to achieve convergence from 9.5305778814791480e-08 to 9.5305778814889141e-08 seconds.
Warning: Simulation tolerance relaxed to achieve convergence from 9.5305778814889141e-08 to 9.5305778814986801e-08 seconds.
Warning: Simulation tolerance relaxed to achieve convergence from 9.5305778814986801e-08 to 9.5305778815084461e-08 seconds.
Warning: Simulation tolerance relaxed to achieve convergence from 9.5305778815084461e-08 to 9.5305778815182121e-08 seconds.
Warning: Simulation tolerance relaxed to achieve convergence from 9.5305778815182121e-08 to 9.5305778815279782e-08 seconds.
Warning: Simulation tolerance relaxed to achieve convergence from 9.5305778815279782e-08 to 9.5305778815377442e-08 seconds.
Warning: Simulation tolerance relaxed to achieve convergence from 9.5305778815377442e-08 to 9.5305778815475102e-08 seconds.
Warning: Simulation tolerance relaxed to achieve convergence from 9.5305778815475102e-08 to 9.5305778815572762e-08 seconds.
Warning: Simulation tolerance relaxed to achieve convergence from 9.5305778815572762e-08 to 9.5305778815670423e-08 seconds.
Warning: Simulation tolerance relaxed to achieve convergence from 9.7094264793615186e-08 to 9.7094264793712846e-08 seconds.
Total elapsed time: 21.617 seconds.

Files loaded:
C:\Users\yoshinsh.AP\PycharmProjects\forWork\hard-ware\degital_circuit\LTpice\basic\rs-ff\rs-ff-nor.net
C:\Users\yoshinsh.AP\AppData\Local\LTspice\lib\cmp\standard.dio
C:\Users\yoshinsh.AP\AppData\Local\LTspice\lib\cmp\standard.bjt

