LTspice 24.1.9 for Windows
Circuit: C:\Users\yoshinsh.AP\PycharmProjects\forWork\hard-ware\degital_circuit\LTpice\basic\and\and_mos.net
Start Time: Sun Jul 13 15:18:29 2025
solver = Normal
Maximum thread count: 16
tnom = 27
temp = 27
method = trap
C:\Users\yoshinsh.AP\PycharmProjects\forWork\hard-ware\degital_circuit\LTpice\basic\and\and_mos.net(5): Limiting rise time to 2e-10.

V2 Vin_B 0 PULSE(0 5 4n 0 0 2n 6n)
^^^^^^^^^^^^^^^^^^^^^^^^^^^^^^^^^^
C:\Users\yoshinsh.AP\PycharmProjects\forWork\hard-ware\degital_circuit\LTpice\basic\and\and_mos.net(5): Limiting fall time to 2e-10.

V2 Vin_B 0 PULSE(0 5 4n 0 0 2n 6n)
^^^^^^^^^^^^^^^^^^^^^^^^^^^^^^^^^^
C:\Users\yoshinsh.AP\PycharmProjects\forWork\hard-ware\degital_circuit\LTpice\basic\and\and_mos.net(6): Limiting rise time to 2e-10.

V3 Vin_A 0 PULSE(0 5 2n 0 0 2n 6n)
^^^^^^^^^^^^^^^^^^^^^^^^^^^^^^^^^^
C:\Users\yoshinsh.AP\PycharmProjects\forWork\hard-ware\degital_circuit\LTpice\basic\and\and_mos.net(6): Limiting fall time to 2e-10.

V3 Vin_A 0 PULSE(0 5 2n 0 0 2n 6n)
^^^^^^^^^^^^^^^^^^^^^^^^^^^^^^^^^^
Direct Newton iteration for .op point succeeded.
Warning: Simulation tolerance relaxed to achieve convergence from 5.8288573195882867e-16 to 5.8290526320882870e-16 seconds.
Warning: Simulation tolerance relaxed to achieve convergence from 5.8290526320882870e-16 to 5.8292479445882874e-16 seconds.
Warning: Simulation tolerance relaxed to achieve convergence from 5.8292479445882874e-16 to 5.8294432570882877e-16 seconds.
Warning: Simulation tolerance relaxed to achieve convergence from 5.8294432570882877e-16 to 5.8296385695882880e-16 seconds.
Warning: Simulation tolerance relaxed to achieve convergence from 5.8296385695882880e-16 to 5.8298338820882884e-16 seconds.
Warning: Simulation tolerance relaxed to achieve convergence from 5.8298338820882884e-16 to 5.8300291945882887e-16 seconds.
Warning: Simulation tolerance relaxed to achieve convergence from 5.8300291945882887e-16 to 5.8302245070882890e-16 seconds.
Warning: Simulation tolerance relaxed to achieve convergence from 5.8302245070882890e-16 to 5.8304198195882894e-16 seconds.
Warning: Simulation tolerance relaxed to achieve convergence from 5.8304198195882894e-16 to 5.8306151320882897e-16 seconds.
Warning: Simulation tolerance relaxed to achieve convergence from 5.8306151320882897e-16 to 5.8308104445882900e-16 seconds.
Warning: Simulation tolerance relaxed to achieve convergence from 5.8308104445882900e-16 to 5.8310057570882904e-16 seconds.
Warning: Simulation tolerance relaxed to achieve convergence from 5.8310057570882904e-16 to 5.8312010695882907e-16 seconds.
Warning: Simulation tolerance relaxed to achieve convergence from 5.8312010695882907e-16 to 5.8313963820882910e-16 seconds.
Warning: Simulation tolerance relaxed to achieve convergence from 5.8313963820882910e-16 to 5.8315916945882914e-16 seconds.
Warning: Simulation tolerance relaxed to achieve convergence from 5.8315916945882914e-16 to 5.8317870070882917e-16 seconds.
Warning: Simulation tolerance relaxed to achieve convergence from 5.8317870070882917e-16 to 5.8319823195882920e-16 seconds.
Warning: Simulation tolerance relaxed to achieve convergence from 5.8319823195882920e-16 to 5.8321776320882924e-16 seconds.
Warning: Simulation tolerance relaxed to achieve convergence from 5.8321776320882924e-16 to 5.8323729445882927e-16 seconds.
Warning: Simulation tolerance relaxed to achieve convergence from 5.8323729445882927e-16 to 5.8325682570882930e-16 seconds.
Warning: Simulation tolerance relaxed to achieve convergence from 5.8325682570882930e-16 to 5.8327635695882934e-16 seconds.
Warning: Simulation tolerance relaxed to achieve convergence from 5.8327635695882934e-16 to 5.8329588820882937e-16 seconds.
Warning: Simulation tolerance relaxed to achieve convergence from 5.8329588820882937e-16 to 5.8331541945882941e-16 seconds.
Warning: Simulation tolerance relaxed to achieve convergence from 5.8331541945882941e-16 to 5.8333495070882944e-16 seconds.
Warning: Simulation tolerance relaxed to achieve convergence from 5.8333495070882944e-16 to 5.8335448195882947e-16 seconds.
Warning: Simulation tolerance relaxed to achieve convergence from 5.8335448195882947e-16 to 5.8337401320882951e-16 seconds.
Warning: Simulation tolerance relaxed to achieve convergence from 5.8337401320882951e-16 to 5.8339354445882954e-16 seconds.
Warning: Simulation tolerance relaxed to achieve convergence from 5.8339354445882954e-16 to 5.8341307570882957e-16 seconds.
Warning: Simulation tolerance relaxed to achieve convergence from 5.8341307570882957e-16 to 5.8343260695882961e-16 seconds.
Warning: Simulation tolerance relaxed to achieve convergence from 5.8343260695882961e-16 to 5.8345213820882964e-16 seconds.
Warning: Simulation tolerance relaxed to achieve convergence from 5.8345213820882964e-16 to 5.8347166945882967e-16 seconds.
Warning: Simulation tolerance relaxed to achieve convergence from 5.8347166945882967e-16 to 5.8349120070882971e-16 seconds.
Warning: Simulation tolerance relaxed to achieve convergence from 5.8349120070882971e-16 to 5.8351073195882974e-16 seconds.
Warning: Simulation tolerance relaxed to achieve convergence from 5.8351073195882974e-16 to 5.8353026320882977e-16 seconds.
Warning: Simulation tolerance relaxed to achieve convergence from 5.8353026320882977e-16 to 5.8354979445882981e-16 seconds.
Warning: Simulation tolerance relaxed to achieve convergence from 5.8354979445882981e-16 to 5.8356932570882984e-16 seconds.
Warning: Simulation tolerance relaxed to achieve convergence from 5.8356932570882984e-16 to 5.8358885695882987e-16 seconds.
Warning: Simulation tolerance relaxed to achieve convergence from 5.8358885695882987e-16 to 5.8360838820882991e-16 seconds.
Warning: Simulation tolerance relaxed to achieve convergence from 5.8360838820882991e-16 to 5.8362791945882994e-16 seconds.
Warning: Simulation tolerance relaxed to achieve convergence from 5.8362791945882994e-16 to 5.8364745070882997e-16 seconds.
Warning: Simulation tolerance relaxed to achieve convergence from 5.8364745070882997e-16 to 5.8366698195883001e-16 seconds.
Warning: Simulation tolerance relaxed to achieve convergence from 5.8366698195883001e-16 to 5.8368651320883004e-16 seconds.
Warning: Simulation tolerance relaxed to achieve convergence from 5.8368651320883004e-16 to 5.8370604445883007e-16 seconds.
Warning: Simulation tolerance relaxed to achieve convergence from 5.8370604445883007e-16 to 5.8372557570883011e-16 seconds.
Warning: Simulation tolerance relaxed to achieve convergence from 5.8372557570883011e-16 to 5.8374510695883014e-16 seconds.
Warning: Simulation tolerance relaxed to achieve convergence from 5.8374510695883014e-16 to 5.8376463820883017e-16 seconds.
Warning: Simulation tolerance relaxed to achieve convergence from 5.8376463820883017e-16 to 5.8378416945883021e-16 seconds.
Warning: Simulation tolerance relaxed to achieve convergence from 5.8378416945883021e-16 to 5.8380370070883024e-16 seconds.
Warning: Simulation tolerance relaxed to achieve convergence from 5.8380370070883024e-16 to 5.8382323195883027e-16 seconds.
Warning: Simulation tolerance relaxed to achieve convergence from 5.8382323195883027e-16 to 5.8384276320883031e-16 seconds.
Warning: Simulation tolerance relaxed to achieve convergence from 5.8384276320883031e-16 to 5.8386229445883034e-16 seconds.
Warning: Simulation tolerance relaxed to achieve convergence from 5.8386229445883034e-16 to 5.8388182570883038e-16 seconds.
Warning: Simulation tolerance relaxed to achieve convergence from 5.8388182570883038e-16 to 5.8390135695883041e-16 seconds.
Warning: Simulation tolerance relaxed to achieve convergence from 5.8390135695883041e-16 to 5.8392088820883044e-16 seconds.
Warning: Simulation tolerance relaxed to achieve convergence from 5.8392088820883044e-16 to 5.8394041945883048e-16 seconds.
Warning: Simulation tolerance relaxed to achieve convergence from 5.8394041945883048e-16 to 5.8395995070883051e-16 seconds.
Warning: Simulation tolerance relaxed to achieve convergence from 5.8395995070883051e-16 to 5.8397948195883054e-16 seconds.
Warning: Simulation tolerance relaxed to achieve convergence from 5.8397948195883054e-16 to 5.8399901320883058e-16 seconds.
Warning: Simulation tolerance relaxed to achieve convergence from 5.8399901320883058e-16 to 5.8401854445883061e-16 seconds.
Warning: Simulation tolerance relaxed to achieve convergence from 5.8401854445883061e-16 to 5.8403807570883064e-16 seconds.
Warning: Simulation tolerance relaxed to achieve convergence from 5.8403807570883064e-16 to 5.8405760695883068e-16 seconds.
Warning: Simulation tolerance relaxed to achieve convergence from 5.8405760695883068e-16 to 5.8407713820883071e-16 seconds.
Warning: Simulation tolerance relaxed to achieve convergence from 5.8407713820883071e-16 to 5.8409666945883074e-16 seconds.
Warning: Simulation tolerance relaxed to achieve convergence from 5.8409666945883074e-16 to 5.8411620070883078e-16 seconds.
Warning: Simulation tolerance relaxed to achieve convergence from 5.8411620070883078e-16 to 5.8413573195883081e-16 seconds.
Warning: Simulation tolerance relaxed to achieve convergence from 5.8413573195883081e-16 to 5.8415526320883084e-16 seconds.
Warning: Simulation tolerance relaxed to achieve convergence from 5.8415526320883084e-16 to 5.8417479445883088e-16 seconds.
Warning: Simulation tolerance relaxed to achieve convergence from 5.8417479445883088e-16 to 5.8419432570883091e-16 seconds.
Warning: Simulation tolerance relaxed to achieve convergence from 5.8419432570883091e-16 to 5.8421385695883094e-16 seconds.
Warning: Simulation tolerance relaxed to achieve convergence from 5.8421385695883094e-16 to 5.8423338820883098e-16 seconds.
Warning: Simulation tolerance relaxed to achieve convergence from 5.8423338820883098e-16 to 5.8425291945883101e-16 seconds.
Warning: Simulation tolerance relaxed to achieve convergence from 5.8425291945883101e-16 to 5.8427245070883104e-16 seconds.
Warning: Simulation tolerance relaxed to achieve convergence from 5.8427245070883104e-16 to 5.8429198195883108e-16 seconds.
Warning: Simulation tolerance relaxed to achieve convergence from 5.8429198195883108e-16 to 5.8431151320883111e-16 seconds.
Warning: Simulation tolerance relaxed to achieve convergence from 5.8431151320883111e-16 to 5.8433104445883114e-16 seconds.
Warning: Simulation tolerance relaxed to achieve convergence from 5.8433104445883114e-16 to 5.8435057570883118e-16 seconds.
Warning: Simulation tolerance relaxed to achieve convergence from 5.8435057570883118e-16 to 5.8437010695883121e-16 seconds.
Warning: Simulation tolerance relaxed to achieve convergence from 5.8437010695883121e-16 to 5.8438963820883124e-16 seconds.
Warning: Simulation tolerance relaxed to achieve convergence from 5.8438963820883124e-16 to 5.8440916945883128e-16 seconds.
Warning: Simulation tolerance relaxed to achieve convergence from 5.8440916945883128e-16 to 5.8442870070883131e-16 seconds.
Warning: Simulation tolerance relaxed to achieve convergence from 5.8442870070883131e-16 to 5.8444823195883135e-16 seconds.
Warning: Simulation tolerance relaxed to achieve convergence from 5.8444823195883135e-16 to 5.8446776320883138e-16 seconds.
Warning: Simulation tolerance relaxed to achieve convergence from 5.8446776320883138e-16 to 5.8448729445883141e-16 seconds.
Warning: Simulation tolerance relaxed to achieve convergence from 5.8448729445883141e-16 to 5.8450682570883145e-16 seconds.
Warning: Simulation tolerance relaxed to achieve convergence from 5.8450682570883145e-16 to 5.8452635695883148e-16 seconds.
Warning: Simulation tolerance relaxed to achieve convergence from 5.8452635695883148e-16 to 5.8454588820883151e-16 seconds.
Warning: Simulation tolerance relaxed to achieve convergence from 5.8454588820883151e-16 to 5.8456541945883155e-16 seconds.
Warning: Simulation tolerance relaxed to achieve convergence from 5.8456541945883155e-16 to 5.8458495070883158e-16 seconds.
Warning: Simulation tolerance relaxed to achieve convergence from 5.8458495070883158e-16 to 5.8460448195883161e-16 seconds.
Warning: Simulation tolerance relaxed to achieve convergence from 5.8460448195883161e-16 to 5.8462401320883165e-16 seconds.
Warning: Simulation tolerance relaxed to achieve convergence from 5.8462401320883165e-16 to 5.8464354445883168e-16 seconds.
Warning: Simulation tolerance relaxed to achieve convergence from 5.8464354445883168e-16 to 5.8466307570883171e-16 seconds.
Warning: Simulation tolerance relaxed to achieve convergence from 5.8466307570883171e-16 to 5.8468260695883175e-16 seconds.
Warning: Simulation tolerance relaxed to achieve convergence from 5.8468260695883175e-16 to 5.8470213820883178e-16 seconds.
Warning: Simulation tolerance relaxed to achieve convergence from 5.8470213820883178e-16 to 5.8472166945883181e-16 seconds.
Warning: Simulation tolerance relaxed to achieve convergence from 5.8472166945883181e-16 to 5.8474120070883185e-16 seconds.
Warning: Simulation tolerance relaxed to achieve convergence from 5.8474120070883185e-16 to 5.8476073195883188e-16 seconds.
Warning: Simulation tolerance relaxed to achieve convergence from 5.8476073195883188e-16 to 5.8478026320883191e-16 seconds.
Warning: Simulation tolerance relaxed to achieve convergence from 5.8478026320883191e-16 to 5.8479979445883195e-16 seconds.
Warning: Simulation tolerance relaxed to achieve convergence from 5.8479979445883195e-16 to 5.8481932570883198e-16 seconds.
Warning: Simulation tolerance relaxed to achieve convergence from 5.8481932570883198e-16 to 5.8483885695883201e-16 seconds.
Warning: Simulation tolerance relaxed to achieve convergence from 5.8483885695883201e-16 to 5.8485838820883205e-16 seconds.
Warning: Simulation tolerance relaxed to achieve convergence from 5.8485838820883205e-16 to 5.8487791945883208e-16 seconds.
Warning: Simulation tolerance relaxed to achieve convergence from 5.8487791945883208e-16 to 5.8489745070883211e-16 seconds.
Warning: Simulation tolerance relaxed to achieve convergence from 5.8489745070883211e-16 to 5.8491698195883215e-16 seconds.
Warning: Simulation tolerance relaxed to achieve convergence from 5.8491698195883215e-16 to 5.8493651320883218e-16 seconds.
Warning: Simulation tolerance relaxed to achieve convergence from 5.8493651320883218e-16 to 5.8495604445883221e-16 seconds.
Warning: Simulation tolerance relaxed to achieve convergence from 5.8495604445883221e-16 to 5.8497557570883225e-16 seconds.
Warning: Simulation tolerance relaxed to achieve convergence from 5.8497557570883225e-16 to 5.8499510695883228e-16 seconds.
Warning: Simulation tolerance relaxed to achieve convergence from 5.8499510695883228e-16 to 5.8501463820883231e-16 seconds.
Warning: Simulation tolerance relaxed to achieve convergence from 5.8501463820883231e-16 to 5.8503416945883235e-16 seconds.
Warning: Simulation tolerance relaxed to achieve convergence from 5.8503416945883235e-16 to 5.8505370070883238e-16 seconds.
Warning: Simulation tolerance relaxed to achieve convergence from 5.8505370070883238e-16 to 5.8507323195883242e-16 seconds.
Warning: Simulation tolerance relaxed to achieve convergence from 5.8507323195883242e-16 to 5.8509276320883245e-16 seconds.
Warning: Simulation tolerance relaxed to achieve convergence from 5.8509276320883245e-16 to 5.8511229445883248e-16 seconds.
Warning: Simulation tolerance relaxed to achieve convergence from 5.8511229445883248e-16 to 5.8513182570883252e-16 seconds.
Warning: Simulation tolerance relaxed to achieve convergence from 5.8513182570883252e-16 to 5.8515135695883255e-16 seconds.
Warning: Simulation tolerance relaxed to achieve convergence from 5.8515135695883255e-16 to 5.8517088820883258e-16 seconds.
Warning: Simulation tolerance relaxed to achieve convergence from 5.8517088820883258e-16 to 5.8519041945883262e-16 seconds.
Warning: Simulation tolerance relaxed to achieve convergence from 5.8519041945883262e-16 to 5.8520995070883265e-16 seconds.
Warning: Simulation tolerance relaxed to achieve convergence from 5.8520995070883265e-16 to 5.8522948195883268e-16 seconds.
Warning: Simulation tolerance relaxed to achieve convergence from 5.8522948195883268e-16 to 5.8524901320883272e-16 seconds.
Warning: Simulation tolerance relaxed to achieve convergence from 5.8524901320883272e-16 to 5.8526854445883275e-16 seconds.
Warning: Simulation tolerance relaxed to achieve convergence from 5.8526854445883275e-16 to 5.8528807570883278e-16 seconds.
Warning: Simulation tolerance relaxed to achieve convergence from 5.8528807570883278e-16 to 5.8530760695883282e-16 seconds.
Warning: Simulation tolerance relaxed to achieve convergence from 5.8530760695883282e-16 to 5.8532713820883285e-16 seconds.
Warning: Simulation tolerance relaxed to achieve convergence from 5.8532713820883285e-16 to 5.8534666945883288e-16 seconds.
Warning: Simulation tolerance relaxed to achieve convergence from 5.8534666945883288e-16 to 5.8536620070883292e-16 seconds.
Warning: Simulation tolerance relaxed to achieve convergence from 5.8536620070883292e-16 to 5.8538573195883295e-16 seconds.
Warning: Simulation tolerance relaxed to achieve convergence from 5.8538573195883295e-16 to 5.8540526320883298e-16 seconds.
Warning: Simulation tolerance relaxed to achieve convergence from 5.8540526320883298e-16 to 5.8542479445883302e-16 seconds.
Warning: Simulation tolerance relaxed to achieve convergence from 5.8542479445883302e-16 to 5.8544432570883305e-16 seconds.
Warning: Simulation tolerance relaxed to achieve convergence from 5.8544432570883305e-16 to 5.8546385695883308e-16 seconds.
Warning: Simulation tolerance relaxed to achieve convergence from 5.8546385695883308e-16 to 5.8548338820883312e-16 seconds.
Warning: Simulation tolerance relaxed to achieve convergence from 5.8548338820883312e-16 to 5.8550291945883315e-16 seconds.
Warning: Simulation tolerance relaxed to achieve convergence from 5.8550291945883315e-16 to 5.8552245070883318e-16 seconds.
Warning: Simulation tolerance relaxed to achieve convergence from 5.8552245070883318e-16 to 5.8554198195883322e-16 seconds.
Warning: Simulation tolerance relaxed to achieve convergence from 5.8554198195883322e-16 to 5.8556151320883325e-16 seconds.
Warning: Simulation tolerance relaxed to achieve convergence from 5.8556151320883325e-16 to 5.8558104445883328e-16 seconds.
Warning: Simulation tolerance relaxed to achieve convergence from 5.8558104445883328e-16 to 5.8560057570883332e-16 seconds.
Warning: Simulation tolerance relaxed to achieve convergence from 5.8560057570883332e-16 to 5.8562010695883335e-16 seconds.
Warning: Simulation tolerance relaxed to achieve convergence from 5.8562010695883335e-16 to 5.8563963820883339e-16 seconds.
Warning: Simulation tolerance relaxed to achieve convergence from 5.8563963820883339e-16 to 5.8565916945883342e-16 seconds.
Warning: Simulation tolerance relaxed to achieve convergence from 5.8565916945883342e-16 to 5.8567870070883345e-16 seconds.
Warning: Simulation tolerance relaxed to achieve convergence from 5.8567870070883345e-16 to 5.8569823195883349e-16 seconds.
Warning: Simulation tolerance relaxed to achieve convergence from 5.8569823195883349e-16 to 5.8571776320883352e-16 seconds.
Warning: Simulation tolerance relaxed to achieve convergence from 5.8571776320883352e-16 to 5.8573729445883355e-16 seconds.
Warning: Simulation tolerance relaxed to achieve convergence from 5.8573729445883355e-16 to 5.8575682570883359e-16 seconds.
Warning: Simulation tolerance relaxed to achieve convergence from 5.8575682570883359e-16 to 5.8577635695883362e-16 seconds.
Warning: Simulation tolerance relaxed to achieve convergence from 5.8577635695883362e-16 to 5.8579588820883365e-16 seconds.
Warning: Simulation tolerance relaxed to achieve convergence from 5.8579588820883365e-16 to 5.8581541945883369e-16 seconds.
Warning: Simulation tolerance relaxed to achieve convergence from 5.8581541945883369e-16 to 5.8583495070883372e-16 seconds.
Warning: Simulation tolerance relaxed to achieve convergence from 5.8583495070883372e-16 to 5.8585448195883375e-16 seconds.
Warning: Simulation tolerance relaxed to achieve convergence from 5.8585448195883375e-16 to 5.8587401320883379e-16 seconds.
Warning: Simulation tolerance relaxed to achieve convergence from 5.8587401320883379e-16 to 5.8589354445883382e-16 seconds.
Warning: Simulation tolerance relaxed to achieve convergence from 5.8589354445883382e-16 to 5.8591307570883385e-16 seconds.
Warning: Simulation tolerance relaxed to achieve convergence from 5.8591307570883385e-16 to 5.8593260695883389e-16 seconds.
Warning: Simulation tolerance relaxed to achieve convergence from 5.8593260695883389e-16 to 5.8595213820883392e-16 seconds.
Warning: Simulation tolerance relaxed to achieve convergence from 5.8595213820883392e-16 to 5.8597166945883395e-16 seconds.
Warning: Simulation tolerance relaxed to achieve convergence from 5.8597166945883395e-16 to 5.8599120070883399e-16 seconds.
Warning: Simulation tolerance relaxed to achieve convergence from 5.8599120070883399e-16 to 5.8601073195883402e-16 seconds.
Warning: Simulation tolerance relaxed to achieve convergence from 5.8601073195883402e-16 to 5.8603026320883405e-16 seconds.
Warning: Simulation tolerance relaxed to achieve convergence from 5.8603026320883405e-16 to 5.8604979445883409e-16 seconds.
Warning: Simulation tolerance relaxed to achieve convergence from 5.8604979445883409e-16 to 5.8606932570883412e-16 seconds.
Warning: Simulation tolerance relaxed to achieve convergence from 5.8606932570883412e-16 to 5.8608885695883415e-16 seconds.
Warning: Simulation tolerance relaxed to achieve convergence from 5.8608885695883415e-16 to 5.8610838820883419e-16 seconds.
Warning: Simulation tolerance relaxed to achieve convergence from 5.8610838820883419e-16 to 5.8612791945883422e-16 seconds.
Warning: Simulation tolerance relaxed to achieve convergence from 5.8612791945883422e-16 to 5.8614745070883425e-16 seconds.
Warning: Simulation tolerance relaxed to achieve convergence from 5.8614745070883425e-16 to 5.8616698195883429e-16 seconds.
Warning: Simulation tolerance relaxed to achieve convergence from 5.8616698195883429e-16 to 5.8618651320883432e-16 seconds.
Warning: Simulation tolerance relaxed to achieve convergence from 5.8618651320883432e-16 to 5.8620604445883435e-16 seconds.
Warning: Simulation tolerance relaxed to achieve convergence from 5.8620604445883435e-16 to 5.8622557570883439e-16 seconds.
Warning: Simulation tolerance relaxed to achieve convergence from 5.8622557570883439e-16 to 5.8624510695883442e-16 seconds.
Warning: Simulation tolerance relaxed to achieve convergence from 5.8624510695883442e-16 to 5.8626463820883446e-16 seconds.
Warning: Simulation tolerance relaxed to achieve convergence from 5.8626463820883446e-16 to 5.8628416945883449e-16 seconds.
Warning: Simulation tolerance relaxed to achieve convergence from 5.8628416945883449e-16 to 5.8630370070883452e-16 seconds.
Warning: Simulation tolerance relaxed to achieve convergence from 5.8630370070883452e-16 to 5.8632323195883456e-16 seconds.
Warning: Simulation tolerance relaxed to achieve convergence from 5.8632323195883456e-16 to 5.8634276320883459e-16 seconds.
Warning: Simulation tolerance relaxed to achieve convergence from 5.8634276320883459e-16 to 5.8636229445883462e-16 seconds.
Warning: Simulation tolerance relaxed to achieve convergence from 5.8636229445883462e-16 to 5.8638182570883466e-16 seconds.
Warning: Simulation tolerance relaxed to achieve convergence from 5.8638182570883466e-16 to 5.8640135695883469e-16 seconds.
Warning: Simulation tolerance relaxed to achieve convergence from 5.8640135695883469e-16 to 5.8642088820883472e-16 seconds.
Warning: Simulation tolerance relaxed to achieve convergence from 5.8642088820883472e-16 to 5.8644041945883476e-16 seconds.
Warning: Simulation tolerance relaxed to achieve convergence from 5.8644041945883476e-16 to 5.8645995070883479e-16 seconds.
Warning: Simulation tolerance relaxed to achieve convergence from 5.8645995070883479e-16 to 5.8647948195883482e-16 seconds.
Warning: Simulation tolerance relaxed to achieve convergence from 5.8647948195883482e-16 to 5.8649901320883486e-16 seconds.
Warning: Simulation tolerance relaxed to achieve convergence from 5.8649901320883486e-16 to 5.8651854445883489e-16 seconds.
Warning: Simulation tolerance relaxed to achieve convergence from 5.8651854445883489e-16 to 5.8653807570883492e-16 seconds.
Warning: Simulation tolerance relaxed to achieve convergence from 5.8653807570883492e-16 to 5.8655760695883496e-16 seconds.
Warning: Simulation tolerance relaxed to achieve convergence from 5.8655760695883496e-16 to 5.8657713820883499e-16 seconds.
Warning: Simulation tolerance relaxed to achieve convergence from 5.8657713820883499e-16 to 5.8659666945883502e-16 seconds.
Warning: Simulation tolerance relaxed to achieve convergence from 5.8659666945883502e-16 to 5.8661620070883506e-16 seconds.
Warning: Simulation tolerance relaxed to achieve convergence from 5.8661620070883506e-16 to 5.8663573195883509e-16 seconds.
Warning: Simulation tolerance relaxed to achieve convergence from 5.8663573195883509e-16 to 5.8665526320883512e-16 seconds.
Warning: Simulation tolerance relaxed to achieve convergence from 5.8665526320883512e-16 to 5.8667479445883516e-16 seconds.
Warning: Simulation tolerance relaxed to achieve convergence from 5.8667479445883516e-16 to 5.8669432570883519e-16 seconds.
Warning: Simulation tolerance relaxed to achieve convergence from 5.8669432570883519e-16 to 5.8671385695883522e-16 seconds.
Warning: Simulation tolerance relaxed to achieve convergence from 5.8671385695883522e-16 to 5.8673338820883526e-16 seconds.
Warning: Simulation tolerance relaxed to achieve convergence from 5.8673338820883526e-16 to 5.8675291945883529e-16 seconds.
Warning: Simulation tolerance relaxed to achieve convergence from 5.8675291945883529e-16 to 5.8677245070883532e-16 seconds.
Warning: Simulation tolerance relaxed to achieve convergence from 5.8677245070883532e-16 to 5.8679198195883536e-16 seconds.
Warning: Simulation tolerance relaxed to achieve convergence from 5.8679198195883536e-16 to 5.8681151320883539e-16 seconds.
Warning: Simulation tolerance relaxed to achieve convergence from 5.8681151320883539e-16 to 5.8683104445883543e-16 seconds.
Warning: Simulation tolerance relaxed to achieve convergence from 5.8683104445883543e-16 to 5.8685057570883546e-16 seconds.
Warning: Simulation tolerance relaxed to achieve convergence from 5.8685057570883546e-16 to 5.8687010695883549e-16 seconds.
Warning: Simulation tolerance relaxed to achieve convergence from 5.8687010695883549e-16 to 5.8688963820883553e-16 seconds.
Warning: Simulation tolerance relaxed to achieve convergence from 5.8688963820883553e-16 to 5.8690916945883556e-16 seconds.
Warning: Simulation tolerance relaxed to achieve convergence from 5.8690916945883556e-16 to 5.8692870070883559e-16 seconds.
Warning: Simulation tolerance relaxed to achieve convergence from 5.8692870070883559e-16 to 5.8694823195883563e-16 seconds.
Warning: Simulation tolerance relaxed to achieve convergence from 5.8694823195883563e-16 to 5.8696776320883566e-16 seconds.
Warning: Simulation tolerance relaxed to achieve convergence from 5.8696776320883566e-16 to 5.8698729445883569e-16 seconds.
Warning: Simulation tolerance relaxed to achieve convergence from 5.8698729445883569e-16 to 5.8700682570883573e-16 seconds.
Warning: Simulation tolerance relaxed to achieve convergence from 5.8700682570883573e-16 to 5.8702635695883576e-16 seconds.
Warning: Simulation tolerance relaxed to achieve convergence from 5.8702635695883576e-16 to 5.8704588820883579e-16 seconds.
Warning: Simulation tolerance relaxed to achieve convergence from 5.8704588820883579e-16 to 5.8706541945883583e-16 seconds.
Warning: Simulation tolerance relaxed to achieve convergence from 5.8706541945883583e-16 to 5.8708495070883586e-16 seconds.
Warning: Simulation tolerance relaxed to achieve convergence from 5.8708495070883586e-16 to 5.8710448195883589e-16 seconds.
Warning: Simulation tolerance relaxed to achieve convergence from 5.8710448195883589e-16 to 5.8712401320883593e-16 seconds.
Warning: Simulation tolerance relaxed to achieve convergence from 5.8712401320883593e-16 to 5.8714354445883596e-16 seconds.
Warning: Simulation tolerance relaxed to achieve convergence from 5.8714354445883596e-16 to 5.8716307570883599e-16 seconds.
Warning: Simulation tolerance relaxed to achieve convergence from 5.8716307570883599e-16 to 5.8718260695883603e-16 seconds.
Warning: Simulation tolerance relaxed to achieve convergence from 5.8718260695883603e-16 to 5.8720213820883606e-16 seconds.
Warning: Simulation tolerance relaxed to achieve convergence from 5.8720213820883606e-16 to 5.8722166945883609e-16 seconds.
Warning: Simulation tolerance relaxed to achieve convergence from 5.8722166945883609e-16 to 5.8724120070883613e-16 seconds.
Warning: Simulation tolerance relaxed to achieve convergence from 5.8724120070883613e-16 to 5.8726073195883616e-16 seconds.
Warning: Simulation tolerance relaxed to achieve convergence from 5.8726073195883616e-16 to 5.8728026320883619e-16 seconds.
Warning: Simulation tolerance relaxed to achieve convergence from 5.8728026320883619e-16 to 5.8729979445883623e-16 seconds.
Warning: Simulation tolerance relaxed to achieve convergence from 5.8729979445883623e-16 to 5.8731932570883626e-16 seconds.
Warning: Simulation tolerance relaxed to achieve convergence from 5.8731932570883626e-16 to 5.8733885695883629e-16 seconds.
Warning: Simulation tolerance relaxed to achieve convergence from 5.8733885695883629e-16 to 5.8735838820883633e-16 seconds.
Warning: Simulation tolerance relaxed to achieve convergence from 5.8735838820883633e-16 to 5.8737791945883636e-16 seconds.
Warning: Simulation tolerance relaxed to achieve convergence from 5.8737791945883636e-16 to 5.8739745070883639e-16 seconds.
Warning: Simulation tolerance relaxed to achieve convergence from 5.8739745070883639e-16 to 5.8741698195883643e-16 seconds.
Warning: Simulation tolerance relaxed to achieve convergence from 5.8741698195883643e-16 to 5.8743651320883646e-16 seconds.
Warning: Simulation tolerance relaxed to achieve convergence from 5.8743651320883646e-16 to 5.8745604445883650e-16 seconds.
Warning: Simulation tolerance relaxed to achieve convergence from 5.8745604445883650e-16 to 5.8747557570883653e-16 seconds.
Warning: Simulation tolerance relaxed to achieve convergence from 5.8747557570883653e-16 to 5.8749510695883656e-16 seconds.
Warning: Simulation tolerance relaxed to achieve convergence from 5.8749510695883656e-16 to 5.8751463820883660e-16 seconds.
Warning: Simulation tolerance relaxed to achieve convergence from 5.8751463820883660e-16 to 5.8753416945883663e-16 seconds.
Warning: Simulation tolerance relaxed to achieve convergence from 5.8753416945883663e-16 to 5.8755370070883666e-16 seconds.
Warning: Simulation tolerance relaxed to achieve convergence from 5.8755370070883666e-16 to 5.8757323195883670e-16 seconds.
Warning: Simulation tolerance relaxed to achieve convergence from 5.8757323195883670e-16 to 5.8759276320883673e-16 seconds.
Warning: Simulation tolerance relaxed to achieve convergence from 5.8759276320883673e-16 to 5.8761229445883676e-16 seconds.
Warning: Simulation tolerance relaxed to achieve convergence from 5.8761229445883676e-16 to 5.8763182570883680e-16 seconds.
Warning: Simulation tolerance relaxed to achieve convergence from 5.8763182570883680e-16 to 5.8765135695883683e-16 seconds.
Warning: Simulation tolerance relaxed to achieve convergence from 5.8765135695883683e-16 to 5.8767088820883686e-16 seconds.
Warning: Simulation tolerance relaxed to achieve convergence from 5.8767088820883686e-16 to 5.8769041945883690e-16 seconds.
Warning: Simulation tolerance relaxed to achieve convergence from 5.8769041945883690e-16 to 5.8770995070883693e-16 seconds.
Warning: Simulation tolerance relaxed to achieve convergence from 5.8770995070883693e-16 to 5.8772948195883696e-16 seconds.
Warning: Simulation tolerance relaxed to achieve convergence from 5.8772948195883696e-16 to 5.8774901320883700e-16 seconds.
Warning: Simulation tolerance relaxed to achieve convergence from 5.8774901320883700e-16 to 5.8776854445883703e-16 seconds.
Warning: Simulation tolerance relaxed to achieve convergence from 5.8776854445883703e-16 to 5.8778807570883706e-16 seconds.
Warning: Simulation tolerance relaxed to achieve convergence from 5.8778807570883706e-16 to 5.8780760695883710e-16 seconds.
Warning: Simulation tolerance relaxed to achieve convergence from 5.8780760695883710e-16 to 5.8782713820883713e-16 seconds.
Warning: Simulation tolerance relaxed to achieve convergence from 5.8782713820883713e-16 to 5.8784666945883716e-16 seconds.
Warning: Simulation tolerance relaxed to achieve convergence from 5.8784666945883716e-16 to 5.8786620070883720e-16 seconds.
Warning: Simulation tolerance relaxed to achieve convergence from 5.8786620070883720e-16 to 5.8788573195883723e-16 seconds.
Warning: Simulation tolerance relaxed to achieve convergence from 5.8788573195883723e-16 to 5.8790526320883726e-16 seconds.
Warning: Simulation tolerance relaxed to achieve convergence from 5.8790526320883726e-16 to 5.8792479445883730e-16 seconds.
Warning: Simulation tolerance relaxed to achieve convergence from 5.8792479445883730e-16 to 5.8794432570883733e-16 seconds.
Warning: Simulation tolerance relaxed to achieve convergence from 5.8794432570883733e-16 to 5.8796385695883736e-16 seconds.
Warning: Simulation tolerance relaxed to achieve convergence from 5.8796385695883736e-16 to 5.8798338820883740e-16 seconds.
Warning: Simulation tolerance relaxed to achieve convergence from 5.8798338820883740e-16 to 5.8800291945883743e-16 seconds.
Warning: Simulation tolerance relaxed to achieve convergence from 5.8800291945883743e-16 to 5.8802245070883747e-16 seconds.
Warning: Simulation tolerance relaxed to achieve convergence from 5.8802245070883747e-16 to 5.8804198195883750e-16 seconds.
Warning: Simulation tolerance relaxed to achieve convergence from 5.8804198195883750e-16 to 5.8806151320883753e-16 seconds.
Warning: Simulation tolerance relaxed to achieve convergence from 5.8806151320883753e-16 to 5.8808104445883757e-16 seconds.
Warning: Simulation tolerance relaxed to achieve convergence from 5.8808104445883757e-16 to 5.8810057570883760e-16 seconds.
Warning: Simulation tolerance relaxed to achieve convergence from 5.8810057570883760e-16 to 5.8812010695883763e-16 seconds.
Warning: Simulation tolerance relaxed to achieve convergence from 5.8812010695883763e-16 to 5.8813963820883767e-16 seconds.
Warning: Simulation tolerance relaxed to achieve convergence from 5.8813963820883767e-16 to 5.8815916945883770e-16 seconds.
Warning: Simulation tolerance relaxed to achieve convergence from 5.8815916945883770e-16 to 5.8817870070883773e-16 seconds.
Warning: Simulation tolerance relaxed to achieve convergence from 5.8817870070883773e-16 to 5.8819823195883777e-16 seconds.
Warning: Simulation tolerance relaxed to achieve convergence from 5.8819823195883777e-16 to 5.8821776320883780e-16 seconds.
Warning: Simulation tolerance relaxed to achieve convergence from 5.8821776320883780e-16 to 5.8823729445883783e-16 seconds.
Warning: Simulation tolerance relaxed to achieve convergence from 5.8823729445883783e-16 to 5.8825682570883787e-16 seconds.
Warning: Simulation tolerance relaxed to achieve convergence from 5.8825682570883787e-16 to 5.8827635695883790e-16 seconds.
Warning: Simulation tolerance relaxed to achieve convergence from 5.8827635695883790e-16 to 5.8829588820883793e-16 seconds.
Warning: Simulation tolerance relaxed to achieve convergence from 5.8829588820883793e-16 to 5.8831541945883797e-16 seconds.
Warning: Simulation tolerance relaxed to achieve convergence from 5.8831541945883797e-16 to 5.8833495070883800e-16 seconds.
Warning: Simulation tolerance relaxed to achieve convergence from 5.8833495070883800e-16 to 5.8835448195883803e-16 seconds.
Warning: Simulation tolerance relaxed to achieve convergence from 5.8835448195883803e-16 to 5.8837401320883807e-16 seconds.
Warning: Simulation tolerance relaxed to achieve convergence from 5.8837401320883807e-16 to 5.8839354445883810e-16 seconds.
Warning: Simulation tolerance relaxed to achieve convergence from 5.8839354445883810e-16 to 5.8841307570883813e-16 seconds.
Warning: Simulation tolerance relaxed to achieve convergence from 5.8841307570883813e-16 to 5.8843260695883817e-16 seconds.
Warning: Simulation tolerance relaxed to achieve convergence from 5.8843260695883817e-16 to 5.8845213820883820e-16 seconds.
Warning: Simulation tolerance relaxed to achieve convergence from 5.8845213820883820e-16 to 5.8847166945883823e-16 seconds.
Warning: Simulation tolerance relaxed to achieve convergence from 5.8847166945883823e-16 to 5.8849120070883827e-16 seconds.
Warning: Simulation tolerance relaxed to achieve convergence from 5.8849120070883827e-16 to 5.8851073195883830e-16 seconds.
Warning: Simulation tolerance relaxed to achieve convergence from 5.8851073195883830e-16 to 5.8853026320883833e-16 seconds.
Warning: Simulation tolerance relaxed to achieve convergence from 5.8853026320883833e-16 to 5.8854979445883837e-16 seconds.
Warning: Simulation tolerance relaxed to achieve convergence from 5.8854979445883837e-16 to 5.8856932570883840e-16 seconds.
Warning: Simulation tolerance relaxed to achieve convergence from 5.8856932570883840e-16 to 5.8858885695883844e-16 seconds.
Warning: Simulation tolerance relaxed to achieve convergence from 5.8858885695883844e-16 to 5.8860838820883847e-16 seconds.
Warning: Simulation tolerance relaxed to achieve convergence from 5.8860838820883847e-16 to 5.8862791945883850e-16 seconds.
Warning: Simulation tolerance relaxed to achieve convergence from 5.8862791945883850e-16 to 5.8864745070883854e-16 seconds.
Warning: Simulation tolerance relaxed to achieve convergence from 5.8864745070883854e-16 to 5.8866698195883857e-16 seconds.
Warning: Simulation tolerance relaxed to achieve convergence from 5.8866698195883857e-16 to 5.8868651320883860e-16 seconds.
Warning: Simulation tolerance relaxed to achieve convergence from 5.8868651320883860e-16 to 5.8870604445883864e-16 seconds.
Warning: Simulation tolerance relaxed to achieve convergence from 5.8870604445883864e-16 to 5.8872557570883867e-16 seconds.
Warning: Simulation tolerance relaxed to achieve convergence from 5.8872557570883867e-16 to 5.8874510695883870e-16 seconds.
Warning: Simulation tolerance relaxed to achieve convergence from 5.8874510695883870e-16 to 5.8876463820883874e-16 seconds.
Warning: Simulation tolerance relaxed to achieve convergence from 5.8876463820883874e-16 to 5.8878416945883877e-16 seconds.
Warning: Simulation tolerance relaxed to achieve convergence from 5.8878416945883877e-16 to 5.8880370070883880e-16 seconds.
Warning: Simulation tolerance relaxed to achieve convergence from 5.8880370070883880e-16 to 5.8882323195883884e-16 seconds.
Warning: Simulation tolerance relaxed to achieve convergence from 5.8882323195883884e-16 to 5.8884276320883887e-16 seconds.
Warning: Simulation tolerance relaxed to achieve convergence from 5.8884276320883887e-16 to 5.8886229445883890e-16 seconds.
Warning: Simulation tolerance relaxed to achieve convergence from 5.8886229445883890e-16 to 5.8888182570883894e-16 seconds.
Warning: Simulation tolerance relaxed to achieve convergence from 5.8888182570883894e-16 to 5.8890135695883897e-16 seconds.
Warning: Simulation tolerance relaxed to achieve convergence from 5.8890135695883897e-16 to 5.8892088820883900e-16 seconds.
Warning: Simulation tolerance relaxed to achieve convergence from 5.8892088820883900e-16 to 5.8894041945883904e-16 seconds.
Warning: Simulation tolerance relaxed to achieve convergence from 5.8894041945883904e-16 to 5.8895995070883907e-16 seconds.
Warning: Simulation tolerance relaxed to achieve convergence from 5.8895995070883907e-16 to 5.8897948195883910e-16 seconds.
Warning: Simulation tolerance relaxed to achieve convergence from 5.8897948195883910e-16 to 5.8899901320883914e-16 seconds.
Warning: Simulation tolerance relaxed to achieve convergence from 5.8899901320883914e-16 to 5.8901854445883917e-16 seconds.
Warning: Simulation tolerance relaxed to achieve convergence from 5.8901854445883917e-16 to 5.8903807570883920e-16 seconds.
Warning: Simulation tolerance relaxed to achieve convergence from 5.8903807570883920e-16 to 5.8905760695883924e-16 seconds.
Warning: Simulation tolerance relaxed to achieve convergence from 5.8905760695883924e-16 to 5.8907713820883927e-16 seconds.
Warning: Simulation tolerance relaxed to achieve convergence from 5.8907713820883927e-16 to 5.8909666945883930e-16 seconds.
Warning: Simulation tolerance relaxed to achieve convergence from 5.8909666945883930e-16 to 5.8911620070883934e-16 seconds.
Warning: Simulation tolerance relaxed to achieve convergence from 5.8911620070883934e-16 to 5.8913573195883937e-16 seconds.
Warning: Simulation tolerance relaxed to achieve convergence from 5.8913573195883937e-16 to 5.8915526320883940e-16 seconds.
Warning: Simulation tolerance relaxed to achieve convergence from 5.8915526320883940e-16 to 5.8917479445883944e-16 seconds.
Warning: Simulation tolerance relaxed to achieve convergence from 5.8917479445883944e-16 to 5.8919432570883947e-16 seconds.
Warning: Simulation tolerance relaxed to achieve convergence from 5.8919432570883947e-16 to 5.8921385695883951e-16 seconds.
Warning: Simulation tolerance relaxed to achieve convergence from 5.8921385695883951e-16 to 5.8923338820883954e-16 seconds.
Warning: Simulation tolerance relaxed to achieve convergence from 5.8923338820883954e-16 to 5.8925291945883957e-16 seconds.
Warning: Simulation tolerance relaxed to achieve convergence from 5.8925291945883957e-16 to 5.8927245070883961e-16 seconds.
Warning: Simulation tolerance relaxed to achieve convergence from 5.8927245070883961e-16 to 5.8929198195883964e-16 seconds.
Warning: Simulation tolerance relaxed to achieve convergence from 5.8929198195883964e-16 to 5.8931151320883967e-16 seconds.
Warning: Simulation tolerance relaxed to achieve convergence from 5.8931151320883967e-16 to 5.8933104445883971e-16 seconds.
Warning: Simulation tolerance relaxed to achieve convergence from 5.8933104445883971e-16 to 5.8935057570883974e-16 seconds.
Warning: Simulation tolerance relaxed to achieve convergence from 5.8935057570883974e-16 to 5.8937010695883977e-16 seconds.
Warning: Simulation tolerance relaxed to achieve convergence from 5.8937010695883977e-16 to 5.8938963820883981e-16 seconds.
Warning: Simulation tolerance relaxed to achieve convergence from 5.8938963820883981e-16 to 5.8940916945883984e-16 seconds.
Warning: Simulation tolerance relaxed to achieve convergence from 5.8940916945883984e-16 to 5.8942870070883987e-16 seconds.
Warning: Simulation tolerance relaxed to achieve convergence from 5.8942870070883987e-16 to 5.8944823195883991e-16 seconds.
Warning: Simulation tolerance relaxed to achieve convergence from 5.8944823195883991e-16 to 5.8946776320883994e-16 seconds.
Warning: Simulation tolerance relaxed to achieve convergence from 5.8946776320883994e-16 to 5.8948729445883997e-16 seconds.
Warning: Simulation tolerance relaxed to achieve convergence from 5.8948729445883997e-16 to 5.8950682570884001e-16 seconds.
Warning: Simulation tolerance relaxed to achieve convergence from 5.8950682570884001e-16 to 5.8952635695884004e-16 seconds.
Warning: Simulation tolerance relaxed to achieve convergence from 5.8952635695884004e-16 to 5.8954588820884007e-16 seconds.
Warning: Simulation tolerance relaxed to achieve convergence from 5.8954588820884007e-16 to 5.8956541945884011e-16 seconds.
Warning: Simulation tolerance relaxed to achieve convergence from 5.8956541945884011e-16 to 5.8958495070884014e-16 seconds.
Warning: Simulation tolerance relaxed to achieve convergence from 5.8958495070884014e-16 to 5.8960448195884017e-16 seconds.
Warning: Simulation tolerance relaxed to achieve convergence from 5.8960448195884017e-16 to 5.8962401320884021e-16 seconds.
Warning: Simulation tolerance relaxed to achieve convergence from 5.8962401320884021e-16 to 5.8964354445884024e-16 seconds.
Warning: Simulation tolerance relaxed to achieve convergence from 5.8964354445884024e-16 to 5.8966307570884027e-16 seconds.
Warning: Simulation tolerance relaxed to achieve convergence from 5.8966307570884027e-16 to 5.8968260695884031e-16 seconds.
Warning: Simulation tolerance relaxed to achieve convergence from 5.8968260695884031e-16 to 5.8970213820884034e-16 seconds.
Warning: Simulation tolerance relaxed to achieve convergence from 5.8970213820884034e-16 to 5.8972166945884037e-16 seconds.
Warning: Simulation tolerance relaxed to achieve convergence from 5.8972166945884037e-16 to 5.8974120070884041e-16 seconds.
Warning: Simulation tolerance relaxed to achieve convergence from 5.8974120070884041e-16 to 5.8976073195884044e-16 seconds.
Warning: Simulation tolerance relaxed to achieve convergence from 5.8976073195884044e-16 to 5.8978026320884048e-16 seconds.
Warning: Simulation tolerance relaxed to achieve convergence from 5.8978026320884048e-16 to 5.8979979445884051e-16 seconds.
Warning: Simulation tolerance relaxed to achieve convergence from 5.8979979445884051e-16 to 5.8981932570884054e-16 seconds.
Warning: Simulation tolerance relaxed to achieve convergence from 5.8981932570884054e-16 to 5.8983885695884058e-16 seconds.
Warning: Simulation tolerance relaxed to achieve convergence from 5.8983885695884058e-16 to 5.8985838820884061e-16 seconds.
Warning: Simulation tolerance relaxed to achieve convergence from 5.8985838820884061e-16 to 5.8987791945884064e-16 seconds.
Warning: Simulation tolerance relaxed to achieve convergence from 5.8987791945884064e-16 to 5.8989745070884068e-16 seconds.
Warning: Simulation tolerance relaxed to achieve convergence from 5.8989745070884068e-16 to 5.8991698195884071e-16 seconds.
Warning: Simulation tolerance relaxed to achieve convergence from 5.8991698195884071e-16 to 5.8993651320884074e-16 seconds.
Warning: Simulation tolerance relaxed to achieve convergence from 5.8993651320884074e-16 to 5.8995604445884078e-16 seconds.
Warning: Simulation tolerance relaxed to achieve convergence from 5.8995604445884078e-16 to 5.8997557570884081e-16 seconds.
Warning: Simulation tolerance relaxed to achieve convergence from 5.8997557570884081e-16 to 5.8999510695884084e-16 seconds.
Warning: Simulation tolerance relaxed to achieve convergence from 5.8999510695884084e-16 to 5.9001463820884088e-16 seconds.
Warning: Simulation tolerance relaxed to achieve convergence from 5.9001463820884088e-16 to 5.9003416945884091e-16 seconds.
Warning: Simulation tolerance relaxed to achieve convergence from 5.9003416945884091e-16 to 5.9005370070884094e-16 seconds.
Warning: Simulation tolerance relaxed to achieve convergence from 5.9005370070884094e-16 to 5.9007323195884098e-16 seconds.
Warning: Simulation tolerance relaxed to achieve convergence from 5.9007323195884098e-16 to 5.9009276320884101e-16 seconds.
Warning: Simulation tolerance relaxed to achieve convergence from 5.9009276320884101e-16 to 5.9011229445884104e-16 seconds.
Warning: Simulation tolerance relaxed to achieve convergence from 5.9011229445884104e-16 to 5.9013182570884108e-16 seconds.
Warning: Simulation tolerance relaxed to achieve convergence from 5.9013182570884108e-16 to 5.9015135695884111e-16 seconds.
Warning: Simulation tolerance relaxed to achieve convergence from 5.9015135695884111e-16 to 5.9017088820884114e-16 seconds.
Warning: Simulation tolerance relaxed to achieve convergence from 5.9017088820884114e-16 to 5.9019041945884118e-16 seconds.
Warning: Simulation tolerance relaxed to achieve convergence from 5.9019041945884118e-16 to 5.9020995070884121e-16 seconds.
Warning: Simulation tolerance relaxed to achieve convergence from 5.9020995070884121e-16 to 5.9022948195884124e-16 seconds.
Warning: Simulation tolerance relaxed to achieve convergence from 5.9022948195884124e-16 to 5.9024901320884128e-16 seconds.
Warning: Simulation tolerance relaxed to achieve convergence from 5.9024901320884128e-16 to 5.9026854445884131e-16 seconds.
Warning: Simulation tolerance relaxed to achieve convergence from 5.9026854445884131e-16 to 5.9028807570884134e-16 seconds.
Warning: Simulation tolerance relaxed to achieve convergence from 5.9028807570884134e-16 to 5.9030760695884138e-16 seconds.
Warning: Simulation tolerance relaxed to achieve convergence from 5.9030760695884138e-16 to 5.9032713820884141e-16 seconds.
Warning: Simulation tolerance relaxed to achieve convergence from 5.9032713820884141e-16 to 5.9034666945884144e-16 seconds.
Warning: Simulation tolerance relaxed to achieve convergence from 5.9034666945884144e-16 to 5.9036620070884148e-16 seconds.
Warning: Simulation tolerance relaxed to achieve convergence from 5.9036620070884148e-16 to 5.9038573195884151e-16 seconds.
Warning: Simulation tolerance relaxed to achieve convergence from 5.9038573195884151e-16 to 5.9040526320884155e-16 seconds.
Warning: Simulation tolerance relaxed to achieve convergence from 5.9040526320884155e-16 to 5.9042479445884158e-16 seconds.
Warning: Simulation tolerance relaxed to achieve convergence from 5.9042479445884158e-16 to 5.9044432570884161e-16 seconds.
Warning: Simulation tolerance relaxed to achieve convergence from 5.9044432570884161e-16 to 5.9046385695884165e-16 seconds.
Warning: Simulation tolerance relaxed to achieve convergence from 5.9046385695884165e-16 to 5.9048338820884168e-16 seconds.
Warning: Simulation tolerance relaxed to achieve convergence from 5.9048338820884168e-16 to 5.9050291945884171e-16 seconds.
Warning: Simulation tolerance relaxed to achieve convergence from 5.9050291945884171e-16 to 5.9052245070884175e-16 seconds.
Warning: Simulation tolerance relaxed to achieve convergence from 5.9052245070884175e-16 to 5.9054198195884178e-16 seconds.
Warning: Simulation tolerance relaxed to achieve convergence from 5.9054198195884178e-16 to 5.9056151320884181e-16 seconds.
Warning: Simulation tolerance relaxed to achieve convergence from 5.9056151320884181e-16 to 5.9058104445884185e-16 seconds.
Warning: Simulation tolerance relaxed to achieve convergence from 5.9058104445884185e-16 to 5.9060057570884188e-16 seconds.
Warning: Simulation tolerance relaxed to achieve convergence from 5.9060057570884188e-16 to 5.9062010695884191e-16 seconds.
Warning: Simulation tolerance relaxed to achieve convergence from 5.9062010695884191e-16 to 5.9063963820884195e-16 seconds.
Warning: Simulation tolerance relaxed to achieve convergence from 5.9063963820884195e-16 to 5.9065916945884198e-16 seconds.
Warning: Simulation tolerance relaxed to achieve convergence from 5.9065916945884198e-16 to 5.9067870070884201e-16 seconds.
Warning: Simulation tolerance relaxed to achieve convergence from 5.9067870070884201e-16 to 5.9069823195884205e-16 seconds.
Warning: Simulation tolerance relaxed to achieve convergence from 5.9069823195884205e-16 to 5.9071776320884208e-16 seconds.
Warning: Simulation tolerance relaxed to achieve convergence from 5.9071776320884208e-16 to 5.9073729445884211e-16 seconds.
Warning: Simulation tolerance relaxed to achieve convergence from 5.9073729445884211e-16 to 5.9075682570884215e-16 seconds.
Warning: Simulation tolerance relaxed to achieve convergence from 5.9075682570884215e-16 to 5.9077635695884218e-16 seconds.
Warning: Simulation tolerance relaxed to achieve convergence from 5.9077635695884218e-16 to 5.9079588820884221e-16 seconds.
Warning: Simulation tolerance relaxed to achieve convergence from 5.9079588820884221e-16 to 5.9081541945884225e-16 seconds.
Warning: Simulation tolerance relaxed to achieve convergence from 5.9081541945884225e-16 to 5.9083495070884228e-16 seconds.
Warning: Simulation tolerance relaxed to achieve convergence from 5.9083495070884228e-16 to 5.9085448195884231e-16 seconds.
Warning: Simulation tolerance relaxed to achieve convergence from 5.9085448195884231e-16 to 5.9087401320884235e-16 seconds.
Warning: Simulation tolerance relaxed to achieve convergence from 5.9087401320884235e-16 to 5.9089354445884238e-16 seconds.
Warning: Simulation tolerance relaxed to achieve convergence from 5.9089354445884238e-16 to 5.9091307570884241e-16 seconds.
Warning: Simulation tolerance relaxed to achieve convergence from 5.9091307570884241e-16 to 5.9093260695884245e-16 seconds.
Warning: Simulation tolerance relaxed to achieve convergence from 5.9093260695884245e-16 to 5.9095213820884248e-16 seconds.
Warning: Simulation tolerance relaxed to achieve convergence from 5.9095213820884248e-16 to 5.9097166945884252e-16 seconds.
Warning: Simulation tolerance relaxed to achieve convergence from 5.9097166945884252e-16 to 5.9099120070884255e-16 seconds.
Warning: Simulation tolerance relaxed to achieve convergence from 5.9099120070884255e-16 to 5.9101073195884258e-16 seconds.
Warning: Simulation tolerance relaxed to achieve convergence from 5.9101073195884258e-16 to 5.9103026320884262e-16 seconds.
Warning: Simulation tolerance relaxed to achieve convergence from 5.9103026320884262e-16 to 5.9104979445884265e-16 seconds.
Warning: Simulation tolerance relaxed to achieve convergence from 5.9104979445884265e-16 to 5.9106932570884268e-16 seconds.
Warning: Simulation tolerance relaxed to achieve convergence from 5.9106932570884268e-16 to 5.9108885695884272e-16 seconds.
Warning: Simulation tolerance relaxed to achieve convergence from 5.9108885695884272e-16 to 5.9110838820884275e-16 seconds.
Warning: Simulation tolerance relaxed to achieve convergence from 5.9110838820884275e-16 to 5.9112791945884278e-16 seconds.
Warning: Simulation tolerance relaxed to achieve convergence from 5.9112791945884278e-16 to 5.9114745070884282e-16 seconds.
Warning: Simulation tolerance relaxed to achieve convergence from 5.9114745070884282e-16 to 5.9116698195884285e-16 seconds.
Warning: Simulation tolerance relaxed to achieve convergence from 5.9116698195884285e-16 to 5.9118651320884288e-16 seconds.
Warning: Simulation tolerance relaxed to achieve convergence from 5.9118651320884288e-16 to 5.9120604445884292e-16 seconds.
Warning: Simulation tolerance relaxed to achieve convergence from 5.9120604445884292e-16 to 5.9122557570884295e-16 seconds.
Warning: Simulation tolerance relaxed to achieve convergence from 5.9122557570884295e-16 to 5.9124510695884298e-16 seconds.
Warning: Simulation tolerance relaxed to achieve convergence from 5.9124510695884298e-16 to 5.9126463820884302e-16 seconds.
Warning: Simulation tolerance relaxed to achieve convergence from 5.9126463820884302e-16 to 5.9128416945884305e-16 seconds.
Warning: Simulation tolerance relaxed to achieve convergence from 5.9128416945884305e-16 to 5.9130370070884308e-16 seconds.
Warning: Simulation tolerance relaxed to achieve convergence from 5.9130370070884308e-16 to 5.9132323195884312e-16 seconds.
Warning: Simulation tolerance relaxed to achieve convergence from 5.9132323195884312e-16 to 5.9134276320884315e-16 seconds.
Warning: Simulation tolerance relaxed to achieve convergence from 5.9134276320884315e-16 to 5.9136229445884318e-16 seconds.
Warning: Simulation tolerance relaxed to achieve convergence from 5.9136229445884318e-16 to 5.9138182570884322e-16 seconds.
Warning: Simulation tolerance relaxed to achieve convergence from 5.9138182570884322e-16 to 5.9140135695884325e-16 seconds.
Warning: Simulation tolerance relaxed to achieve convergence from 5.9140135695884325e-16 to 5.9142088820884328e-16 seconds.
Warning: Simulation tolerance relaxed to achieve convergence from 5.9142088820884328e-16 to 5.9144041945884332e-16 seconds.
Warning: Simulation tolerance relaxed to achieve convergence from 5.9144041945884332e-16 to 5.9145995070884335e-16 seconds.
Warning: Simulation tolerance relaxed to achieve convergence from 5.9145995070884335e-16 to 5.9147948195884338e-16 seconds.
Warning: Simulation tolerance relaxed to achieve convergence from 5.9147948195884338e-16 to 5.9149901320884342e-16 seconds.
Warning: Simulation tolerance relaxed to achieve convergence from 5.9149901320884342e-16 to 5.9151854445884345e-16 seconds.
Warning: Simulation tolerance relaxed to achieve convergence from 5.9151854445884345e-16 to 5.9153807570884348e-16 seconds.
Warning: Simulation tolerance relaxed to achieve convergence from 5.9153807570884348e-16 to 5.9155760695884352e-16 seconds.
Warning: Simulation tolerance relaxed to achieve convergence from 5.9155760695884352e-16 to 5.9157713820884355e-16 seconds.
Warning: Simulation tolerance relaxed to achieve convergence from 5.9157713820884355e-16 to 5.9159666945884359e-16 seconds.
Warning: Simulation tolerance relaxed to achieve convergence from 5.9159666945884359e-16 to 5.9161620070884362e-16 seconds.
Warning: Simulation tolerance relaxed to achieve convergence from 5.9161620070884362e-16 to 5.9163573195884365e-16 seconds.
Warning: Simulation tolerance relaxed to achieve convergence from 5.9163573195884365e-16 to 5.9165526320884369e-16 seconds.
Warning: Simulation tolerance relaxed to achieve convergence from 5.9165526320884369e-16 to 5.9167479445884372e-16 seconds.
Warning: Simulation tolerance relaxed to achieve convergence from 5.9167479445884372e-16 to 5.9169432570884375e-16 seconds.
Warning: Simulation tolerance relaxed to achieve convergence from 5.9169432570884375e-16 to 5.9171385695884379e-16 seconds.
Warning: Simulation tolerance relaxed to achieve convergence from 5.9171385695884379e-16 to 5.9173338820884382e-16 seconds.
Warning: Simulation tolerance relaxed to achieve convergence from 5.9173338820884382e-16 to 5.9175291945884385e-16 seconds.
Warning: Simulation tolerance relaxed to achieve convergence from 5.9175291945884385e-16 to 5.9177245070884389e-16 seconds.
Warning: Simulation tolerance relaxed to achieve convergence from 5.9177245070884389e-16 to 5.9179198195884392e-16 seconds.
Warning: Simulation tolerance relaxed to achieve convergence from 5.9179198195884392e-16 to 5.9181151320884395e-16 seconds.
Warning: Simulation tolerance relaxed to achieve convergence from 5.9181151320884395e-16 to 5.9183104445884399e-16 seconds.
Warning: Simulation tolerance relaxed to achieve convergence from 5.9183104445884399e-16 to 5.9185057570884402e-16 seconds.
Warning: Simulation tolerance relaxed to achieve convergence from 5.9185057570884402e-16 to 5.9187010695884405e-16 seconds.
Warning: Simulation tolerance relaxed to achieve convergence from 5.9187010695884405e-16 to 5.9188963820884409e-16 seconds.
Warning: Simulation tolerance relaxed to achieve convergence from 5.9188963820884409e-16 to 5.9190916945884412e-16 seconds.
Warning: Simulation tolerance relaxed to achieve convergence from 5.9190916945884412e-16 to 5.9192870070884415e-16 seconds.
Warning: Simulation tolerance relaxed to achieve convergence from 5.9192870070884415e-16 to 5.9194823195884419e-16 seconds.
Warning: Simulation tolerance relaxed to achieve convergence from 5.9194823195884419e-16 to 5.9196776320884422e-16 seconds.
Warning: Simulation tolerance relaxed to achieve convergence from 5.9196776320884422e-16 to 5.9198729445884425e-16 seconds.
Warning: Simulation tolerance relaxed to achieve convergence from 5.9198729445884425e-16 to 5.9200682570884429e-16 seconds.
Warning: Simulation tolerance relaxed to achieve convergence from 5.9200682570884429e-16 to 5.9202635695884432e-16 seconds.
Warning: Simulation tolerance relaxed to achieve convergence from 5.9202635695884432e-16 to 5.9204588820884435e-16 seconds.
Warning: Simulation tolerance relaxed to achieve convergence from 5.9204588820884435e-16 to 5.9206541945884439e-16 seconds.
Warning: Simulation tolerance relaxed to achieve convergence from 5.9206541945884439e-16 to 5.9208495070884442e-16 seconds.
Warning: Simulation tolerance relaxed to achieve convergence from 5.9208495070884442e-16 to 5.9210448195884445e-16 seconds.
Warning: Simulation tolerance relaxed to achieve convergence from 5.9210448195884445e-16 to 5.9212401320884449e-16 seconds.
Warning: Simulation tolerance relaxed to achieve convergence from 5.9212401320884449e-16 to 5.9214354445884452e-16 seconds.
Warning: Simulation tolerance relaxed to achieve convergence from 5.9214354445884452e-16 to 5.9216307570884456e-16 seconds.
Warning: Simulation tolerance relaxed to achieve convergence from 5.9216307570884456e-16 to 5.9218260695884459e-16 seconds.
Warning: Simulation tolerance relaxed to achieve convergence from 5.9218260695884459e-16 to 5.9220213820884462e-16 seconds.
Warning: Simulation tolerance relaxed to achieve convergence from 5.9220213820884462e-16 to 5.9222166945884466e-16 seconds.
Warning: Simulation tolerance relaxed to achieve convergence from 5.9222166945884466e-16 to 5.9224120070884469e-16 seconds.
Warning: Simulation tolerance relaxed to achieve convergence from 5.9224120070884469e-16 to 5.9226073195884472e-16 seconds.
Warning: Simulation tolerance relaxed to achieve convergence from 5.9226073195884472e-16 to 5.9228026320884476e-16 seconds.
Warning: Simulation tolerance relaxed to achieve convergence from 5.9228026320884476e-16 to 5.9229979445884479e-16 seconds.
Warning: Simulation tolerance relaxed to achieve convergence from 5.9229979445884479e-16 to 5.9231932570884482e-16 seconds.
Warning: Simulation tolerance relaxed to achieve convergence from 5.9231932570884482e-16 to 5.9233885695884486e-16 seconds.
Warning: Simulation tolerance relaxed to achieve convergence from 5.9233885695884486e-16 to 5.9235838820884489e-16 seconds.
Warning: Simulation tolerance relaxed to achieve convergence from 5.9235838820884489e-16 to 5.9237791945884492e-16 seconds.
Warning: Simulation tolerance relaxed to achieve convergence from 5.9237791945884492e-16 to 5.9239745070884496e-16 seconds.
Warning: Simulation tolerance relaxed to achieve convergence from 5.9239745070884496e-16 to 5.9241698195884499e-16 seconds.
Warning: Simulation tolerance relaxed to achieve convergence from 5.9241698195884499e-16 to 5.9243651320884502e-16 seconds.
Warning: Simulation tolerance relaxed to achieve convergence from 5.9243651320884502e-16 to 5.9245604445884506e-16 seconds.
Warning: Simulation tolerance relaxed to achieve convergence from 5.9245604445884506e-16 to 5.9247557570884509e-16 seconds.
Warning: Simulation tolerance relaxed to achieve convergence from 5.9247557570884509e-16 to 5.9249510695884512e-16 seconds.
Warning: Simulation tolerance relaxed to achieve convergence from 5.9249510695884512e-16 to 5.9251463820884516e-16 seconds.
Warning: Simulation tolerance relaxed to achieve convergence from 5.9251463820884516e-16 to 5.9253416945884519e-16 seconds.
Warning: Simulation tolerance relaxed to achieve convergence from 5.9253416945884519e-16 to 5.9255370070884522e-16 seconds.
Warning: Simulation tolerance relaxed to achieve convergence from 5.9255370070884522e-16 to 5.9257323195884526e-16 seconds.
Warning: Simulation tolerance relaxed to achieve convergence from 5.9257323195884526e-16 to 5.9259276320884529e-16 seconds.
Warning: Simulation tolerance relaxed to achieve convergence from 5.9259276320884529e-16 to 5.9261229445884532e-16 seconds.
Warning: Simulation tolerance relaxed to achieve convergence from 5.9261229445884532e-16 to 5.9263182570884536e-16 seconds.
Warning: Simulation tolerance relaxed to achieve convergence from 5.9263182570884536e-16 to 5.9265135695884539e-16 seconds.
Warning: Simulation tolerance relaxed to achieve convergence from 5.9265135695884539e-16 to 5.9267088820884542e-16 seconds.
Warning: Simulation tolerance relaxed to achieve convergence from 5.9267088820884542e-16 to 5.9269041945884546e-16 seconds.
Warning: Simulation tolerance relaxed to achieve convergence from 5.9269041945884546e-16 to 5.9270995070884549e-16 seconds.
Warning: Simulation tolerance relaxed to achieve convergence from 5.9270995070884549e-16 to 5.9272948195884553e-16 seconds.
Warning: Simulation tolerance relaxed to achieve convergence from 5.9272948195884553e-16 to 5.9274901320884556e-16 seconds.
Warning: Simulation tolerance relaxed to achieve convergence from 5.9274901320884556e-16 to 5.9276854445884559e-16 seconds.
Warning: Simulation tolerance relaxed to achieve convergence from 5.9276854445884559e-16 to 5.9278807570884563e-16 seconds.
Warning: Simulation tolerance relaxed to achieve convergence from 5.9278807570884563e-16 to 5.9280760695884566e-16 seconds.
Warning: Simulation tolerance relaxed to achieve convergence from 5.9280760695884566e-16 to 5.9282713820884569e-16 seconds.
Warning: Simulation tolerance relaxed to achieve convergence from 5.9282713820884569e-16 to 5.9284666945884573e-16 seconds.
Warning: Simulation tolerance relaxed to achieve convergence from 5.9284666945884573e-16 to 5.9286620070884576e-16 seconds.
Warning: Simulation tolerance relaxed to achieve convergence from 5.9286620070884576e-16 to 5.9288573195884579e-16 seconds.
Warning: Simulation tolerance relaxed to achieve convergence from 5.9288573195884579e-16 to 5.9290526320884583e-16 seconds.
Warning: Simulation tolerance relaxed to achieve convergence from 5.9290526320884583e-16 to 5.9292479445884586e-16 seconds.
Warning: Simulation tolerance relaxed to achieve convergence from 5.9292479445884586e-16 to 5.9294432570884589e-16 seconds.
Warning: Simulation tolerance relaxed to achieve convergence from 5.9294432570884589e-16 to 5.9296385695884593e-16 seconds.
Warning: Simulation tolerance relaxed to achieve convergence from 5.9296385695884593e-16 to 5.9298338820884596e-16 seconds.
Warning: Simulation tolerance relaxed to achieve convergence from 5.9298338820884596e-16 to 5.9300291945884599e-16 seconds.
Warning: Simulation tolerance relaxed to achieve convergence from 5.9300291945884599e-16 to 5.9302245070884603e-16 seconds.
Warning: Simulation tolerance relaxed to achieve convergence from 5.9302245070884603e-16 to 5.9304198195884606e-16 seconds.
Warning: Simulation tolerance relaxed to achieve convergence from 5.9304198195884606e-16 to 5.9306151320884609e-16 seconds.
Warning: Simulation tolerance relaxed to achieve convergence from 5.9306151320884609e-16 to 5.9308104445884613e-16 seconds.
Warning: Simulation tolerance relaxed to achieve convergence from 5.9308104445884613e-16 to 5.9310057570884616e-16 seconds.
Warning: Simulation tolerance relaxed to achieve convergence from 5.9310057570884616e-16 to 5.9312010695884619e-16 seconds.
Warning: Simulation tolerance relaxed to achieve convergence from 5.9312010695884619e-16 to 5.9313963820884623e-16 seconds.
Warning: Simulation tolerance relaxed to achieve convergence from 5.9313963820884623e-16 to 5.9315916945884626e-16 seconds.
Warning: Simulation tolerance relaxed to achieve convergence from 5.9315916945884626e-16 to 5.9317870070884629e-16 seconds.
Warning: Simulation tolerance relaxed to achieve convergence from 5.9317870070884629e-16 to 5.9319823195884633e-16 seconds.
Warning: Simulation tolerance relaxed to achieve convergence from 5.9319823195884633e-16 to 5.9321776320884636e-16 seconds.
Warning: Simulation tolerance relaxed to achieve convergence from 5.9321776320884636e-16 to 5.9323729445884639e-16 seconds.
Warning: Simulation tolerance relaxed to achieve convergence from 5.9323729445884639e-16 to 5.9325682570884643e-16 seconds.
Warning: Simulation tolerance relaxed to achieve convergence from 5.9325682570884643e-16 to 5.9327635695884646e-16 seconds.
Warning: Simulation tolerance relaxed to achieve convergence from 5.9327635695884646e-16 to 5.9329588820884649e-16 seconds.
Warning: Simulation tolerance relaxed to achieve convergence from 5.9329588820884649e-16 to 5.9331541945884653e-16 seconds.
Warning: Simulation tolerance relaxed to achieve convergence from 5.9331541945884653e-16 to 5.9333495070884656e-16 seconds.
Warning: Simulation tolerance relaxed to achieve convergence from 5.9333495070884656e-16 to 5.9335448195884660e-16 seconds.
Warning: Simulation tolerance relaxed to achieve convergence from 5.9335448195884660e-16 to 5.9337401320884663e-16 seconds.
Warning: Simulation tolerance relaxed to achieve convergence from 5.9337401320884663e-16 to 5.9339354445884666e-16 seconds.
Warning: Simulation tolerance relaxed to achieve convergence from 5.9339354445884666e-16 to 5.9341307570884670e-16 seconds.
Warning: Simulation tolerance relaxed to achieve convergence from 5.9341307570884670e-16 to 5.9343260695884673e-16 seconds.
Warning: Simulation tolerance relaxed to achieve convergence from 5.9343260695884673e-16 to 5.9345213820884676e-16 seconds.
Warning: Simulation tolerance relaxed to achieve convergence from 5.9345213820884676e-16 to 5.9347166945884680e-16 seconds.
Warning: Simulation tolerance relaxed to achieve convergence from 5.9347166945884680e-16 to 5.9349120070884683e-16 seconds.
Warning: Simulation tolerance relaxed to achieve convergence from 5.9349120070884683e-16 to 5.9351073195884686e-16 seconds.
Warning: Simulation tolerance relaxed to achieve convergence from 5.9351073195884686e-16 to 5.9353026320884690e-16 seconds.
Warning: Simulation tolerance relaxed to achieve convergence from 5.9353026320884690e-16 to 5.9354979445884693e-16 seconds.
Warning: Simulation tolerance relaxed to achieve convergence from 5.9354979445884693e-16 to 5.9356932570884696e-16 seconds.
Warning: Simulation tolerance relaxed to achieve convergence from 5.9356932570884696e-16 to 5.9358885695884700e-16 seconds.
Warning: Simulation tolerance relaxed to achieve convergence from 5.9358885695884700e-16 to 5.9360838820884703e-16 seconds.
Warning: Simulation tolerance relaxed to achieve convergence from 5.9360838820884703e-16 to 5.9362791945884706e-16 seconds.
Warning: Simulation tolerance relaxed to achieve convergence from 5.9362791945884706e-16 to 5.9364745070884710e-16 seconds.
Warning: Simulation tolerance relaxed to achieve convergence from 5.9364745070884710e-16 to 5.9366698195884713e-16 seconds.
Warning: Simulation tolerance relaxed to achieve convergence from 5.9366698195884713e-16 to 5.9368651320884716e-16 seconds.
Warning: Simulation tolerance relaxed to achieve convergence from 5.9368651320884716e-16 to 5.9370604445884720e-16 seconds.
Warning: Simulation tolerance relaxed to achieve convergence from 5.9370604445884720e-16 to 5.9372557570884723e-16 seconds.
Warning: Simulation tolerance relaxed to achieve convergence from 5.9372557570884723e-16 to 5.9374510695884726e-16 seconds.
Warning: Simulation tolerance relaxed to achieve convergence from 5.9374510695884726e-16 to 5.9376463820884730e-16 seconds.
Warning: Simulation tolerance relaxed to achieve convergence from 5.9376463820884730e-16 to 5.9378416945884733e-16 seconds.
Warning: Simulation tolerance relaxed to achieve convergence from 5.9378416945884733e-16 to 5.9380370070884736e-16 seconds.
Warning: Simulation tolerance relaxed to achieve convergence from 5.9380370070884736e-16 to 5.9382323195884740e-16 seconds.
Warning: Simulation tolerance relaxed to achieve convergence from 5.9382323195884740e-16 to 5.9384276320884743e-16 seconds.
Warning: Simulation tolerance relaxed to achieve convergence from 5.9384276320884743e-16 to 5.9386229445884746e-16 seconds.
Warning: Simulation tolerance relaxed to achieve convergence from 5.9386229445884746e-16 to 5.9388182570884750e-16 seconds.
Warning: Simulation tolerance relaxed to achieve convergence from 5.9388182570884750e-16 to 5.9390135695884753e-16 seconds.
Warning: Simulation tolerance relaxed to achieve convergence from 5.9390135695884753e-16 to 5.9392088820884757e-16 seconds.
Warning: Simulation tolerance relaxed to achieve convergence from 5.9392088820884757e-16 to 5.9394041945884760e-16 seconds.
Warning: Simulation tolerance relaxed to achieve convergence from 5.9394041945884760e-16 to 5.9395995070884763e-16 seconds.
Warning: Simulation tolerance relaxed to achieve convergence from 5.9395995070884763e-16 to 5.9397948195884767e-16 seconds.
Warning: Simulation tolerance relaxed to achieve convergence from 5.9397948195884767e-16 to 5.9399901320884770e-16 seconds.
Warning: Simulation tolerance relaxed to achieve convergence from 5.9399901320884770e-16 to 5.9401854445884773e-16 seconds.
Warning: Simulation tolerance relaxed to achieve convergence from 5.9401854445884773e-16 to 5.9403807570884777e-16 seconds.
Warning: Simulation tolerance relaxed to achieve convergence from 5.9403807570884777e-16 to 5.9405760695884780e-16 seconds.
Warning: Simulation tolerance relaxed to achieve convergence from 5.9405760695884780e-16 to 5.9407713820884783e-16 seconds.
Warning: Simulation tolerance relaxed to achieve convergence from 5.9407713820884783e-16 to 5.9409666945884787e-16 seconds.
Warning: Simulation tolerance relaxed to achieve convergence from 5.9409666945884787e-16 to 5.9411620070884790e-16 seconds.
Warning: Simulation tolerance relaxed to achieve convergence from 5.9411620070884790e-16 to 5.9413573195884793e-16 seconds.
Warning: Simulation tolerance relaxed to achieve convergence from 5.9413573195884793e-16 to 5.9415526320884797e-16 seconds.
Warning: Simulation tolerance relaxed to achieve convergence from 5.9415526320884797e-16 to 5.9417479445884800e-16 seconds.
Warning: Simulation tolerance relaxed to achieve convergence from 5.9417479445884800e-16 to 5.9419432570884803e-16 seconds.
Warning: Simulation tolerance relaxed to achieve convergence from 5.9419432570884803e-16 to 5.9421385695884807e-16 seconds.
Warning: Simulation tolerance relaxed to achieve convergence from 5.9421385695884807e-16 to 5.9423338820884810e-16 seconds.
Warning: Simulation tolerance relaxed to achieve convergence from 5.9423338820884810e-16 to 5.9425291945884813e-16 seconds.
Warning: Simulation tolerance relaxed to achieve convergence from 5.9425291945884813e-16 to 5.9427245070884817e-16 seconds.
Warning: Simulation tolerance relaxed to achieve convergence from 5.9427245070884817e-16 to 5.9429198195884820e-16 seconds.
Warning: Simulation tolerance relaxed to achieve convergence from 5.9429198195884820e-16 to 5.9431151320884823e-16 seconds.
Warning: Simulation tolerance relaxed to achieve convergence from 5.9431151320884823e-16 to 5.9433104445884827e-16 seconds.
Warning: Simulation tolerance relaxed to achieve convergence from 5.9433104445884827e-16 to 5.9435057570884830e-16 seconds.
Warning: Simulation tolerance relaxed to achieve convergence from 5.9435057570884830e-16 to 5.9437010695884833e-16 seconds.
Warning: Simulation tolerance relaxed to achieve convergence from 5.9437010695884833e-16 to 5.9438963820884837e-16 seconds.
Warning: Simulation tolerance relaxed to achieve convergence from 5.9438963820884837e-16 to 5.9440916945884840e-16 seconds.
Warning: Simulation tolerance relaxed to achieve convergence from 5.9440916945884840e-16 to 5.9442870070884843e-16 seconds.
Warning: Simulation tolerance relaxed to achieve convergence from 5.9442870070884843e-16 to 5.9444823195884847e-16 seconds.
Warning: Simulation tolerance relaxed to achieve convergence from 5.9444823195884847e-16 to 5.9446776320884850e-16 seconds.
Warning: Simulation tolerance relaxed to achieve convergence from 5.9446776320884850e-16 to 5.9448729445884853e-16 seconds.
Warning: Simulation tolerance relaxed to achieve convergence from 5.9448729445884853e-16 to 5.9450682570884857e-16 seconds.
Warning: Simulation tolerance relaxed to achieve convergence from 5.9450682570884857e-16 to 5.9452635695884860e-16 seconds.
Warning: Simulation tolerance relaxed to achieve convergence from 5.9452635695884860e-16 to 5.9454588820884864e-16 seconds.
Warning: Simulation tolerance relaxed to achieve convergence from 5.9454588820884864e-16 to 5.9456541945884867e-16 seconds.
Warning: Simulation tolerance relaxed to achieve convergence from 5.9456541945884867e-16 to 5.9458495070884870e-16 seconds.
Warning: Simulation tolerance relaxed to achieve convergence from 5.9458495070884870e-16 to 5.9460448195884874e-16 seconds.
Warning: Simulation tolerance relaxed to achieve convergence from 5.9460448195884874e-16 to 5.9462401320884877e-16 seconds.
Warning: Simulation tolerance relaxed to achieve convergence from 5.9462401320884877e-16 to 5.9464354445884880e-16 seconds.
Warning: Simulation tolerance relaxed to achieve convergence from 5.9464354445884880e-16 to 5.9466307570884884e-16 seconds.
Warning: Simulation tolerance relaxed to achieve convergence from 5.9466307570884884e-16 to 5.9468260695884887e-16 seconds.
Warning: Simulation tolerance relaxed to achieve convergence from 5.9468260695884887e-16 to 5.9470213820884890e-16 seconds.
Warning: Simulation tolerance relaxed to achieve convergence from 5.9470213820884890e-16 to 5.9472166945884894e-16 seconds.
Warning: Simulation tolerance relaxed to achieve convergence from 5.9472166945884894e-16 to 5.9474120070884897e-16 seconds.
Warning: Simulation tolerance relaxed to achieve convergence from 5.9474120070884897e-16 to 5.9476073195884900e-16 seconds.
Warning: Simulation tolerance relaxed to achieve convergence from 5.9476073195884900e-16 to 5.9478026320884904e-16 seconds.
Warning: Simulation tolerance relaxed to achieve convergence from 5.9478026320884904e-16 to 5.9479979445884907e-16 seconds.
Warning: Simulation tolerance relaxed to achieve convergence from 5.9479979445884907e-16 to 5.9481932570884910e-16 seconds.
Warning: Simulation tolerance relaxed to achieve convergence from 5.9481932570884910e-16 to 5.9483885695884914e-16 seconds.
Warning: Simulation tolerance relaxed to achieve convergence from 5.9483885695884914e-16 to 5.9485838820884917e-16 seconds.
Warning: Simulation tolerance relaxed to achieve convergence from 5.9485838820884917e-16 to 5.9487791945884920e-16 seconds.
Warning: Simulation tolerance relaxed to achieve convergence from 5.9487791945884920e-16 to 5.9489745070884924e-16 seconds.
Warning: Simulation tolerance relaxed to achieve convergence from 5.9489745070884924e-16 to 5.9491698195884927e-16 seconds.
Warning: Simulation tolerance relaxed to achieve convergence from 5.9491698195884927e-16 to 5.9493651320884930e-16 seconds.
Warning: Simulation tolerance relaxed to achieve convergence from 5.9493651320884930e-16 to 5.9495604445884934e-16 seconds.
Warning: Simulation tolerance relaxed to achieve convergence from 5.9495604445884934e-16 to 5.9497557570884937e-16 seconds.
Warning: Simulation tolerance relaxed to achieve convergence from 5.9497557570884937e-16 to 5.9499510695884940e-16 seconds.
Warning: Simulation tolerance relaxed to achieve convergence from 5.9499510695884940e-16 to 5.9501463820884944e-16 seconds.
Warning: Simulation tolerance relaxed to achieve convergence from 5.9501463820884944e-16 to 5.9503416945884947e-16 seconds.
Warning: Simulation tolerance relaxed to achieve convergence from 5.9503416945884947e-16 to 5.9505370070884950e-16 seconds.
Warning: Simulation tolerance relaxed to achieve convergence from 5.9505370070884950e-16 to 5.9507323195884954e-16 seconds.
Warning: Simulation tolerance relaxed to achieve convergence from 5.9507323195884954e-16 to 5.9509276320884957e-16 seconds.
Warning: Simulation tolerance relaxed to achieve convergence from 5.9509276320884957e-16 to 5.9511229445884961e-16 seconds.
Warning: Simulation tolerance relaxed to achieve convergence from 5.9511229445884961e-16 to 5.9513182570884964e-16 seconds.
Warning: Simulation tolerance relaxed to achieve convergence from 5.9513182570884964e-16 to 5.9515135695884967e-16 seconds.
Warning: Simulation tolerance relaxed to achieve convergence from 5.9515135695884967e-16 to 5.9517088820884971e-16 seconds.
Warning: Simulation tolerance relaxed to achieve convergence from 5.9517088820884971e-16 to 5.9519041945884974e-16 seconds.
Warning: Simulation tolerance relaxed to achieve convergence from 5.9519041945884974e-16 to 5.9520995070884977e-16 seconds.
Warning: Simulation tolerance relaxed to achieve convergence from 5.9520995070884977e-16 to 5.9522948195884981e-16 seconds.
Warning: Simulation tolerance relaxed to achieve convergence from 5.9522948195884981e-16 to 5.9524901320884984e-16 seconds.
Warning: Simulation tolerance relaxed to achieve convergence from 5.9524901320884984e-16 to 5.9526854445884987e-16 seconds.
Warning: Simulation tolerance relaxed to achieve convergence from 5.9526854445884987e-16 to 5.9528807570884991e-16 seconds.
Warning: Simulation tolerance relaxed to achieve convergence from 5.9528807570884991e-16 to 5.9530760695884994e-16 seconds.
Warning: Simulation tolerance relaxed to achieve convergence from 5.9530760695884994e-16 to 5.9532713820884997e-16 seconds.
Warning: Simulation tolerance relaxed to achieve convergence from 5.9532713820884997e-16 to 5.9534666945885001e-16 seconds.
Warning: Simulation tolerance relaxed to achieve convergence from 5.9534666945885001e-16 to 5.9536620070885004e-16 seconds.
Warning: Simulation tolerance relaxed to achieve convergence from 5.9536620070885004e-16 to 5.9538573195885007e-16 seconds.
Warning: Simulation tolerance relaxed to achieve convergence from 5.9538573195885007e-16 to 5.9540526320885011e-16 seconds.
Warning: Simulation tolerance relaxed to achieve convergence from 5.9540526320885011e-16 to 5.9542479445885014e-16 seconds.
Warning: Simulation tolerance relaxed to achieve convergence from 5.9542479445885014e-16 to 5.9544432570885017e-16 seconds.
Warning: Simulation tolerance relaxed to achieve convergence from 5.9544432570885017e-16 to 5.9546385695885021e-16 seconds.
Warning: Simulation tolerance relaxed to achieve convergence from 5.9546385695885021e-16 to 5.9548338820885024e-16 seconds.
Warning: Simulation tolerance relaxed to achieve convergence from 5.9548338820885024e-16 to 5.9550291945885027e-16 seconds.
Warning: Simulation tolerance relaxed to achieve convergence from 5.9550291945885027e-16 to 5.9552245070885031e-16 seconds.
Warning: Simulation tolerance relaxed to achieve convergence from 5.9552245070885031e-16 to 5.9554198195885034e-16 seconds.
Warning: Simulation tolerance relaxed to achieve convergence from 5.9554198195885034e-16 to 5.9556151320885037e-16 seconds.
Warning: Simulation tolerance relaxed to achieve convergence from 5.9556151320885037e-16 to 5.9558104445885041e-16 seconds.
Warning: Simulation tolerance relaxed to achieve convergence from 5.9558104445885041e-16 to 5.9560057570885044e-16 seconds.
Warning: Simulation tolerance relaxed to achieve convergence from 5.9560057570885044e-16 to 5.9562010695885047e-16 seconds.
Warning: Simulation tolerance relaxed to achieve convergence from 5.9562010695885047e-16 to 5.9563963820885051e-16 seconds.
Warning: Simulation tolerance relaxed to achieve convergence from 5.9563963820885051e-16 to 5.9565916945885054e-16 seconds.
Warning: Simulation tolerance relaxed to achieve convergence from 5.9565916945885054e-16 to 5.9567870070885057e-16 seconds.
Warning: Simulation tolerance relaxed to achieve convergence from 5.9567870070885057e-16 to 5.9569823195885061e-16 seconds.
Warning: Simulation tolerance relaxed to achieve convergence from 5.9569823195885061e-16 to 5.9571776320885064e-16 seconds.
Warning: Simulation tolerance relaxed to achieve convergence from 5.9571776320885064e-16 to 5.9573729445885068e-16 seconds.
Warning: Simulation tolerance relaxed to achieve convergence from 5.9573729445885068e-16 to 5.9575682570885071e-16 seconds.
Warning: Simulation tolerance relaxed to achieve convergence from 5.9575682570885071e-16 to 5.9577635695885074e-16 seconds.
Warning: Simulation tolerance relaxed to achieve convergence from 5.9577635695885074e-16 to 5.9579588820885078e-16 seconds.
Warning: Simulation tolerance relaxed to achieve convergence from 5.9579588820885078e-16 to 5.9581541945885081e-16 seconds.
Warning: Simulation tolerance relaxed to achieve convergence from 5.9581541945885081e-16 to 5.9583495070885084e-16 seconds.
Warning: Simulation tolerance relaxed to achieve convergence from 5.9583495070885084e-16 to 5.9585448195885088e-16 seconds.
Warning: Simulation tolerance relaxed to achieve convergence from 5.9585448195885088e-16 to 5.9587401320885091e-16 seconds.
Warning: Simulation tolerance relaxed to achieve convergence from 5.9587401320885091e-16 to 5.9589354445885094e-16 seconds.
Warning: Simulation tolerance relaxed to achieve convergence from 5.9589354445885094e-16 to 5.9591307570885098e-16 seconds.
Warning: Simulation tolerance relaxed to achieve convergence from 5.9591307570885098e-16 to 5.9593260695885101e-16 seconds.
Warning: Simulation tolerance relaxed to achieve convergence from 5.9593260695885101e-16 to 5.9595213820885104e-16 seconds.
Warning: Simulation tolerance relaxed to achieve convergence from 5.9595213820885104e-16 to 5.9597166945885108e-16 seconds.
Warning: Simulation tolerance relaxed to achieve convergence from 5.9597166945885108e-16 to 5.9599120070885111e-16 seconds.
Warning: Simulation tolerance relaxed to achieve convergence from 5.9599120070885111e-16 to 5.9601073195885114e-16 seconds.
Warning: Simulation tolerance relaxed to achieve convergence from 5.9601073195885114e-16 to 5.9603026320885118e-16 seconds.
Warning: Simulation tolerance relaxed to achieve convergence from 5.9603026320885118e-16 to 5.9604979445885121e-16 seconds.
Warning: Simulation tolerance relaxed to achieve convergence from 5.9604979445885121e-16 to 5.9606932570885124e-16 seconds.
Warning: Simulation tolerance relaxed to achieve convergence from 5.9606932570885124e-16 to 5.9608885695885128e-16 seconds.
Warning: Simulation tolerance relaxed to achieve convergence from 5.9608885695885128e-16 to 5.9610838820885131e-16 seconds.
Warning: Simulation tolerance relaxed to achieve convergence from 5.9610838820885131e-16 to 5.9612791945885134e-16 seconds.
Warning: Simulation tolerance relaxed to achieve convergence from 5.9612791945885134e-16 to 5.9614745070885138e-16 seconds.
Warning: Simulation tolerance relaxed to achieve convergence from 5.9614745070885138e-16 to 5.9616698195885141e-16 seconds.
Warning: Simulation tolerance relaxed to achieve convergence from 5.9616698195885141e-16 to 5.9618651320885144e-16 seconds.
Warning: Simulation tolerance relaxed to achieve convergence from 5.9618651320885144e-16 to 5.9620604445885148e-16 seconds.
Warning: Simulation tolerance relaxed to achieve convergence from 5.9620604445885148e-16 to 5.9622557570885151e-16 seconds.
Warning: Simulation tolerance relaxed to achieve convergence from 5.9622557570885151e-16 to 5.9624510695885154e-16 seconds.
Warning: Simulation tolerance relaxed to achieve convergence from 5.9624510695885154e-16 to 5.9626463820885158e-16 seconds.
Warning: Simulation tolerance relaxed to achieve convergence from 5.9626463820885158e-16 to 5.9628416945885161e-16 seconds.
Warning: Simulation tolerance relaxed to achieve convergence from 5.9628416945885161e-16 to 5.9630370070885165e-16 seconds.
Warning: Simulation tolerance relaxed to achieve convergence from 5.9630370070885165e-16 to 5.9632323195885168e-16 seconds.
Warning: Simulation tolerance relaxed to achieve convergence from 5.9632323195885168e-16 to 5.9634276320885171e-16 seconds.
Warning: Simulation tolerance relaxed to achieve convergence from 5.9634276320885171e-16 to 5.9636229445885175e-16 seconds.
Warning: Simulation tolerance relaxed to achieve convergence from 5.9636229445885175e-16 to 5.9638182570885178e-16 seconds.
Warning: Simulation tolerance relaxed to achieve convergence from 5.9638182570885178e-16 to 5.9640135695885181e-16 seconds.
Warning: Simulation tolerance relaxed to achieve convergence from 5.9640135695885181e-16 to 5.9642088820885185e-16 seconds.
Warning: Simulation tolerance relaxed to achieve convergence from 5.9642088820885185e-16 to 5.9644041945885188e-16 seconds.
Warning: Simulation tolerance relaxed to achieve convergence from 5.9644041945885188e-16 to 5.9645995070885191e-16 seconds.
Warning: Simulation tolerance relaxed to achieve convergence from 5.9645995070885191e-16 to 5.9647948195885195e-16 seconds.
Warning: Simulation tolerance relaxed to achieve convergence from 5.9647948195885195e-16 to 5.9649901320885198e-16 seconds.
Warning: Simulation tolerance relaxed to achieve convergence from 5.9649901320885198e-16 to 5.9651854445885201e-16 seconds.
Warning: Simulation tolerance relaxed to achieve convergence from 5.9651854445885201e-16 to 5.9653807570885205e-16 seconds.
Warning: Simulation tolerance relaxed to achieve convergence from 5.9653807570885205e-16 to 5.9655760695885208e-16 seconds.
Warning: Simulation tolerance relaxed to achieve convergence from 5.9655760695885208e-16 to 5.9657713820885211e-16 seconds.
Warning: Simulation tolerance relaxed to achieve convergence from 5.9657713820885211e-16 to 5.9659666945885215e-16 seconds.
Warning: Simulation tolerance relaxed to achieve convergence from 5.9659666945885215e-16 to 5.9661620070885218e-16 seconds.
Warning: Simulation tolerance relaxed to achieve convergence from 5.9661620070885218e-16 to 5.9663573195885221e-16 seconds.
Warning: Simulation tolerance relaxed to achieve convergence from 5.9663573195885221e-16 to 5.9665526320885225e-16 seconds.
Warning: Simulation tolerance relaxed to achieve convergence from 5.9665526320885225e-16 to 5.9667479445885228e-16 seconds.
Warning: Simulation tolerance relaxed to achieve convergence from 5.9667479445885228e-16 to 5.9669432570885231e-16 seconds.
Warning: Simulation tolerance relaxed to achieve convergence from 5.9669432570885231e-16 to 5.9671385695885235e-16 seconds.
Warning: Simulation tolerance relaxed to achieve convergence from 5.9671385695885235e-16 to 5.9673338820885238e-16 seconds.
Warning: Simulation tolerance relaxed to achieve convergence from 5.9673338820885238e-16 to 5.9675291945885241e-16 seconds.
Warning: Simulation tolerance relaxed to achieve convergence from 5.9675291945885241e-16 to 5.9677245070885245e-16 seconds.
Warning: Simulation tolerance relaxed to achieve convergence from 5.9677245070885245e-16 to 5.9679198195885248e-16 seconds.
Warning: Simulation tolerance relaxed to achieve convergence from 5.9679198195885248e-16 to 5.9681151320885251e-16 seconds.
Warning: Simulation tolerance relaxed to achieve convergence from 5.9681151320885251e-16 to 5.9683104445885255e-16 seconds.
Warning: Simulation tolerance relaxed to achieve convergence from 5.9683104445885255e-16 to 5.9685057570885258e-16 seconds.
Warning: Simulation tolerance relaxed to achieve convergence from 5.9685057570885258e-16 to 5.9687010695885262e-16 seconds.
Warning: Simulation tolerance relaxed to achieve convergence from 5.9687010695885262e-16 to 5.9688963820885265e-16 seconds.
Warning: Simulation tolerance relaxed to achieve convergence from 5.9688963820885265e-16 to 5.9690916945885268e-16 seconds.
Warning: Simulation tolerance relaxed to achieve convergence from 5.9690916945885268e-16 to 5.9692870070885272e-16 seconds.
Warning: Simulation tolerance relaxed to achieve convergence from 5.9692870070885272e-16 to 5.9694823195885275e-16 seconds.
Warning: Simulation tolerance relaxed to achieve convergence from 5.9694823195885275e-16 to 5.9696776320885278e-16 seconds.
Warning: Simulation tolerance relaxed to achieve convergence from 5.9696776320885278e-16 to 5.9698729445885282e-16 seconds.
Warning: Simulation tolerance relaxed to achieve convergence from 5.9698729445885282e-16 to 5.9700682570885285e-16 seconds.
Warning: Simulation tolerance relaxed to achieve convergence from 5.9700682570885285e-16 to 5.9702635695885288e-16 seconds.
Warning: Simulation tolerance relaxed to achieve convergence from 5.9702635695885288e-16 to 5.9704588820885292e-16 seconds.
Warning: Simulation tolerance relaxed to achieve convergence from 5.9704588820885292e-16 to 5.9706541945885295e-16 seconds.
Warning: Simulation tolerance relaxed to achieve convergence from 5.9706541945885295e-16 to 5.9708495070885298e-16 seconds.
Warning: Simulation tolerance relaxed to achieve convergence from 5.9708495070885298e-16 to 5.9710448195885302e-16 seconds.
Warning: Simulation tolerance relaxed to achieve convergence from 5.9710448195885302e-16 to 5.9712401320885305e-16 seconds.
Warning: Simulation tolerance relaxed to achieve convergence from 5.9712401320885305e-16 to 5.9714354445885308e-16 seconds.
Warning: Simulation tolerance relaxed to achieve convergence from 5.9714354445885308e-16 to 5.9716307570885312e-16 seconds.
Warning: Simulation tolerance relaxed to achieve convergence from 5.9716307570885312e-16 to 5.9718260695885315e-16 seconds.
Warning: Simulation tolerance relaxed to achieve convergence from 5.9718260695885315e-16 to 5.9720213820885318e-16 seconds.
Warning: Simulation tolerance relaxed to achieve convergence from 5.9720213820885318e-16 to 5.9722166945885322e-16 seconds.
Warning: Simulation tolerance relaxed to achieve convergence from 5.9722166945885322e-16 to 5.9724120070885325e-16 seconds.
Warning: Simulation tolerance relaxed to achieve convergence from 5.9724120070885325e-16 to 5.9726073195885328e-16 seconds.
Warning: Simulation tolerance relaxed to achieve convergence from 5.9726073195885328e-16 to 5.9728026320885332e-16 seconds.
Warning: Simulation tolerance relaxed to achieve convergence from 5.9728026320885332e-16 to 5.9729979445885335e-16 seconds.
Warning: Simulation tolerance relaxed to achieve convergence from 5.9729979445885335e-16 to 5.9731932570885338e-16 seconds.
Warning: Simulation tolerance relaxed to achieve convergence from 5.9731932570885338e-16 to 5.9733885695885342e-16 seconds.
Warning: Simulation tolerance relaxed to achieve convergence from 5.9733885695885342e-16 to 5.9735838820885345e-16 seconds.
Warning: Simulation tolerance relaxed to achieve convergence from 5.9735838820885345e-16 to 5.9737791945885348e-16 seconds.
Warning: Simulation tolerance relaxed to achieve convergence from 5.9737791945885348e-16 to 5.9739745070885352e-16 seconds.
Warning: Simulation tolerance relaxed to achieve convergence from 5.9739745070885352e-16 to 5.9741698195885355e-16 seconds.
Warning: Simulation tolerance relaxed to achieve convergence from 5.9741698195885355e-16 to 5.9743651320885358e-16 seconds.
Warning: Simulation tolerance relaxed to achieve convergence from 5.9743651320885358e-16 to 5.9745604445885362e-16 seconds.
Warning: Simulation tolerance relaxed to achieve convergence from 5.9745604445885362e-16 to 5.9747557570885365e-16 seconds.
Warning: Simulation tolerance relaxed to achieve convergence from 5.9747557570885365e-16 to 5.9749510695885369e-16 seconds.
Warning: Simulation tolerance relaxed to achieve convergence from 5.9749510695885369e-16 to 5.9751463820885372e-16 seconds.
Warning: Simulation tolerance relaxed to achieve convergence from 5.9751463820885372e-16 to 5.9753416945885375e-16 seconds.
Warning: Simulation tolerance relaxed to achieve convergence from 5.9753416945885375e-16 to 5.9755370070885379e-16 seconds.
Warning: Simulation tolerance relaxed to achieve convergence from 5.9755370070885379e-16 to 5.9757323195885382e-16 seconds.
Warning: Simulation tolerance relaxed to achieve convergence from 5.9757323195885382e-16 to 5.9759276320885385e-16 seconds.
Warning: Simulation tolerance relaxed to achieve convergence from 5.9759276320885385e-16 to 5.9761229445885389e-16 seconds.
Warning: Simulation tolerance relaxed to achieve convergence from 5.9761229445885389e-16 to 5.9763182570885392e-16 seconds.
Warning: Simulation tolerance relaxed to achieve convergence from 5.9763182570885392e-16 to 5.9765135695885395e-16 seconds.
Warning: Simulation tolerance relaxed to achieve convergence from 5.9765135695885395e-16 to 5.9767088820885399e-16 seconds.
Warning: Simulation tolerance relaxed to achieve convergence from 5.9767088820885399e-16 to 5.9769041945885402e-16 seconds.
Warning: Simulation tolerance relaxed to achieve convergence from 5.9769041945885402e-16 to 5.9770995070885405e-16 seconds.
Warning: Simulation tolerance relaxed to achieve convergence from 5.9770995070885405e-16 to 5.9772948195885409e-16 seconds.
Warning: Simulation tolerance relaxed to achieve convergence from 5.9772948195885409e-16 to 5.9774901320885412e-16 seconds.
Warning: Simulation tolerance relaxed to achieve convergence from 5.9774901320885412e-16 to 5.9776854445885415e-16 seconds.
Warning: Simulation tolerance relaxed to achieve convergence from 5.9776854445885415e-16 to 5.9778807570885419e-16 seconds.
Warning: Simulation tolerance relaxed to achieve convergence from 5.9778807570885419e-16 to 5.9780760695885422e-16 seconds.
Warning: Simulation tolerance relaxed to achieve convergence from 5.9780760695885422e-16 to 5.9782713820885425e-16 seconds.
Warning: Simulation tolerance relaxed to achieve convergence from 5.9782713820885425e-16 to 5.9784666945885429e-16 seconds.
Warning: Simulation tolerance relaxed to achieve convergence from 5.9784666945885429e-16 to 5.9786620070885432e-16 seconds.
Warning: Simulation tolerance relaxed to achieve convergence from 5.9786620070885432e-16 to 5.9788573195885435e-16 seconds.
Warning: Simulation tolerance relaxed to achieve convergence from 5.9788573195885435e-16 to 5.9790526320885439e-16 seconds.
Warning: Simulation tolerance relaxed to achieve convergence from 5.9790526320885439e-16 to 5.9792479445885442e-16 seconds.
Warning: Simulation tolerance relaxed to achieve convergence from 5.9792479445885442e-16 to 5.9794432570885445e-16 seconds.
Warning: Simulation tolerance relaxed to achieve convergence from 5.9794432570885445e-16 to 5.9796385695885449e-16 seconds.
Warning: Simulation tolerance relaxed to achieve convergence from 5.9796385695885449e-16 to 5.9798338820885452e-16 seconds.
Warning: Simulation tolerance relaxed to achieve convergence from 5.9798338820885452e-16 to 5.9800291945885455e-16 seconds.
Warning: Simulation tolerance relaxed to achieve convergence from 5.9800291945885455e-16 to 5.9802245070885459e-16 seconds.
Warning: Simulation tolerance relaxed to achieve convergence from 5.9802245070885459e-16 to 5.9804198195885462e-16 seconds.
Warning: Simulation tolerance relaxed to achieve convergence from 5.9804198195885462e-16 to 5.9806151320885466e-16 seconds.
Warning: Simulation tolerance relaxed to achieve convergence from 5.9806151320885466e-16 to 5.9808104445885469e-16 seconds.
Warning: Simulation tolerance relaxed to achieve convergence from 5.9808104445885469e-16 to 5.9810057570885472e-16 seconds.
Warning: Simulation tolerance relaxed to achieve convergence from 5.9810057570885472e-16 to 5.9812010695885476e-16 seconds.
Warning: Simulation tolerance relaxed to achieve convergence from 5.9812010695885476e-16 to 5.9813963820885479e-16 seconds.
Warning: Simulation tolerance relaxed to achieve convergence from 5.9813963820885479e-16 to 5.9815916945885482e-16 seconds.
Warning: Simulation tolerance relaxed to achieve convergence from 5.9815916945885482e-16 to 5.9817870070885486e-16 seconds.
Warning: Simulation tolerance relaxed to achieve convergence from 5.9817870070885486e-16 to 5.9819823195885489e-16 seconds.
Warning: Simulation tolerance relaxed to achieve convergence from 5.9819823195885489e-16 to 5.9821776320885492e-16 seconds.
Warning: Simulation tolerance relaxed to achieve convergence from 5.9821776320885492e-16 to 5.9823729445885496e-16 seconds.
Warning: Simulation tolerance relaxed to achieve convergence from 5.9823729445885496e-16 to 5.9825682570885499e-16 seconds.
Warning: Simulation tolerance relaxed to achieve convergence from 5.9825682570885499e-16 to 5.9827635695885502e-16 seconds.
Warning: Simulation tolerance relaxed to achieve convergence from 5.9827635695885502e-16 to 5.9829588820885506e-16 seconds.
Warning: Simulation tolerance relaxed to achieve convergence from 5.9829588820885506e-16 to 5.9831541945885509e-16 seconds.
Warning: Simulation tolerance relaxed to achieve convergence from 5.9831541945885509e-16 to 5.9833495070885512e-16 seconds.
Warning: Simulation tolerance relaxed to achieve convergence from 5.9833495070885512e-16 to 5.9835448195885516e-16 seconds.
Warning: Simulation tolerance relaxed to achieve convergence from 5.9835448195885516e-16 to 5.9837401320885519e-16 seconds.
Warning: Simulation tolerance relaxed to achieve convergence from 5.9837401320885519e-16 to 5.9839354445885522e-16 seconds.
Warning: Simulation tolerance relaxed to achieve convergence from 5.9839354445885522e-16 to 5.9841307570885526e-16 seconds.
Warning: Simulation tolerance relaxed to achieve convergence from 5.9841307570885526e-16 to 5.9843260695885529e-16 seconds.
Warning: Simulation tolerance relaxed to achieve convergence from 5.9843260695885529e-16 to 5.9845213820885532e-16 seconds.
Warning: Simulation tolerance relaxed to achieve convergence from 5.9845213820885532e-16 to 5.9847166945885536e-16 seconds.
Warning: Simulation tolerance relaxed to achieve convergence from 5.9847166945885536e-16 to 5.9849120070885539e-16 seconds.
Warning: Simulation tolerance relaxed to achieve convergence from 5.9849120070885539e-16 to 5.9851073195885542e-16 seconds.
Warning: Simulation tolerance relaxed to achieve convergence from 5.9851073195885542e-16 to 5.9853026320885546e-16 seconds.
Warning: Simulation tolerance relaxed to achieve convergence from 5.9853026320885546e-16 to 5.9854979445885549e-16 seconds.
Warning: Simulation tolerance relaxed to achieve convergence from 5.9854979445885549e-16 to 5.9856932570885552e-16 seconds.
Warning: Simulation tolerance relaxed to achieve convergence from 5.9856932570885552e-16 to 5.9858885695885556e-16 seconds.
Warning: Simulation tolerance relaxed to achieve convergence from 5.9858885695885556e-16 to 5.9860838820885559e-16 seconds.
Warning: Simulation tolerance relaxed to achieve convergence from 5.9860838820885559e-16 to 5.9862791945885562e-16 seconds.
Warning: Simulation tolerance relaxed to achieve convergence from 5.9862791945885562e-16 to 5.9864745070885566e-16 seconds.
Warning: Simulation tolerance relaxed to achieve convergence from 5.9864745070885566e-16 to 5.9866698195885569e-16 seconds.
Warning: Simulation tolerance relaxed to achieve convergence from 5.9866698195885569e-16 to 5.9868651320885573e-16 seconds.
Warning: Simulation tolerance relaxed to achieve convergence from 5.9868651320885573e-16 to 5.9870604445885576e-16 seconds.
Warning: Simulation tolerance relaxed to achieve convergence from 5.9870604445885576e-16 to 5.9872557570885579e-16 seconds.
Warning: Simulation tolerance relaxed to achieve convergence from 5.9872557570885579e-16 to 5.9874510695885583e-16 seconds.
Warning: Simulation tolerance relaxed to achieve convergence from 5.9874510695885583e-16 to 5.9876463820885586e-16 seconds.
Warning: Simulation tolerance relaxed to achieve convergence from 5.9876463820885586e-16 to 5.9878416945885589e-16 seconds.
Warning: Simulation tolerance relaxed to achieve convergence from 5.9878416945885589e-16 to 5.9880370070885593e-16 seconds.
Warning: Simulation tolerance relaxed to achieve convergence from 5.9880370070885593e-16 to 5.9882323195885596e-16 seconds.
Warning: Simulation tolerance relaxed to achieve convergence from 5.9882323195885596e-16 to 5.9884276320885599e-16 seconds.
Warning: Simulation tolerance relaxed to achieve convergence from 5.9884276320885599e-16 to 5.9886229445885603e-16 seconds.
Warning: Simulation tolerance relaxed to achieve convergence from 5.9886229445885603e-16 to 5.9888182570885606e-16 seconds.
Warning: Simulation tolerance relaxed to achieve convergence from 5.9888182570885606e-16 to 5.9890135695885609e-16 seconds.
Warning: Simulation tolerance relaxed to achieve convergence from 5.9890135695885609e-16 to 5.9892088820885613e-16 seconds.
Warning: Simulation tolerance relaxed to achieve convergence from 5.9892088820885613e-16 to 5.9894041945885616e-16 seconds.
Warning: Simulation tolerance relaxed to achieve convergence from 5.9894041945885616e-16 to 5.9895995070885619e-16 seconds.
Warning: Simulation tolerance relaxed to achieve convergence from 5.9895995070885619e-16 to 5.9897948195885623e-16 seconds.
Warning: Simulation tolerance relaxed to achieve convergence from 5.9897948195885623e-16 to 5.9899901320885626e-16 seconds.
Warning: Simulation tolerance relaxed to achieve convergence from 5.9899901320885626e-16 to 5.9901854445885629e-16 seconds.
Warning: Simulation tolerance relaxed to achieve convergence from 5.9901854445885629e-16 to 5.9903807570885633e-16 seconds.
Warning: Simulation tolerance relaxed to achieve convergence from 5.9903807570885633e-16 to 5.9905760695885636e-16 seconds.
Warning: Simulation tolerance relaxed to achieve convergence from 5.9905760695885636e-16 to 5.9907713820885639e-16 seconds.
Warning: Simulation tolerance relaxed to achieve convergence from 5.9907713820885639e-16 to 5.9909666945885643e-16 seconds.
Warning: Simulation tolerance relaxed to achieve convergence from 5.9909666945885643e-16 to 5.9911620070885646e-16 seconds.
Warning: Simulation tolerance relaxed to achieve convergence from 5.9911620070885646e-16 to 5.9913573195885649e-16 seconds.
Warning: Simulation tolerance relaxed to achieve convergence from 5.9913573195885649e-16 to 5.9915526320885653e-16 seconds.
Warning: Simulation tolerance relaxed to achieve convergence from 5.9915526320885653e-16 to 5.9917479445885656e-16 seconds.
Warning: Simulation tolerance relaxed to achieve convergence from 5.9917479445885656e-16 to 5.9919432570885659e-16 seconds.
Warning: Simulation tolerance relaxed to achieve convergence from 5.9919432570885659e-16 to 5.9921385695885663e-16 seconds.
Warning: Simulation tolerance relaxed to achieve convergence from 5.9921385695885663e-16 to 5.9923338820885666e-16 seconds.
Warning: Simulation tolerance relaxed to achieve convergence from 5.9923338820885666e-16 to 5.9925291945885670e-16 seconds.
Warning: Simulation tolerance relaxed to achieve convergence from 5.9925291945885670e-16 to 5.9927245070885673e-16 seconds.
Warning: Simulation tolerance relaxed to achieve convergence from 5.9927245070885673e-16 to 5.9929198195885676e-16 seconds.
Warning: Simulation tolerance relaxed to achieve convergence from 5.9929198195885676e-16 to 5.9931151320885680e-16 seconds.
Warning: Simulation tolerance relaxed to achieve convergence from 5.9931151320885680e-16 to 5.9933104445885683e-16 seconds.
Warning: Simulation tolerance relaxed to achieve convergence from 5.9933104445885683e-16 to 5.9935057570885686e-16 seconds.
Warning: Simulation tolerance relaxed to achieve convergence from 5.9935057570885686e-16 to 5.9937010695885690e-16 seconds.
Warning: Simulation tolerance relaxed to achieve convergence from 5.9937010695885690e-16 to 5.9938963820885693e-16 seconds.
Warning: Simulation tolerance relaxed to achieve convergence from 5.9938963820885693e-16 to 5.9940916945885696e-16 seconds.
Warning: Simulation tolerance relaxed to achieve convergence from 5.9940916945885696e-16 to 5.9942870070885700e-16 seconds.
Warning: Simulation tolerance relaxed to achieve convergence from 5.9942870070885700e-16 to 5.9944823195885703e-16 seconds.
Warning: Simulation tolerance relaxed to achieve convergence from 5.9944823195885703e-16 to 5.9946776320885706e-16 seconds.
Warning: Simulation tolerance relaxed to achieve convergence from 5.9946776320885706e-16 to 5.9948729445885710e-16 seconds.
Warning: Simulation tolerance relaxed to achieve convergence from 5.9948729445885710e-16 to 5.9950682570885713e-16 seconds.
Warning: Simulation tolerance relaxed to achieve convergence from 5.9950682570885713e-16 to 5.9952635695885716e-16 seconds.
Warning: Simulation tolerance relaxed to achieve convergence from 5.9952635695885716e-16 to 5.9954588820885720e-16 seconds.
Warning: Simulation tolerance relaxed to achieve convergence from 5.9954588820885720e-16 to 5.9956541945885723e-16 seconds.
Warning: Simulation tolerance relaxed to achieve convergence from 5.9956541945885723e-16 to 5.9958495070885726e-16 seconds.
Warning: Simulation tolerance relaxed to achieve convergence from 5.9958495070885726e-16 to 5.9960448195885730e-16 seconds.
Warning: Simulation tolerance relaxed to achieve convergence from 5.9960448195885730e-16 to 5.9962401320885733e-16 seconds.
Warning: Simulation tolerance relaxed to achieve convergence from 5.9962401320885733e-16 to 5.9964354445885736e-16 seconds.
Warning: Simulation tolerance relaxed to achieve convergence from 5.9964354445885736e-16 to 5.9966307570885740e-16 seconds.
Warning: Simulation tolerance relaxed to achieve convergence from 5.9966307570885740e-16 to 5.9968260695885743e-16 seconds.
Warning: Simulation tolerance relaxed to achieve convergence from 5.9968260695885743e-16 to 5.9970213820885746e-16 seconds.
Warning: Simulation tolerance relaxed to achieve convergence from 5.9970213820885746e-16 to 5.9972166945885750e-16 seconds.
Warning: Simulation tolerance relaxed to achieve convergence from 5.9972166945885750e-16 to 5.9974120070885753e-16 seconds.
Warning: Simulation tolerance relaxed to achieve convergence from 5.9974120070885753e-16 to 5.9976073195885756e-16 seconds.
Warning: Simulation tolerance relaxed to achieve convergence from 5.9976073195885756e-16 to 5.9978026320885760e-16 seconds.
Warning: Simulation tolerance relaxed to achieve convergence from 5.9978026320885760e-16 to 5.9979979445885763e-16 seconds.
Warning: Simulation tolerance relaxed to achieve convergence from 5.9979979445885763e-16 to 5.9981932570885766e-16 seconds.
Warning: Simulation tolerance relaxed to achieve convergence from 5.9981932570885766e-16 to 5.9983885695885770e-16 seconds.
Warning: Simulation tolerance relaxed to achieve convergence from 5.9983885695885770e-16 to 5.9985838820885773e-16 seconds.
Warning: Simulation tolerance relaxed to achieve convergence from 5.9985838820885773e-16 to 5.9987791945885777e-16 seconds.
Warning: Simulation tolerance relaxed to achieve convergence from 5.9987791945885777e-16 to 5.9989745070885780e-16 seconds.
Warning: Simulation tolerance relaxed to achieve convergence from 5.9989745070885780e-16 to 5.9991698195885783e-16 seconds.
Warning: Simulation tolerance relaxed to achieve convergence from 5.9991698195885783e-16 to 5.9993651320885787e-16 seconds.
Warning: Simulation tolerance relaxed to achieve convergence from 5.9993651320885787e-16 to 5.9995604445885790e-16 seconds.
Warning: Simulation tolerance relaxed to achieve convergence from 5.9995604445885790e-16 to 5.9997557570885793e-16 seconds.
Warning: Simulation tolerance relaxed to achieve convergence from 5.9997557570885793e-16 to 5.9999510695885797e-16 seconds.
Warning: Simulation tolerance relaxed to achieve convergence from 5.9999510695885797e-16 to 6.0001463820885800e-16 seconds.
Warning: Simulation tolerance relaxed to achieve convergence from 6.0001463820885800e-16 to 6.0003416945885803e-16 seconds.
Warning: Simulation tolerance relaxed to achieve convergence from 6.0003416945885803e-16 to 6.0005370070885807e-16 seconds.
Warning: Simulation tolerance relaxed to achieve convergence from 6.0005370070885807e-16 to 6.0007323195885810e-16 seconds.
Warning: Simulation tolerance relaxed to achieve convergence from 6.0007323195885810e-16 to 6.0009276320885813e-16 seconds.
Warning: Simulation tolerance relaxed to achieve convergence from 6.0009276320885813e-16 to 6.0011229445885817e-16 seconds.
Warning: Simulation tolerance relaxed to achieve convergence from 6.0011229445885817e-16 to 6.0013182570885820e-16 seconds.
Warning: Simulation tolerance relaxed to achieve convergence from 6.0013182570885820e-16 to 6.0015135695885823e-16 seconds.
Warning: Simulation tolerance relaxed to achieve convergence from 6.0015135695885823e-16 to 6.0017088820885827e-16 seconds.
Warning: Simulation tolerance relaxed to achieve convergence from 6.0017088820885827e-16 to 6.0019041945885830e-16 seconds.
Warning: Simulation tolerance relaxed to achieve convergence from 6.0019041945885830e-16 to 6.0020995070885833e-16 seconds.
Warning: Simulation tolerance relaxed to achieve convergence from 6.0020995070885833e-16 to 6.0022948195885837e-16 seconds.
Warning: Simulation tolerance relaxed to achieve convergence from 6.0022948195885837e-16 to 6.0024901320885840e-16 seconds.
Warning: Simulation tolerance relaxed to achieve convergence from 6.0024901320885840e-16 to 6.0026854445885843e-16 seconds.
Warning: Simulation tolerance relaxed to achieve convergence from 6.0026854445885843e-16 to 6.0028807570885847e-16 seconds.
Warning: Simulation tolerance relaxed to achieve convergence from 6.0028807570885847e-16 to 6.0030760695885850e-16 seconds.
Warning: Simulation tolerance relaxed to achieve convergence from 6.0030760695885850e-16 to 6.0032713820885853e-16 seconds.
Warning: Simulation tolerance relaxed to achieve convergence from 6.0032713820885853e-16 to 6.0034666945885857e-16 seconds.
Warning: Simulation tolerance relaxed to achieve convergence from 6.0034666945885857e-16 to 6.0036620070885860e-16 seconds.
Warning: Simulation tolerance relaxed to achieve convergence from 6.0036620070885860e-16 to 6.0038573195885863e-16 seconds.
Warning: Simulation tolerance relaxed to achieve convergence from 6.0038573195885863e-16 to 6.0040526320885867e-16 seconds.
Warning: Simulation tolerance relaxed to achieve convergence from 6.0040526320885867e-16 to 6.0042479445885870e-16 seconds.
Warning: Simulation tolerance relaxed to achieve convergence from 6.0042479445885870e-16 to 6.0044432570885874e-16 seconds.
Warning: Simulation tolerance relaxed to achieve convergence from 6.0044432570885874e-16 to 6.0046385695885877e-16 seconds.
Warning: Simulation tolerance relaxed to achieve convergence from 6.0046385695885877e-16 to 6.0048338820885880e-16 seconds.
Warning: Simulation tolerance relaxed to achieve convergence from 6.0048338820885880e-16 to 6.0050291945885884e-16 seconds.
Warning: Simulation tolerance relaxed to achieve convergence from 6.0050291945885884e-16 to 6.0052245070885887e-16 seconds.
Warning: Simulation tolerance relaxed to achieve convergence from 6.0052245070885887e-16 to 6.0054198195885890e-16 seconds.
Warning: Simulation tolerance relaxed to achieve convergence from 6.0054198195885890e-16 to 6.0056151320885894e-16 seconds.
Warning: Simulation tolerance relaxed to achieve convergence from 6.0056151320885894e-16 to 6.0058104445885897e-16 seconds.
Warning: Simulation tolerance relaxed to achieve convergence from 6.0058104445885897e-16 to 6.0060057570885900e-16 seconds.
Warning: Simulation tolerance relaxed to achieve convergence from 6.0060057570885900e-16 to 6.0062010695885904e-16 seconds.
Warning: Simulation tolerance relaxed to achieve convergence from 6.0062010695885904e-16 to 6.0063963820885907e-16 seconds.
Warning: Simulation tolerance relaxed to achieve convergence from 6.0063963820885907e-16 to 6.0065916945885910e-16 seconds.
Warning: Simulation tolerance relaxed to achieve convergence from 6.0065916945885910e-16 to 6.0067870070885914e-16 seconds.
Warning: Simulation tolerance relaxed to achieve convergence from 6.0067870070885914e-16 to 6.0069823195885917e-16 seconds.
Warning: Simulation tolerance relaxed to achieve convergence from 6.0069823195885917e-16 to 6.0071776320885920e-16 seconds.
Warning: Simulation tolerance relaxed to achieve convergence from 6.0071776320885920e-16 to 6.0073729445885924e-16 seconds.
Warning: Simulation tolerance relaxed to achieve convergence from 6.0073729445885924e-16 to 6.0075682570885927e-16 seconds.
Warning: Simulation tolerance relaxed to achieve convergence from 6.0075682570885927e-16 to 6.0077635695885930e-16 seconds.
Warning: Simulation tolerance relaxed to achieve convergence from 6.0077635695885930e-16 to 6.0079588820885934e-16 seconds.
Warning: Simulation tolerance relaxed to achieve convergence from 6.0079588820885934e-16 to 6.0081541945885937e-16 seconds.
Warning: Simulation tolerance relaxed to achieve convergence from 6.0081541945885937e-16 to 6.0083495070885940e-16 seconds.
Warning: Simulation tolerance relaxed to achieve convergence from 6.0083495070885940e-16 to 6.0085448195885944e-16 seconds.
Warning: Simulation tolerance relaxed to achieve convergence from 6.0085448195885944e-16 to 6.0087401320885947e-16 seconds.
Warning: Simulation tolerance relaxed to achieve convergence from 6.0087401320885947e-16 to 6.0089354445885950e-16 seconds.
Warning: Simulation tolerance relaxed to achieve convergence from 6.0089354445885950e-16 to 6.0091307570885954e-16 seconds.
Warning: Simulation tolerance relaxed to achieve convergence from 6.0091307570885954e-16 to 6.0093260695885957e-16 seconds.
Warning: Simulation tolerance relaxed to achieve convergence from 6.0093260695885957e-16 to 6.0095213820885960e-16 seconds.
Warning: Simulation tolerance relaxed to achieve convergence from 6.0095213820885960e-16 to 6.0097166945885964e-16 seconds.
Warning: Simulation tolerance relaxed to achieve convergence from 6.0097166945885964e-16 to 6.0099120070885967e-16 seconds.
Warning: Simulation tolerance relaxed to achieve convergence from 6.0099120070885967e-16 to 6.0101073195885970e-16 seconds.
Warning: Simulation tolerance relaxed to achieve convergence from 6.0101073195885970e-16 to 6.0103026320885974e-16 seconds.
Warning: Simulation tolerance relaxed to achieve convergence from 6.0103026320885974e-16 to 6.0104979445885977e-16 seconds.
Warning: Simulation tolerance relaxed to achieve convergence from 6.0104979445885977e-16 to 6.0106932570885981e-16 seconds.
Warning: Simulation tolerance relaxed to achieve convergence from 6.0106932570885981e-16 to 6.0108885695885984e-16 seconds.
Warning: Simulation tolerance relaxed to achieve convergence from 6.0108885695885984e-16 to 6.0110838820885987e-16 seconds.
Warning: Simulation tolerance relaxed to achieve convergence from 6.0110838820885987e-16 to 6.0112791945885991e-16 seconds.
Warning: Simulation tolerance relaxed to achieve convergence from 6.0112791945885991e-16 to 6.0114745070885994e-16 seconds.
Warning: Simulation tolerance relaxed to achieve convergence from 6.0114745070885994e-16 to 6.0116698195885997e-16 seconds.
Warning: Simulation tolerance relaxed to achieve convergence from 6.0116698195885997e-16 to 6.0118651320886001e-16 seconds.
Warning: Simulation tolerance relaxed to achieve convergence from 6.0118651320886001e-16 to 6.0120604445886004e-16 seconds.
Warning: Simulation tolerance relaxed to achieve convergence from 6.0120604445886004e-16 to 6.0122557570886007e-16 seconds.
Warning: Simulation tolerance relaxed to achieve convergence from 6.0122557570886007e-16 to 6.0124510695886011e-16 seconds.
Warning: Simulation tolerance relaxed to achieve convergence from 6.0124510695886011e-16 to 6.0126463820886014e-16 seconds.
Warning: Simulation tolerance relaxed to achieve convergence from 6.0126463820886014e-16 to 6.0128416945886017e-16 seconds.
Warning: Simulation tolerance relaxed to achieve convergence from 6.0128416945886017e-16 to 6.0130370070886021e-16 seconds.
Warning: Simulation tolerance relaxed to achieve convergence from 6.0130370070886021e-16 to 6.0132323195886024e-16 seconds.
Warning: Simulation tolerance relaxed to achieve convergence from 6.0132323195886024e-16 to 6.0134276320886027e-16 seconds.
Warning: Simulation tolerance relaxed to achieve convergence from 6.0134276320886027e-16 to 6.0136229445886031e-16 seconds.
Warning: Simulation tolerance relaxed to achieve convergence from 6.0136229445886031e-16 to 6.0138182570886034e-16 seconds.
Warning: Simulation tolerance relaxed to achieve convergence from 6.0138182570886034e-16 to 6.0140135695886037e-16 seconds.
Warning: Simulation tolerance relaxed to achieve convergence from 6.0140135695886037e-16 to 6.0142088820886041e-16 seconds.
Warning: Simulation tolerance relaxed to achieve convergence from 6.0142088820886041e-16 to 6.0144041945886044e-16 seconds.
Warning: Simulation tolerance relaxed to achieve convergence from 6.0144041945886044e-16 to 6.0145995070886047e-16 seconds.
Warning: Simulation tolerance relaxed to achieve convergence from 6.0145995070886047e-16 to 6.0147948195886051e-16 seconds.
Warning: Simulation tolerance relaxed to achieve convergence from 6.0147948195886051e-16 to 6.0149901320886054e-16 seconds.
Warning: Simulation tolerance relaxed to achieve convergence from 6.0149901320886054e-16 to 6.0151854445886057e-16 seconds.
Warning: Simulation tolerance relaxed to achieve convergence from 6.0151854445886057e-16 to 6.0153807570886061e-16 seconds.
Warning: Simulation tolerance relaxed to achieve convergence from 6.0153807570886061e-16 to 6.0155760695886064e-16 seconds.
Warning: Simulation tolerance relaxed to achieve convergence from 6.0155760695886064e-16 to 6.0157713820886067e-16 seconds.
Warning: Simulation tolerance relaxed to achieve convergence from 6.0157713820886067e-16 to 6.0159666945886071e-16 seconds.
Warning: Simulation tolerance relaxed to achieve convergence from 6.0159666945886071e-16 to 6.0161620070886074e-16 seconds.
Warning: Simulation tolerance relaxed to achieve convergence from 6.0161620070886074e-16 to 6.0163573195886078e-16 seconds.
Warning: Simulation tolerance relaxed to achieve convergence from 6.0163573195886078e-16 to 6.0165526320886081e-16 seconds.
Warning: Simulation tolerance relaxed to achieve convergence from 6.0165526320886081e-16 to 6.0167479445886084e-16 seconds.
Warning: Simulation tolerance relaxed to achieve convergence from 6.0167479445886084e-16 to 6.0169432570886088e-16 seconds.
Warning: Simulation tolerance relaxed to achieve convergence from 6.0169432570886088e-16 to 6.0171385695886091e-16 seconds.
Warning: Simulation tolerance relaxed to achieve convergence from 6.0171385695886091e-16 to 6.0173338820886094e-16 seconds.
Warning: Simulation tolerance relaxed to achieve convergence from 6.0173338820886094e-16 to 6.0175291945886098e-16 seconds.
Warning: Simulation tolerance relaxed to achieve convergence from 6.0175291945886098e-16 to 6.0177245070886101e-16 seconds.
Warning: Simulation tolerance relaxed to achieve convergence from 6.0177245070886101e-16 to 6.0179198195886104e-16 seconds.
Warning: Simulation tolerance relaxed to achieve convergence from 6.0179198195886104e-16 to 6.0181151320886108e-16 seconds.
Warning: Simulation tolerance relaxed to achieve convergence from 6.0181151320886108e-16 to 6.0183104445886111e-16 seconds.
Warning: Simulation tolerance relaxed to achieve convergence from 6.0183104445886111e-16 to 6.0185057570886114e-16 seconds.
Warning: Simulation tolerance relaxed to achieve convergence from 6.0185057570886114e-16 to 6.0187010695886118e-16 seconds.
Warning: Simulation tolerance relaxed to achieve convergence from 6.0187010695886118e-16 to 6.0188963820886121e-16 seconds.
Warning: Simulation tolerance relaxed to achieve convergence from 6.0188963820886121e-16 to 6.0190916945886124e-16 seconds.
Warning: Simulation tolerance relaxed to achieve convergence from 6.0190916945886124e-16 to 6.0192870070886128e-16 seconds.
Warning: Simulation tolerance relaxed to achieve convergence from 6.0192870070886128e-16 to 6.0194823195886131e-16 seconds.
Warning: Simulation tolerance relaxed to achieve convergence from 6.0194823195886131e-16 to 6.0196776320886134e-16 seconds.
Warning: Simulation tolerance relaxed to achieve convergence from 6.0196776320886134e-16 to 6.0198729445886138e-16 seconds.
Warning: Simulation tolerance relaxed to achieve convergence from 6.0198729445886138e-16 to 6.0200682570886141e-16 seconds.
Warning: Simulation tolerance relaxed to achieve convergence from 6.0200682570886141e-16 to 6.0202635695886144e-16 seconds.
Warning: Simulation tolerance relaxed to achieve convergence from 6.0202635695886144e-16 to 6.0204588820886148e-16 seconds.
Warning: Simulation tolerance relaxed to achieve convergence from 6.0204588820886148e-16 to 6.0206541945886151e-16 seconds.
Warning: Simulation tolerance relaxed to achieve convergence from 6.0206541945886151e-16 to 6.0208495070886154e-16 seconds.
Warning: Simulation tolerance relaxed to achieve convergence from 6.0208495070886154e-16 to 6.0210448195886158e-16 seconds.
Warning: Simulation tolerance relaxed to achieve convergence from 6.0210448195886158e-16 to 6.0212401320886161e-16 seconds.
Warning: Simulation tolerance relaxed to achieve convergence from 6.0212401320886161e-16 to 6.0214354445886164e-16 seconds.
Warning: Simulation tolerance relaxed to achieve convergence from 6.0214354445886164e-16 to 6.0216307570886168e-16 seconds.
Warning: Simulation tolerance relaxed to achieve convergence from 6.0216307570886168e-16 to 6.0218260695886171e-16 seconds.
Warning: Simulation tolerance relaxed to achieve convergence from 6.0218260695886171e-16 to 6.0220213820886175e-16 seconds.
Warning: Simulation tolerance relaxed to achieve convergence from 6.0220213820886175e-16 to 6.0222166945886178e-16 seconds.
Warning: Simulation tolerance relaxed to achieve convergence from 6.0222166945886178e-16 to 6.0224120070886181e-16 seconds.
Warning: Simulation tolerance relaxed to achieve convergence from 6.0224120070886181e-16 to 6.0226073195886185e-16 seconds.
Warning: Simulation tolerance relaxed to achieve convergence from 6.0226073195886185e-16 to 6.0228026320886188e-16 seconds.
Warning: Simulation tolerance relaxed to achieve convergence from 6.0228026320886188e-16 to 6.0229979445886191e-16 seconds.
Warning: Simulation tolerance relaxed to achieve convergence from 6.0229979445886191e-16 to 6.0231932570886195e-16 seconds.
Warning: Simulation tolerance relaxed to achieve convergence from 6.0231932570886195e-16 to 6.0233885695886198e-16 seconds.
Warning: Simulation tolerance relaxed to achieve convergence from 6.0233885695886198e-16 to 6.0235838820886201e-16 seconds.
Warning: Simulation tolerance relaxed to achieve convergence from 6.0235838820886201e-16 to 6.0237791945886205e-16 seconds.
Warning: Simulation tolerance relaxed to achieve convergence from 6.0237791945886205e-16 to 6.0239745070886208e-16 seconds.
Warning: Simulation tolerance relaxed to achieve convergence from 6.0239745070886208e-16 to 6.0241698195886211e-16 seconds.
Warning: Simulation tolerance relaxed to achieve convergence from 6.0241698195886211e-16 to 6.0243651320886215e-16 seconds.
Warning: Simulation tolerance relaxed to achieve convergence from 6.0243651320886215e-16 to 6.0245604445886218e-16 seconds.
Warning: Simulation tolerance relaxed to achieve convergence from 6.0245604445886218e-16 to 6.0247557570886221e-16 seconds.
Warning: Simulation tolerance relaxed to achieve convergence from 6.0247557570886221e-16 to 6.0249510695886225e-16 seconds.
Warning: Simulation tolerance relaxed to achieve convergence from 6.0249510695886225e-16 to 6.0251463820886228e-16 seconds.
Warning: Simulation tolerance relaxed to achieve convergence from 6.0251463820886228e-16 to 6.0253416945886231e-16 seconds.
Warning: Simulation tolerance relaxed to achieve convergence from 6.0253416945886231e-16 to 6.0255370070886235e-16 seconds.
Warning: Simulation tolerance relaxed to achieve convergence from 6.0255370070886235e-16 to 6.0257323195886238e-16 seconds.
Warning: Simulation tolerance relaxed to achieve convergence from 6.0257323195886238e-16 to 6.0259276320886241e-16 seconds.
Warning: Simulation tolerance relaxed to achieve convergence from 6.0259276320886241e-16 to 6.0261229445886245e-16 seconds.
Warning: Simulation tolerance relaxed to achieve convergence from 6.0261229445886245e-16 to 6.0263182570886248e-16 seconds.
Warning: Simulation tolerance relaxed to achieve convergence from 6.0263182570886248e-16 to 6.0265135695886251e-16 seconds.
Warning: Simulation tolerance relaxed to achieve convergence from 6.0265135695886251e-16 to 6.0267088820886255e-16 seconds.
Warning: Simulation tolerance relaxed to achieve convergence from 6.0267088820886255e-16 to 6.0269041945886258e-16 seconds.
Warning: Simulation tolerance relaxed to achieve convergence from 6.0269041945886258e-16 to 6.0270995070886261e-16 seconds.
Warning: Simulation tolerance relaxed to achieve convergence from 6.0270995070886261e-16 to 6.0272948195886265e-16 seconds.
Warning: Simulation tolerance relaxed to achieve convergence from 6.0272948195886265e-16 to 6.0274901320886268e-16 seconds.
Warning: Simulation tolerance relaxed to achieve convergence from 6.0274901320886268e-16 to 6.0276854445886271e-16 seconds.
Warning: Simulation tolerance relaxed to achieve convergence from 6.0276854445886271e-16 to 6.0278807570886275e-16 seconds.
Warning: Simulation tolerance relaxed to achieve convergence from 6.0278807570886275e-16 to 6.0280760695886278e-16 seconds.
Warning: Simulation tolerance relaxed to achieve convergence from 6.0280760695886278e-16 to 6.0282713820886282e-16 seconds.
Warning: Simulation tolerance relaxed to achieve convergence from 6.0282713820886282e-16 to 6.0284666945886285e-16 seconds.
Warning: Simulation tolerance relaxed to achieve convergence from 6.0284666945886285e-16 to 6.0286620070886288e-16 seconds.
Warning: Simulation tolerance relaxed to achieve convergence from 6.0286620070886288e-16 to 6.0288573195886292e-16 seconds.
Warning: Simulation tolerance relaxed to achieve convergence from 6.0288573195886292e-16 to 6.0290526320886295e-16 seconds.
Warning: Simulation tolerance relaxed to achieve convergence from 6.0290526320886295e-16 to 6.0292479445886298e-16 seconds.
Warning: Simulation tolerance relaxed to achieve convergence from 6.0292479445886298e-16 to 6.0294432570886302e-16 seconds.
Warning: Simulation tolerance relaxed to achieve convergence from 6.0294432570886302e-16 to 6.0296385695886305e-16 seconds.
Warning: Simulation tolerance relaxed to achieve convergence from 6.0296385695886305e-16 to 6.0298338820886308e-16 seconds.
Warning: Simulation tolerance relaxed to achieve convergence from 6.0298338820886308e-16 to 6.0300291945886312e-16 seconds.
Warning: Simulation tolerance relaxed to achieve convergence from 6.0300291945886312e-16 to 6.0302245070886315e-16 seconds.
Warning: Simulation tolerance relaxed to achieve convergence from 6.0302245070886315e-16 to 6.0304198195886318e-16 seconds.
Warning: Simulation tolerance relaxed to achieve convergence from 6.0304198195886318e-16 to 6.0306151320886322e-16 seconds.
Warning: Simulation tolerance relaxed to achieve convergence from 6.0306151320886322e-16 to 6.0308104445886325e-16 seconds.
Warning: Simulation tolerance relaxed to achieve convergence from 6.0308104445886325e-16 to 6.0310057570886328e-16 seconds.
Warning: Simulation tolerance relaxed to achieve convergence from 6.0310057570886328e-16 to 6.0312010695886332e-16 seconds.
Warning: Simulation tolerance relaxed to achieve convergence from 6.0312010695886332e-16 to 6.0313963820886335e-16 seconds.
Warning: Simulation tolerance relaxed to achieve convergence from 6.0313963820886335e-16 to 6.0315916945886338e-16 seconds.
Warning: Simulation tolerance relaxed to achieve convergence from 6.0315916945886338e-16 to 6.0317870070886342e-16 seconds.
Warning: Simulation tolerance relaxed to achieve convergence from 6.0317870070886342e-16 to 6.0319823195886345e-16 seconds.
Warning: Simulation tolerance relaxed to achieve convergence from 6.0319823195886345e-16 to 6.0321776320886348e-16 seconds.
Warning: Simulation tolerance relaxed to achieve convergence from 6.0321776320886348e-16 to 6.0323729445886352e-16 seconds.
Warning: Simulation tolerance relaxed to achieve convergence from 6.0323729445886352e-16 to 6.0325682570886355e-16 seconds.
Warning: Simulation tolerance relaxed to achieve convergence from 6.0325682570886355e-16 to 6.0327635695886358e-16 seconds.
Warning: Simulation tolerance relaxed to achieve convergence from 6.0327635695886358e-16 to 6.0329588820886362e-16 seconds.
Warning: Simulation tolerance relaxed to achieve convergence from 6.0329588820886362e-16 to 6.0331541945886365e-16 seconds.
Warning: Simulation tolerance relaxed to achieve convergence from 6.0331541945886365e-16 to 6.0333495070886368e-16 seconds.
Warning: Simulation tolerance relaxed to achieve convergence from 6.0333495070886368e-16 to 6.0335448195886372e-16 seconds.
Warning: Simulation tolerance relaxed to achieve convergence from 6.0335448195886372e-16 to 6.0337401320886375e-16 seconds.
Warning: Simulation tolerance relaxed to achieve convergence from 6.0337401320886375e-16 to 6.0339354445886379e-16 seconds.
Warning: Simulation tolerance relaxed to achieve convergence from 6.0339354445886379e-16 to 6.0341307570886382e-16 seconds.
Warning: Simulation tolerance relaxed to achieve convergence from 6.0341307570886382e-16 to 6.0343260695886385e-16 seconds.
Warning: Simulation tolerance relaxed to achieve convergence from 6.0343260695886385e-16 to 6.0345213820886389e-16 seconds.
Warning: Simulation tolerance relaxed to achieve convergence from 6.0345213820886389e-16 to 6.0347166945886392e-16 seconds.
Warning: Simulation tolerance relaxed to achieve convergence from 6.0347166945886392e-16 to 6.0349120070886395e-16 seconds.
Warning: Simulation tolerance relaxed to achieve convergence from 6.0349120070886395e-16 to 6.0351073195886399e-16 seconds.
Warning: Simulation tolerance relaxed to achieve convergence from 6.0351073195886399e-16 to 6.0353026320886402e-16 seconds.
Warning: Simulation tolerance relaxed to achieve convergence from 6.0353026320886402e-16 to 6.0354979445886405e-16 seconds.
Warning: Simulation tolerance relaxed to achieve convergence from 6.0354979445886405e-16 to 6.0356932570886409e-16 seconds.
Warning: Simulation tolerance relaxed to achieve convergence from 6.0356932570886409e-16 to 6.0358885695886412e-16 seconds.
Warning: Simulation tolerance relaxed to achieve convergence from 6.0358885695886412e-16 to 6.0360838820886415e-16 seconds.
Warning: Simulation tolerance relaxed to achieve convergence from 6.0360838820886415e-16 to 6.0362791945886419e-16 seconds.
Warning: Simulation tolerance relaxed to achieve convergence from 6.0362791945886419e-16 to 6.0364745070886422e-16 seconds.
Warning: Simulation tolerance relaxed to achieve convergence from 6.0364745070886422e-16 to 6.0366698195886425e-16 seconds.
Warning: Simulation tolerance relaxed to achieve convergence from 6.0366698195886425e-16 to 6.0368651320886429e-16 seconds.
Warning: Simulation tolerance relaxed to achieve convergence from 6.0368651320886429e-16 to 6.0370604445886432e-16 seconds.
Warning: Simulation tolerance relaxed to achieve convergence from 6.0370604445886432e-16 to 6.0372557570886435e-16 seconds.
Warning: Simulation tolerance relaxed to achieve convergence from 6.0372557570886435e-16 to 6.0374510695886439e-16 seconds.
Warning: Simulation tolerance relaxed to achieve convergence from 6.0374510695886439e-16 to 6.0376463820886442e-16 seconds.
Warning: Simulation tolerance relaxed to achieve convergence from 6.0376463820886442e-16 to 6.0378416945886445e-16 seconds.
Warning: Simulation tolerance relaxed to achieve convergence from 6.0378416945886445e-16 to 6.0380370070886449e-16 seconds.
Warning: Simulation tolerance relaxed to achieve convergence from 6.0380370070886449e-16 to 6.0382323195886452e-16 seconds.
Warning: Simulation tolerance relaxed to achieve convergence from 6.0382323195886452e-16 to 6.0384276320886455e-16 seconds.
Warning: Simulation tolerance relaxed to achieve convergence from 6.0384276320886455e-16 to 6.0386229445886459e-16 seconds.
Warning: Simulation tolerance relaxed to achieve convergence from 6.0386229445886459e-16 to 6.0388182570886462e-16 seconds.
Warning: Simulation tolerance relaxed to achieve convergence from 6.0388182570886462e-16 to 6.0390135695886465e-16 seconds.
Warning: Simulation tolerance relaxed to achieve convergence from 6.0390135695886465e-16 to 6.0392088820886469e-16 seconds.
Warning: Simulation tolerance relaxed to achieve convergence from 6.0392088820886469e-16 to 6.0394041945886472e-16 seconds.
Warning: Simulation tolerance relaxed to achieve convergence from 6.0394041945886472e-16 to 6.0395995070886475e-16 seconds.
Warning: Simulation tolerance relaxed to achieve convergence from 6.0395995070886475e-16 to 6.0397948195886479e-16 seconds.
Warning: Simulation tolerance relaxed to achieve convergence from 6.0397948195886479e-16 to 6.0399901320886482e-16 seconds.
Warning: Simulation tolerance relaxed to achieve convergence from 6.0399901320886482e-16 to 6.0401854445886486e-16 seconds.
Warning: Simulation tolerance relaxed to achieve convergence from 6.0401854445886486e-16 to 6.0403807570886489e-16 seconds.
Warning: Simulation tolerance relaxed to achieve convergence from 6.0403807570886489e-16 to 6.0405760695886492e-16 seconds.
Warning: Simulation tolerance relaxed to achieve convergence from 6.0405760695886492e-16 to 6.0407713820886496e-16 seconds.
Warning: Simulation tolerance relaxed to achieve convergence from 6.0407713820886496e-16 to 6.0409666945886499e-16 seconds.
Warning: Simulation tolerance relaxed to achieve convergence from 6.0409666945886499e-16 to 6.0411620070886502e-16 seconds.
Warning: Simulation tolerance relaxed to achieve convergence from 6.0411620070886502e-16 to 6.0413573195886506e-16 seconds.
Warning: Simulation tolerance relaxed to achieve convergence from 6.0413573195886506e-16 to 6.0415526320886509e-16 seconds.
Warning: Simulation tolerance relaxed to achieve convergence from 6.0415526320886509e-16 to 6.0417479445886512e-16 seconds.
Warning: Simulation tolerance relaxed to achieve convergence from 6.0417479445886512e-16 to 6.0419432570886516e-16 seconds.
Warning: Simulation tolerance relaxed to achieve convergence from 6.0419432570886516e-16 to 6.0421385695886519e-16 seconds.
Warning: Simulation tolerance relaxed to achieve convergence from 6.0421385695886519e-16 to 6.0423338820886522e-16 seconds.
Warning: Simulation tolerance relaxed to achieve convergence from 6.0423338820886522e-16 to 6.0425291945886526e-16 seconds.
Warning: Simulation tolerance relaxed to achieve convergence from 6.0425291945886526e-16 to 6.0427245070886529e-16 seconds.
Warning: Simulation tolerance relaxed to achieve convergence from 6.0427245070886529e-16 to 6.0429198195886532e-16 seconds.
Warning: Simulation tolerance relaxed to achieve convergence from 6.0429198195886532e-16 to 6.0431151320886536e-16 seconds.
Warning: Simulation tolerance relaxed to achieve convergence from 6.0431151320886536e-16 to 6.0433104445886539e-16 seconds.
Warning: Simulation tolerance relaxed to achieve convergence from 6.0433104445886539e-16 to 6.0435057570886542e-16 seconds.
Warning: Simulation tolerance relaxed to achieve convergence from 6.0435057570886542e-16 to 6.0437010695886546e-16 seconds.
Warning: Simulation tolerance relaxed to achieve convergence from 6.0437010695886546e-16 to 6.0438963820886549e-16 seconds.
Warning: Simulation tolerance relaxed to achieve convergence from 6.0438963820886549e-16 to 6.0440916945886552e-16 seconds.
Warning: Simulation tolerance relaxed to achieve convergence from 6.0440916945886552e-16 to 6.0442870070886556e-16 seconds.
Warning: Simulation tolerance relaxed to achieve convergence from 6.0442870070886556e-16 to 6.0444823195886559e-16 seconds.
Warning: Simulation tolerance relaxed to achieve convergence from 6.0444823195886559e-16 to 6.0446776320886562e-16 seconds.
Warning: Simulation tolerance relaxed to achieve convergence from 6.0446776320886562e-16 to 6.0448729445886566e-16 seconds.
Warning: Simulation tolerance relaxed to achieve convergence from 6.0448729445886566e-16 to 6.0450682570886569e-16 seconds.
Warning: Simulation tolerance relaxed to achieve convergence from 6.0450682570886569e-16 to 6.0452635695886572e-16 seconds.
Warning: Simulation tolerance relaxed to achieve convergence from 6.0452635695886572e-16 to 6.0454588820886576e-16 seconds.
Warning: Simulation tolerance relaxed to achieve convergence from 6.0454588820886576e-16 to 6.0456541945886579e-16 seconds.
Warning: Simulation tolerance relaxed to achieve convergence from 6.0456541945886579e-16 to 6.0458495070886583e-16 seconds.
Warning: Simulation tolerance relaxed to achieve convergence from 6.0458495070886583e-16 to 6.0460448195886586e-16 seconds.
Warning: Simulation tolerance relaxed to achieve convergence from 6.0460448195886586e-16 to 6.0462401320886589e-16 seconds.
Warning: Simulation tolerance relaxed to achieve convergence from 6.0462401320886589e-16 to 6.0464354445886593e-16 seconds.
Warning: Simulation tolerance relaxed to achieve convergence from 6.0464354445886593e-16 to 6.0466307570886596e-16 seconds.
Warning: Simulation tolerance relaxed to achieve convergence from 6.0466307570886596e-16 to 6.0468260695886599e-16 seconds.
Warning: Simulation tolerance relaxed to achieve convergence from 6.0468260695886599e-16 to 6.0470213820886603e-16 seconds.
Warning: Simulation tolerance relaxed to achieve convergence from 6.0470213820886603e-16 to 6.0472166945886606e-16 seconds.
Warning: Simulation tolerance relaxed to achieve convergence from 6.0472166945886606e-16 to 6.0474120070886609e-16 seconds.
Warning: Simulation tolerance relaxed to achieve convergence from 6.0474120070886609e-16 to 6.0476073195886613e-16 seconds.
Warning: Simulation tolerance relaxed to achieve convergence from 6.0476073195886613e-16 to 6.0478026320886616e-16 seconds.
Warning: Simulation tolerance relaxed to achieve convergence from 6.0478026320886616e-16 to 6.0479979445886619e-16 seconds.
Warning: Simulation tolerance relaxed to achieve convergence from 6.0479979445886619e-16 to 6.0481932570886623e-16 seconds.
Warning: Simulation tolerance relaxed to achieve convergence from 6.0481932570886623e-16 to 6.0483885695886626e-16 seconds.
Warning: Simulation tolerance relaxed to achieve convergence from 6.0483885695886626e-16 to 6.0485838820886629e-16 seconds.
Warning: Simulation tolerance relaxed to achieve convergence from 6.0485838820886629e-16 to 6.0487791945886633e-16 seconds.
Warning: Simulation tolerance relaxed to achieve convergence from 6.0487791945886633e-16 to 6.0489745070886636e-16 seconds.
Warning: Simulation tolerance relaxed to achieve convergence from 6.0489745070886636e-16 to 6.0491698195886639e-16 seconds.
Warning: Simulation tolerance relaxed to achieve convergence from 6.0491698195886639e-16 to 6.0493651320886643e-16 seconds.
Warning: Simulation tolerance relaxed to achieve convergence from 6.0493651320886643e-16 to 6.0495604445886646e-16 seconds.
Warning: Simulation tolerance relaxed to achieve convergence from 6.0495604445886646e-16 to 6.0497557570886649e-16 seconds.
Warning: Simulation tolerance relaxed to achieve convergence from 6.0497557570886649e-16 to 6.0499510695886653e-16 seconds.
Warning: Simulation tolerance relaxed to achieve convergence from 6.0499510695886653e-16 to 6.0501463820886656e-16 seconds.
Warning: Simulation tolerance relaxed to achieve convergence from 6.0501463820886656e-16 to 6.0503416945886659e-16 seconds.
Warning: Simulation tolerance relaxed to achieve convergence from 6.0503416945886659e-16 to 6.0505370070886663e-16 seconds.
Warning: Simulation tolerance relaxed to achieve convergence from 6.0505370070886663e-16 to 6.0507323195886666e-16 seconds.
Warning: Simulation tolerance relaxed to achieve convergence from 6.0507323195886666e-16 to 6.0509276320886669e-16 seconds.
Warning: Simulation tolerance relaxed to achieve convergence from 6.0509276320886669e-16 to 6.0511229445886673e-16 seconds.
Warning: Simulation tolerance relaxed to achieve convergence from 6.0511229445886673e-16 to 6.0513182570886676e-16 seconds.
Warning: Simulation tolerance relaxed to achieve convergence from 6.0513182570886676e-16 to 6.0515135695886679e-16 seconds.
Warning: Simulation tolerance relaxed to achieve convergence from 6.0515135695886679e-16 to 6.0517088820886683e-16 seconds.
Warning: Simulation tolerance relaxed to achieve convergence from 6.0517088820886683e-16 to 6.0519041945886686e-16 seconds.
Warning: Simulation tolerance relaxed to achieve convergence from 6.0519041945886686e-16 to 6.0520995070886690e-16 seconds.
Warning: Simulation tolerance relaxed to achieve convergence from 6.0520995070886690e-16 to 6.0522948195886693e-16 seconds.
Warning: Simulation tolerance relaxed to achieve convergence from 6.0522948195886693e-16 to 6.0524901320886696e-16 seconds.
Warning: Simulation tolerance relaxed to achieve convergence from 6.0524901320886696e-16 to 6.0526854445886700e-16 seconds.
Warning: Simulation tolerance relaxed to achieve convergence from 6.0526854445886700e-16 to 6.0528807570886703e-16 seconds.
Warning: Simulation tolerance relaxed to achieve convergence from 6.0528807570886703e-16 to 6.0530760695886706e-16 seconds.
Warning: Simulation tolerance relaxed to achieve convergence from 6.0530760695886706e-16 to 6.0532713820886710e-16 seconds.
Warning: Simulation tolerance relaxed to achieve convergence from 6.0532713820886710e-16 to 6.0534666945886713e-16 seconds.
Warning: Simulation tolerance relaxed to achieve convergence from 6.0534666945886713e-16 to 6.0536620070886716e-16 seconds.
Warning: Simulation tolerance relaxed to achieve convergence from 6.0536620070886716e-16 to 6.0538573195886720e-16 seconds.
Warning: Simulation tolerance relaxed to achieve convergence from 6.0538573195886720e-16 to 6.0540526320886723e-16 seconds.
Warning: Simulation tolerance relaxed to achieve convergence from 6.0540526320886723e-16 to 6.0542479445886726e-16 seconds.
Warning: Simulation tolerance relaxed to achieve convergence from 6.0542479445886726e-16 to 6.0544432570886730e-16 seconds.
Warning: Simulation tolerance relaxed to achieve convergence from 6.0544432570886730e-16 to 6.0546385695886733e-16 seconds.
Warning: Simulation tolerance relaxed to achieve convergence from 6.0546385695886733e-16 to 6.0548338820886736e-16 seconds.
Warning: Simulation tolerance relaxed to achieve convergence from 6.0548338820886736e-16 to 6.0550291945886740e-16 seconds.
Warning: Simulation tolerance relaxed to achieve convergence from 6.0550291945886740e-16 to 6.0552245070886743e-16 seconds.
Warning: Simulation tolerance relaxed to achieve convergence from 6.0552245070886743e-16 to 6.0554198195886746e-16 seconds.
Warning: Simulation tolerance relaxed to achieve convergence from 6.0554198195886746e-16 to 6.0556151320886750e-16 seconds.
Warning: Simulation tolerance relaxed to achieve convergence from 6.0556151320886750e-16 to 6.0558104445886753e-16 seconds.
Warning: Simulation tolerance relaxed to achieve convergence from 6.0558104445886753e-16 to 6.0560057570886756e-16 seconds.
Warning: Simulation tolerance relaxed to achieve convergence from 6.0560057570886756e-16 to 6.0562010695886760e-16 seconds.
Warning: Simulation tolerance relaxed to achieve convergence from 6.0562010695886760e-16 to 6.0563963820886763e-16 seconds.
Warning: Simulation tolerance relaxed to achieve convergence from 6.0563963820886763e-16 to 6.0565916945886766e-16 seconds.
Warning: Simulation tolerance relaxed to achieve convergence from 6.0565916945886766e-16 to 6.0567870070886770e-16 seconds.
Warning: Simulation tolerance relaxed to achieve convergence from 6.0567870070886770e-16 to 6.0569823195886773e-16 seconds.
Warning: Simulation tolerance relaxed to achieve convergence from 6.0569823195886773e-16 to 6.0571776320886776e-16 seconds.
Warning: Simulation tolerance relaxed to achieve convergence from 6.0571776320886776e-16 to 6.0573729445886780e-16 seconds.
Warning: Simulation tolerance relaxed to achieve convergence from 6.0573729445886780e-16 to 6.0575682570886783e-16 seconds.
Warning: Simulation tolerance relaxed to achieve convergence from 6.0575682570886783e-16 to 6.0577635695886787e-16 seconds.
Warning: Simulation tolerance relaxed to achieve convergence from 6.0577635695886787e-16 to 6.0579588820886790e-16 seconds.
Warning: Simulation tolerance relaxed to achieve convergence from 6.0579588820886790e-16 to 6.0581541945886793e-16 seconds.
Warning: Simulation tolerance relaxed to achieve convergence from 6.0581541945886793e-16 to 6.0583495070886797e-16 seconds.
Warning: Simulation tolerance relaxed to achieve convergence from 6.0583495070886797e-16 to 6.0585448195886800e-16 seconds.
Warning: Simulation tolerance relaxed to achieve convergence from 6.0585448195886800e-16 to 6.0587401320886803e-16 seconds.
Warning: Simulation tolerance relaxed to achieve convergence from 6.0587401320886803e-16 to 6.0589354445886807e-16 seconds.
Warning: Simulation tolerance relaxed to achieve convergence from 6.0589354445886807e-16 to 6.0591307570886810e-16 seconds.
Warning: Simulation tolerance relaxed to achieve convergence from 6.0591307570886810e-16 to 6.0593260695886813e-16 seconds.
Warning: Simulation tolerance relaxed to achieve convergence from 6.0593260695886813e-16 to 6.0595213820886817e-16 seconds.
Warning: Simulation tolerance relaxed to achieve convergence from 6.0595213820886817e-16 to 6.0597166945886820e-16 seconds.
Warning: Simulation tolerance relaxed to achieve convergence from 6.0597166945886820e-16 to 6.0599120070886823e-16 seconds.
Warning: Simulation tolerance relaxed to achieve convergence from 6.0599120070886823e-16 to 6.0601073195886827e-16 seconds.
Warning: Simulation tolerance relaxed to achieve convergence from 6.0601073195886827e-16 to 6.0603026320886830e-16 seconds.
Warning: Simulation tolerance relaxed to achieve convergence from 6.0603026320886830e-16 to 6.0604979445886833e-16 seconds.
Warning: Simulation tolerance relaxed to achieve convergence from 6.0604979445886833e-16 to 6.0606932570886837e-16 seconds.
Warning: Simulation tolerance relaxed to achieve convergence from 6.0606932570886837e-16 to 6.0608885695886840e-16 seconds.
Warning: Simulation tolerance relaxed to achieve convergence from 6.0608885695886840e-16 to 6.0610838820886843e-16 seconds.
Warning: Simulation tolerance relaxed to achieve convergence from 6.0610838820886843e-16 to 6.0612791945886847e-16 seconds.
Warning: Simulation tolerance relaxed to achieve convergence from 6.0612791945886847e-16 to 6.0614745070886850e-16 seconds.
Warning: Simulation tolerance relaxed to achieve convergence from 6.0614745070886850e-16 to 6.0616698195886853e-16 seconds.
Warning: Simulation tolerance relaxed to achieve convergence from 6.0616698195886853e-16 to 6.0618651320886857e-16 seconds.
Warning: Simulation tolerance relaxed to achieve convergence from 6.0618651320886857e-16 to 6.0620604445886860e-16 seconds.
Warning: Simulation tolerance relaxed to achieve convergence from 6.0620604445886860e-16 to 6.0622557570886863e-16 seconds.
Warning: Simulation tolerance relaxed to achieve convergence from 6.0622557570886863e-16 to 6.0624510695886867e-16 seconds.
Warning: Simulation tolerance relaxed to achieve convergence from 6.0624510695886867e-16 to 6.0626463820886870e-16 seconds.
Warning: Simulation tolerance relaxed to achieve convergence from 6.0626463820886870e-16 to 6.0628416945886873e-16 seconds.
Warning: Simulation tolerance relaxed to achieve convergence from 6.0628416945886873e-16 to 6.0630370070886877e-16 seconds.
Warning: Simulation tolerance relaxed to achieve convergence from 6.0630370070886877e-16 to 6.0632323195886880e-16 seconds.
Warning: Simulation tolerance relaxed to achieve convergence from 6.0632323195886880e-16 to 6.0634276320886884e-16 seconds.
Warning: Simulation tolerance relaxed to achieve convergence from 6.0634276320886884e-16 to 6.0636229445886887e-16 seconds.
Warning: Simulation tolerance relaxed to achieve convergence from 6.0636229445886887e-16 to 6.0638182570886890e-16 seconds.
Warning: Simulation tolerance relaxed to achieve convergence from 6.0638182570886890e-16 to 6.0640135695886894e-16 seconds.
Warning: Simulation tolerance relaxed to achieve convergence from 6.0640135695886894e-16 to 6.0642088820886897e-16 seconds.
Warning: Simulation tolerance relaxed to achieve convergence from 6.0642088820886897e-16 to 6.0644041945886900e-16 seconds.
Warning: Simulation tolerance relaxed to achieve convergence from 6.0644041945886900e-16 to 6.0645995070886904e-16 seconds.
Warning: Simulation tolerance relaxed to achieve convergence from 6.0645995070886904e-16 to 6.0647948195886907e-16 seconds.
Warning: Simulation tolerance relaxed to achieve convergence from 6.0647948195886907e-16 to 6.0649901320886910e-16 seconds.
Warning: Simulation tolerance relaxed to achieve convergence from 6.0649901320886910e-16 to 6.0651854445886914e-16 seconds.
Warning: Simulation tolerance relaxed to achieve convergence from 6.0651854445886914e-16 to 6.0653807570886917e-16 seconds.
Warning: Simulation tolerance relaxed to achieve convergence from 6.0653807570886917e-16 to 6.0655760695886920e-16 seconds.
Warning: Simulation tolerance relaxed to achieve convergence from 6.0655760695886920e-16 to 6.0657713820886924e-16 seconds.
Warning: Simulation tolerance relaxed to achieve convergence from 6.0657713820886924e-16 to 6.0659666945886927e-16 seconds.
Warning: Simulation tolerance relaxed to achieve convergence from 6.0659666945886927e-16 to 6.0661620070886930e-16 seconds.
Warning: Simulation tolerance relaxed to achieve convergence from 6.0661620070886930e-16 to 6.0663573195886934e-16 seconds.
Warning: Simulation tolerance relaxed to achieve convergence from 6.0663573195886934e-16 to 6.0665526320886937e-16 seconds.
Warning: Simulation tolerance relaxed to achieve convergence from 6.0665526320886937e-16 to 6.0667479445886940e-16 seconds.
Warning: Simulation tolerance relaxed to achieve convergence from 6.0667479445886940e-16 to 6.0669432570886944e-16 seconds.
Warning: Simulation tolerance relaxed to achieve convergence from 6.0669432570886944e-16 to 6.0671385695886947e-16 seconds.
Warning: Simulation tolerance relaxed to achieve convergence from 6.0671385695886947e-16 to 6.0673338820886950e-16 seconds.
Warning: Simulation tolerance relaxed to achieve convergence from 6.0673338820886950e-16 to 6.0675291945886954e-16 seconds.
Warning: Simulation tolerance relaxed to achieve convergence from 6.0675291945886954e-16 to 6.0677245070886957e-16 seconds.
Warning: Simulation tolerance relaxed to achieve convergence from 6.0677245070886957e-16 to 6.0679198195886960e-16 seconds.
Warning: Simulation tolerance relaxed to achieve convergence from 6.0679198195886960e-16 to 6.0681151320886964e-16 seconds.
Warning: Simulation tolerance relaxed to achieve convergence from 6.0681151320886964e-16 to 6.0683104445886967e-16 seconds.
Warning: Simulation tolerance relaxed to achieve convergence from 6.0683104445886967e-16 to 6.0685057570886970e-16 seconds.
Warning: Simulation tolerance relaxed to achieve convergence from 6.0685057570886970e-16 to 6.0687010695886974e-16 seconds.
Warning: Simulation tolerance relaxed to achieve convergence from 6.0687010695886974e-16 to 6.0688963820886977e-16 seconds.
Warning: Simulation tolerance relaxed to achieve convergence from 6.0688963820886977e-16 to 6.0690916945886980e-16 seconds.
Warning: Simulation tolerance relaxed to achieve convergence from 6.0690916945886980e-16 to 6.0692870070886984e-16 seconds.
Warning: Simulation tolerance relaxed to achieve convergence from 6.0692870070886984e-16 to 6.0694823195886987e-16 seconds.
Warning: Simulation tolerance relaxed to achieve convergence from 6.0694823195886987e-16 to 6.0696776320886991e-16 seconds.
Warning: Simulation tolerance relaxed to achieve convergence from 6.0696776320886991e-16 to 6.0698729445886994e-16 seconds.
Warning: Simulation tolerance relaxed to achieve convergence from 6.0698729445886994e-16 to 6.0700682570886997e-16 seconds.
Warning: Simulation tolerance relaxed to achieve convergence from 6.0700682570886997e-16 to 6.0702635695887001e-16 seconds.
Warning: Simulation tolerance relaxed to achieve convergence from 6.0702635695887001e-16 to 6.0704588820887004e-16 seconds.
Warning: Simulation tolerance relaxed to achieve convergence from 6.0704588820887004e-16 to 6.0706541945887007e-16 seconds.
Warning: Simulation tolerance relaxed to achieve convergence from 6.0706541945887007e-16 to 6.0708495070887011e-16 seconds.
Warning: Simulation tolerance relaxed to achieve convergence from 6.0708495070887011e-16 to 6.0710448195887014e-16 seconds.
Warning: Simulation tolerance relaxed to achieve convergence from 6.0710448195887014e-16 to 6.0712401320887017e-16 seconds.
Warning: Simulation tolerance relaxed to achieve convergence from 6.0712401320887017e-16 to 6.0714354445887021e-16 seconds.
Warning: Simulation tolerance relaxed to achieve convergence from 6.0714354445887021e-16 to 6.0716307570887024e-16 seconds.
Warning: Simulation tolerance relaxed to achieve convergence from 6.0716307570887024e-16 to 6.0718260695887027e-16 seconds.
Warning: Simulation tolerance relaxed to achieve convergence from 6.0718260695887027e-16 to 6.0720213820887031e-16 seconds.
Warning: Simulation tolerance relaxed to achieve convergence from 6.0720213820887031e-16 to 6.0722166945887034e-16 seconds.
Warning: Simulation tolerance relaxed to achieve convergence from 6.0722166945887034e-16 to 6.0724120070887037e-16 seconds.
Warning: Simulation tolerance relaxed to achieve convergence from 6.0724120070887037e-16 to 6.0726073195887041e-16 seconds.
Warning: Simulation tolerance relaxed to achieve convergence from 6.0726073195887041e-16 to 6.0728026320887044e-16 seconds.
Warning: Simulation tolerance relaxed to achieve convergence from 6.0728026320887044e-16 to 6.0729979445887047e-16 seconds.
Warning: Simulation tolerance relaxed to achieve convergence from 6.0729979445887047e-16 to 6.0731932570887051e-16 seconds.
Warning: Simulation tolerance relaxed to achieve convergence from 6.0731932570887051e-16 to 6.0733885695887054e-16 seconds.
Warning: Simulation tolerance relaxed to achieve convergence from 6.0733885695887054e-16 to 6.0735838820887057e-16 seconds.
Warning: Simulation tolerance relaxed to achieve convergence from 6.0735838820887057e-16 to 6.0737791945887061e-16 seconds.
Warning: Simulation tolerance relaxed to achieve convergence from 6.0737791945887061e-16 to 6.0739745070887064e-16 seconds.
Warning: Simulation tolerance relaxed to achieve convergence from 6.0739745070887064e-16 to 6.0741698195887067e-16 seconds.
Warning: Simulation tolerance relaxed to achieve convergence from 6.0741698195887067e-16 to 6.0743651320887071e-16 seconds.
Warning: Simulation tolerance relaxed to achieve convergence from 6.0743651320887071e-16 to 6.0745604445887074e-16 seconds.
Warning: Simulation tolerance relaxed to achieve convergence from 6.0745604445887074e-16 to 6.0747557570887077e-16 seconds.
Warning: Simulation tolerance relaxed to achieve convergence from 6.0747557570887077e-16 to 6.0749510695887081e-16 seconds.
Warning: Simulation tolerance relaxed to achieve convergence from 6.0749510695887081e-16 to 6.0751463820887084e-16 seconds.
Warning: Simulation tolerance relaxed to achieve convergence from 6.0751463820887084e-16 to 6.0753416945887088e-16 seconds.
Warning: Simulation tolerance relaxed to achieve convergence from 6.0753416945887088e-16 to 6.0755370070887091e-16 seconds.
Warning: Simulation tolerance relaxed to achieve convergence from 6.0755370070887091e-16 to 6.0757323195887094e-16 seconds.
Warning: Simulation tolerance relaxed to achieve convergence from 6.0757323195887094e-16 to 6.0759276320887098e-16 seconds.
Warning: Simulation tolerance relaxed to achieve convergence from 6.0759276320887098e-16 to 6.0761229445887101e-16 seconds.
Warning: Simulation tolerance relaxed to achieve convergence from 6.0761229445887101e-16 to 6.0763182570887104e-16 seconds.
Warning: Simulation tolerance relaxed to achieve convergence from 6.0763182570887104e-16 to 6.0765135695887108e-16 seconds.
Warning: Simulation tolerance relaxed to achieve convergence from 6.0765135695887108e-16 to 6.0767088820887111e-16 seconds.
Warning: Simulation tolerance relaxed to achieve convergence from 6.0767088820887111e-16 to 6.0769041945887114e-16 seconds.
Warning: Simulation tolerance relaxed to achieve convergence from 6.0769041945887114e-16 to 6.0770995070887118e-16 seconds.
Warning: Simulation tolerance relaxed to achieve convergence from 6.0770995070887118e-16 to 6.0772948195887121e-16 seconds.
Warning: Simulation tolerance relaxed to achieve convergence from 6.0772948195887121e-16 to 6.0774901320887124e-16 seconds.
Warning: Simulation tolerance relaxed to achieve convergence from 6.0774901320887124e-16 to 6.0776854445887128e-16 seconds.
Warning: Simulation tolerance relaxed to achieve convergence from 6.0776854445887128e-16 to 6.0778807570887131e-16 seconds.
Warning: Simulation tolerance relaxed to achieve convergence from 6.0778807570887131e-16 to 6.0780760695887134e-16 seconds.
Warning: Simulation tolerance relaxed to achieve convergence from 6.0780760695887134e-16 to 6.0782713820887138e-16 seconds.
Warning: Simulation tolerance relaxed to achieve convergence from 6.0782713820887138e-16 to 6.0784666945887141e-16 seconds.
Warning: Simulation tolerance relaxed to achieve convergence from 6.0784666945887141e-16 to 6.0786620070887144e-16 seconds.
Warning: Simulation tolerance relaxed to achieve convergence from 6.0786620070887144e-16 to 6.0788573195887148e-16 seconds.
Warning: Simulation tolerance relaxed to achieve convergence from 6.0788573195887148e-16 to 6.0790526320887151e-16 seconds.
Warning: Simulation tolerance relaxed to achieve convergence from 6.0790526320887151e-16 to 6.0792479445887154e-16 seconds.
Warning: Simulation tolerance relaxed to achieve convergence from 6.0792479445887154e-16 to 6.0794432570887158e-16 seconds.
Warning: Simulation tolerance relaxed to achieve convergence from 6.0794432570887158e-16 to 6.0796385695887161e-16 seconds.
Warning: Simulation tolerance relaxed to achieve convergence from 6.0796385695887161e-16 to 6.0798338820887164e-16 seconds.
Warning: Simulation tolerance relaxed to achieve convergence from 6.0798338820887164e-16 to 6.0800291945887168e-16 seconds.
Warning: Simulation tolerance relaxed to achieve convergence from 6.0800291945887168e-16 to 6.0802245070887171e-16 seconds.
Warning: Simulation tolerance relaxed to achieve convergence from 6.0802245070887171e-16 to 6.0804198195887174e-16 seconds.
Warning: Simulation tolerance relaxed to achieve convergence from 6.0804198195887174e-16 to 6.0806151320887178e-16 seconds.
Warning: Simulation tolerance relaxed to achieve convergence from 6.0806151320887178e-16 to 6.0808104445887181e-16 seconds.
Warning: Simulation tolerance relaxed to achieve convergence from 6.0808104445887181e-16 to 6.0810057570887184e-16 seconds.
Warning: Simulation tolerance relaxed to achieve convergence from 6.0810057570887184e-16 to 6.0812010695887188e-16 seconds.
Warning: Simulation tolerance relaxed to achieve convergence from 6.0812010695887188e-16 to 6.0813963820887191e-16 seconds.
Warning: Simulation tolerance relaxed to achieve convergence from 6.0813963820887191e-16 to 6.0815916945887195e-16 seconds.
Warning: Simulation tolerance relaxed to achieve convergence from 6.0815916945887195e-16 to 6.0817870070887198e-16 seconds.
Warning: Simulation tolerance relaxed to achieve convergence from 6.0817870070887198e-16 to 6.0819823195887201e-16 seconds.
Warning: Simulation tolerance relaxed to achieve convergence from 6.0819823195887201e-16 to 6.0821776320887205e-16 seconds.
Warning: Simulation tolerance relaxed to achieve convergence from 6.0821776320887205e-16 to 6.0823729445887208e-16 seconds.
Warning: Simulation tolerance relaxed to achieve convergence from 6.0823729445887208e-16 to 6.0825682570887211e-16 seconds.
Warning: Simulation tolerance relaxed to achieve convergence from 6.0825682570887211e-16 to 6.0827635695887215e-16 seconds.
Warning: Simulation tolerance relaxed to achieve convergence from 6.0827635695887215e-16 to 6.0829588820887218e-16 seconds.
Warning: Simulation tolerance relaxed to achieve convergence from 6.0829588820887218e-16 to 6.0831541945887221e-16 seconds.
Warning: Simulation tolerance relaxed to achieve convergence from 6.0831541945887221e-16 to 6.0833495070887225e-16 seconds.
Warning: Simulation tolerance relaxed to achieve convergence from 6.0833495070887225e-16 to 6.0835448195887228e-16 seconds.
Warning: Simulation tolerance relaxed to achieve convergence from 6.0835448195887228e-16 to 6.0837401320887231e-16 seconds.
Warning: Simulation tolerance relaxed to achieve convergence from 6.0837401320887231e-16 to 6.0839354445887235e-16 seconds.
Warning: Simulation tolerance relaxed to achieve convergence from 6.0839354445887235e-16 to 6.0841307570887238e-16 seconds.
Warning: Simulation tolerance relaxed to achieve convergence from 6.0841307570887238e-16 to 6.0843260695887241e-16 seconds.
Warning: Simulation tolerance relaxed to achieve convergence from 6.0843260695887241e-16 to 6.0845213820887245e-16 seconds.
Warning: Simulation tolerance relaxed to achieve convergence from 6.0845213820887245e-16 to 6.0847166945887248e-16 seconds.
Warning: Simulation tolerance relaxed to achieve convergence from 6.0847166945887248e-16 to 6.0849120070887251e-16 seconds.
Warning: Simulation tolerance relaxed to achieve convergence from 6.0849120070887251e-16 to 6.0851073195887255e-16 seconds.
Warning: Simulation tolerance relaxed to achieve convergence from 6.0851073195887255e-16 to 6.0853026320887258e-16 seconds.
Warning: Simulation tolerance relaxed to achieve convergence from 6.0853026320887258e-16 to 6.0854979445887261e-16 seconds.
Warning: Simulation tolerance relaxed to achieve convergence from 6.0854979445887261e-16 to 6.0856932570887265e-16 seconds.
Warning: Simulation tolerance relaxed to achieve convergence from 6.0856932570887265e-16 to 6.0858885695887268e-16 seconds.
Warning: Simulation tolerance relaxed to achieve convergence from 6.0858885695887268e-16 to 6.0860838820887271e-16 seconds.
Warning: Simulation tolerance relaxed to achieve convergence from 6.0860838820887271e-16 to 6.0862791945887275e-16 seconds.
Warning: Simulation tolerance relaxed to achieve convergence from 6.0862791945887275e-16 to 6.0864745070887278e-16 seconds.
Warning: Simulation tolerance relaxed to achieve convergence from 6.0864745070887278e-16 to 6.0866698195887281e-16 seconds.
Warning: Simulation tolerance relaxed to achieve convergence from 6.0866698195887281e-16 to 6.0868651320887285e-16 seconds.
Warning: Simulation tolerance relaxed to achieve convergence from 6.0868651320887285e-16 to 6.0870604445887288e-16 seconds.
Warning: Simulation tolerance relaxed to achieve convergence from 6.0870604445887288e-16 to 6.0872557570887292e-16 seconds.
Warning: Simulation tolerance relaxed to achieve convergence from 6.0872557570887292e-16 to 6.0874510695887295e-16 seconds.
Warning: Simulation tolerance relaxed to achieve convergence from 6.0874510695887295e-16 to 6.0876463820887298e-16 seconds.
Warning: Simulation tolerance relaxed to achieve convergence from 6.0876463820887298e-16 to 6.0878416945887302e-16 seconds.
Warning: Simulation tolerance relaxed to achieve convergence from 6.0878416945887302e-16 to 6.0880370070887305e-16 seconds.
Warning: Simulation tolerance relaxed to achieve convergence from 6.0880370070887305e-16 to 6.0882323195887308e-16 seconds.
Warning: Simulation tolerance relaxed to achieve convergence from 6.0882323195887308e-16 to 6.0884276320887312e-16 seconds.
Warning: Simulation tolerance relaxed to achieve convergence from 6.0884276320887312e-16 to 6.0886229445887315e-16 seconds.
Warning: Simulation tolerance relaxed to achieve convergence from 6.0886229445887315e-16 to 6.0888182570887318e-16 seconds.
Warning: Simulation tolerance relaxed to achieve convergence from 6.0888182570887318e-16 to 6.0890135695887322e-16 seconds.
Warning: Simulation tolerance relaxed to achieve convergence from 6.0890135695887322e-16 to 6.0892088820887325e-16 seconds.
Warning: Simulation tolerance relaxed to achieve convergence from 6.0892088820887325e-16 to 6.0894041945887328e-16 seconds.
Warning: Simulation tolerance relaxed to achieve convergence from 6.0894041945887328e-16 to 6.0895995070887332e-16 seconds.
Warning: Simulation tolerance relaxed to achieve convergence from 6.0895995070887332e-16 to 6.0897948195887335e-16 seconds.
Warning: Simulation tolerance relaxed to achieve convergence from 6.0897948195887335e-16 to 6.0899901320887338e-16 seconds.
Warning: Simulation tolerance relaxed to achieve convergence from 6.0899901320887338e-16 to 6.0901854445887342e-16 seconds.
Warning: Simulation tolerance relaxed to achieve convergence from 6.0901854445887342e-16 to 6.0903807570887345e-16 seconds.
Warning: Simulation tolerance relaxed to achieve convergence from 6.0903807570887345e-16 to 6.0905760695887348e-16 seconds.
Warning: Simulation tolerance relaxed to achieve convergence from 6.0905760695887348e-16 to 6.0907713820887352e-16 seconds.
Warning: Simulation tolerance relaxed to achieve convergence from 6.0907713820887352e-16 to 6.0909666945887355e-16 seconds.
Warning: Simulation tolerance relaxed to achieve convergence from 6.0909666945887355e-16 to 6.0911620070887358e-16 seconds.
Warning: Simulation tolerance relaxed to achieve convergence from 6.0911620070887358e-16 to 6.0913573195887362e-16 seconds.
Warning: Simulation tolerance relaxed to achieve convergence from 6.0913573195887362e-16 to 6.0915526320887365e-16 seconds.
Warning: Simulation tolerance relaxed to achieve convergence from 6.0915526320887365e-16 to 6.0917479445887368e-16 seconds.
Warning: Simulation tolerance relaxed to achieve convergence from 6.0917479445887368e-16 to 6.0919432570887372e-16 seconds.
Warning: Simulation tolerance relaxed to achieve convergence from 6.0919432570887372e-16 to 6.0921385695887375e-16 seconds.
Warning: Simulation tolerance relaxed to achieve convergence from 6.0921385695887375e-16 to 6.0923338820887378e-16 seconds.
Warning: Simulation tolerance relaxed to achieve convergence from 6.0923338820887378e-16 to 6.0925291945887382e-16 seconds.
Warning: Simulation tolerance relaxed to achieve convergence from 6.0925291945887382e-16 to 6.0927245070887385e-16 seconds.
Warning: Simulation tolerance relaxed to achieve convergence from 6.0927245070887385e-16 to 6.0929198195887388e-16 seconds.
Warning: Simulation tolerance relaxed to achieve convergence from 6.0929198195887388e-16 to 6.0931151320887392e-16 seconds.
Warning: Simulation tolerance relaxed to achieve convergence from 6.0931151320887392e-16 to 6.0933104445887395e-16 seconds.
Warning: Simulation tolerance relaxed to achieve convergence from 6.0933104445887395e-16 to 6.0935057570887399e-16 seconds.
Warning: Simulation tolerance relaxed to achieve convergence from 6.0935057570887399e-16 to 6.0937010695887402e-16 seconds.
Warning: Simulation tolerance relaxed to achieve convergence from 6.0937010695887402e-16 to 6.0938963820887405e-16 seconds.
Warning: Simulation tolerance relaxed to achieve convergence from 6.0938963820887405e-16 to 6.0940916945887409e-16 seconds.
Warning: Simulation tolerance relaxed to achieve convergence from 6.0940916945887409e-16 to 6.0942870070887412e-16 seconds.
Warning: Simulation tolerance relaxed to achieve convergence from 6.0942870070887412e-16 to 6.0944823195887415e-16 seconds.
Warning: Simulation tolerance relaxed to achieve convergence from 6.0944823195887415e-16 to 6.0946776320887419e-16 seconds.
Warning: Simulation tolerance relaxed to achieve convergence from 6.0946776320887419e-16 to 6.0948729445887422e-16 seconds.
Warning: Simulation tolerance relaxed to achieve convergence from 6.0948729445887422e-16 to 6.0950682570887425e-16 seconds.
Warning: Simulation tolerance relaxed to achieve convergence from 6.0950682570887425e-16 to 6.0952635695887429e-16 seconds.
Warning: Simulation tolerance relaxed to achieve convergence from 6.0952635695887429e-16 to 6.0954588820887432e-16 seconds.
Warning: Simulation tolerance relaxed to achieve convergence from 6.0954588820887432e-16 to 6.0956541945887435e-16 seconds.
Warning: Simulation tolerance relaxed to achieve convergence from 6.0956541945887435e-16 to 6.0958495070887439e-16 seconds.
Warning: Simulation tolerance relaxed to achieve convergence from 6.0958495070887439e-16 to 6.0960448195887442e-16 seconds.
Warning: Simulation tolerance relaxed to achieve convergence from 6.0960448195887442e-16 to 6.0962401320887445e-16 seconds.
Warning: Simulation tolerance relaxed to achieve convergence from 6.0962401320887445e-16 to 6.0964354445887449e-16 seconds.
Warning: Simulation tolerance relaxed to achieve convergence from 6.0964354445887449e-16 to 6.0966307570887452e-16 seconds.
Warning: Simulation tolerance relaxed to achieve convergence from 6.0966307570887452e-16 to 6.0968260695887455e-16 seconds.
Warning: Simulation tolerance relaxed to achieve convergence from 6.0968260695887455e-16 to 6.0970213820887459e-16 seconds.
Warning: Simulation tolerance relaxed to achieve convergence from 6.0970213820887459e-16 to 6.0972166945887462e-16 seconds.
Warning: Simulation tolerance relaxed to achieve convergence from 6.0972166945887462e-16 to 6.0974120070887465e-16 seconds.
Warning: Simulation tolerance relaxed to achieve convergence from 6.0974120070887465e-16 to 6.0976073195887469e-16 seconds.
Warning: Simulation tolerance relaxed to achieve convergence from 6.0976073195887469e-16 to 6.0978026320887472e-16 seconds.
Warning: Simulation tolerance relaxed to achieve convergence from 6.0978026320887472e-16 to 6.0979979445887475e-16 seconds.
Warning: Simulation tolerance relaxed to achieve convergence from 6.0979979445887475e-16 to 6.0981932570887479e-16 seconds.
Warning: Simulation tolerance relaxed to achieve convergence from 6.0981932570887479e-16 to 6.0983885695887482e-16 seconds.
Warning: Simulation tolerance relaxed to achieve convergence from 6.0983885695887482e-16 to 6.0985838820887485e-16 seconds.
Warning: Simulation tolerance relaxed to achieve convergence from 6.0985838820887485e-16 to 6.0987791945887489e-16 seconds.
Warning: Simulation tolerance relaxed to achieve convergence from 6.0987791945887489e-16 to 6.0989745070887492e-16 seconds.
Warning: Simulation tolerance relaxed to achieve convergence from 6.0989745070887492e-16 to 6.0991698195887496e-16 seconds.
Warning: Simulation tolerance relaxed to achieve convergence from 6.0991698195887496e-16 to 6.0993651320887499e-16 seconds.
Warning: Simulation tolerance relaxed to achieve convergence from 6.0993651320887499e-16 to 6.0995604445887502e-16 seconds.
Warning: Simulation tolerance relaxed to achieve convergence from 6.0995604445887502e-16 to 6.0997557570887506e-16 seconds.
Warning: Simulation tolerance relaxed to achieve convergence from 6.0997557570887506e-16 to 6.0999510695887509e-16 seconds.
Warning: Simulation tolerance relaxed to achieve convergence from 6.0999510695887509e-16 to 6.1001463820887512e-16 seconds.
Warning: Simulation tolerance relaxed to achieve convergence from 6.1001463820887512e-16 to 6.1003416945887516e-16 seconds.
Warning: Simulation tolerance relaxed to achieve convergence from 6.1003416945887516e-16 to 6.1005370070887519e-16 seconds.
Warning: Simulation tolerance relaxed to achieve convergence from 6.1005370070887519e-16 to 6.1007323195887522e-16 seconds.
Warning: Simulation tolerance relaxed to achieve convergence from 6.1007323195887522e-16 to 6.1009276320887526e-16 seconds.
Warning: Simulation tolerance relaxed to achieve convergence from 6.1009276320887526e-16 to 6.1011229445887529e-16 seconds.
Warning: Simulation tolerance relaxed to achieve convergence from 6.1011229445887529e-16 to 6.1013182570887532e-16 seconds.
Warning: Simulation tolerance relaxed to achieve convergence from 6.1013182570887532e-16 to 6.1015135695887536e-16 seconds.
Warning: Simulation tolerance relaxed to achieve convergence from 6.1015135695887536e-16 to 6.1017088820887539e-16 seconds.
Warning: Simulation tolerance relaxed to achieve convergence from 6.1017088820887539e-16 to 6.1019041945887542e-16 seconds.
Warning: Simulation tolerance relaxed to achieve convergence from 6.1019041945887542e-16 to 6.1020995070887546e-16 seconds.
Warning: Simulation tolerance relaxed to achieve convergence from 6.1020995070887546e-16 to 6.1022948195887549e-16 seconds.
Warning: Simulation tolerance relaxed to achieve convergence from 6.1022948195887549e-16 to 6.1024901320887552e-16 seconds.
Warning: Simulation tolerance relaxed to achieve convergence from 6.1024901320887552e-16 to 6.1026854445887556e-16 seconds.
Warning: Simulation tolerance relaxed to achieve convergence from 6.1026854445887556e-16 to 6.1028807570887559e-16 seconds.
Warning: Simulation tolerance relaxed to achieve convergence from 6.1028807570887559e-16 to 6.1030760695887562e-16 seconds.
Warning: Simulation tolerance relaxed to achieve convergence from 6.1030760695887562e-16 to 6.1032713820887566e-16 seconds.
Warning: Simulation tolerance relaxed to achieve convergence from 6.1032713820887566e-16 to 6.1034666945887569e-16 seconds.
Warning: Simulation tolerance relaxed to achieve convergence from 6.1034666945887569e-16 to 6.1036620070887572e-16 seconds.
Warning: Simulation tolerance relaxed to achieve convergence from 6.1036620070887572e-16 to 6.1038573195887576e-16 seconds.
Warning: Simulation tolerance relaxed to achieve convergence from 6.1038573195887576e-16 to 6.1040526320887579e-16 seconds.
Warning: Simulation tolerance relaxed to achieve convergence from 6.1040526320887579e-16 to 6.1042479445887582e-16 seconds.
Warning: Simulation tolerance relaxed to achieve convergence from 6.1042479445887582e-16 to 6.1044432570887586e-16 seconds.
Warning: Simulation tolerance relaxed to achieve convergence from 6.1044432570887586e-16 to 6.1046385695887589e-16 seconds.
Warning: Simulation tolerance relaxed to achieve convergence from 6.1046385695887589e-16 to 6.1048338820887593e-16 seconds.
Warning: Simulation tolerance relaxed to achieve convergence from 6.1048338820887593e-16 to 6.1050291945887596e-16 seconds.
Warning: Simulation tolerance relaxed to achieve convergence from 6.1050291945887596e-16 to 6.1052245070887599e-16 seconds.
Warning: Simulation tolerance relaxed to achieve convergence from 6.1052245070887599e-16 to 6.1054198195887603e-16 seconds.
Warning: Simulation tolerance relaxed to achieve convergence from 6.1054198195887603e-16 to 6.1056151320887606e-16 seconds.
Warning: Simulation tolerance relaxed to achieve convergence from 6.1056151320887606e-16 to 6.1058104445887609e-16 seconds.
Warning: Simulation tolerance relaxed to achieve convergence from 6.1058104445887609e-16 to 6.1060057570887613e-16 seconds.
Warning: Simulation tolerance relaxed to achieve convergence from 6.1060057570887613e-16 to 6.1062010695887616e-16 seconds.
Warning: Simulation tolerance relaxed to achieve convergence from 6.1062010695887616e-16 to 6.1063963820887619e-16 seconds.
Warning: Simulation tolerance relaxed to achieve convergence from 6.1063963820887619e-16 to 6.1065916945887623e-16 seconds.
Warning: Simulation tolerance relaxed to achieve convergence from 6.1065916945887623e-16 to 6.1067870070887626e-16 seconds.
Warning: Simulation tolerance relaxed to achieve convergence from 6.1067870070887626e-16 to 6.1069823195887629e-16 seconds.
Warning: Simulation tolerance relaxed to achieve convergence from 6.1069823195887629e-16 to 6.1071776320887633e-16 seconds.
Warning: Simulation tolerance relaxed to achieve convergence from 6.1071776320887633e-16 to 6.1073729445887636e-16 seconds.
Warning: Simulation tolerance relaxed to achieve convergence from 6.1073729445887636e-16 to 6.1075682570887639e-16 seconds.
Warning: Simulation tolerance relaxed to achieve convergence from 6.1075682570887639e-16 to 6.1077635695887643e-16 seconds.
Warning: Simulation tolerance relaxed to achieve convergence from 6.1077635695887643e-16 to 6.1079588820887646e-16 seconds.
Warning: Simulation tolerance relaxed to achieve convergence from 6.1079588820887646e-16 to 6.1081541945887649e-16 seconds.
Warning: Simulation tolerance relaxed to achieve convergence from 6.1081541945887649e-16 to 6.1083495070887653e-16 seconds.
Warning: Simulation tolerance relaxed to achieve convergence from 6.1083495070887653e-16 to 6.1085448195887656e-16 seconds.
Warning: Simulation tolerance relaxed to achieve convergence from 6.1085448195887656e-16 to 6.1087401320887659e-16 seconds.
Warning: Simulation tolerance relaxed to achieve convergence from 6.1087401320887659e-16 to 6.1089354445887663e-16 seconds.
Warning: Simulation tolerance relaxed to achieve convergence from 6.1089354445887663e-16 to 6.1091307570887666e-16 seconds.
Warning: Simulation tolerance relaxed to achieve convergence from 6.1091307570887666e-16 to 6.1093260695887669e-16 seconds.
Warning: Simulation tolerance relaxed to achieve convergence from 6.1093260695887669e-16 to 6.1095213820887673e-16 seconds.
Warning: Simulation tolerance relaxed to achieve convergence from 6.1095213820887673e-16 to 6.1097166945887676e-16 seconds.
Warning: Simulation tolerance relaxed to achieve convergence from 6.1097166945887676e-16 to 6.1099120070887679e-16 seconds.
Warning: Simulation tolerance relaxed to achieve convergence from 6.1099120070887679e-16 to 6.1101073195887683e-16 seconds.
Warning: Simulation tolerance relaxed to achieve convergence from 6.1101073195887683e-16 to 6.1103026320887686e-16 seconds.
Warning: Simulation tolerance relaxed to achieve convergence from 6.1103026320887686e-16 to 6.1104979445887689e-16 seconds.
Warning: Simulation tolerance relaxed to achieve convergence from 6.1104979445887689e-16 to 6.1106932570887693e-16 seconds.
Warning: Simulation tolerance relaxed to achieve convergence from 6.1106932570887693e-16 to 6.1108885695887696e-16 seconds.
Warning: Simulation tolerance relaxed to achieve convergence from 6.1108885695887696e-16 to 6.1110838820887700e-16 seconds.
Warning: Simulation tolerance relaxed to achieve convergence from 6.1110838820887700e-16 to 6.1112791945887703e-16 seconds.
Warning: Simulation tolerance relaxed to achieve convergence from 6.1112791945887703e-16 to 6.1114745070887706e-16 seconds.
Warning: Simulation tolerance relaxed to achieve convergence from 6.1114745070887706e-16 to 6.1116698195887710e-16 seconds.
Warning: Simulation tolerance relaxed to achieve convergence from 6.1116698195887710e-16 to 6.1118651320887713e-16 seconds.
Warning: Simulation tolerance relaxed to achieve convergence from 6.1118651320887713e-16 to 6.1120604445887716e-16 seconds.
Warning: Simulation tolerance relaxed to achieve convergence from 6.1120604445887716e-16 to 6.1122557570887720e-16 seconds.
Warning: Simulation tolerance relaxed to achieve convergence from 6.1122557570887720e-16 to 6.1124510695887723e-16 seconds.
Warning: Simulation tolerance relaxed to achieve convergence from 6.1124510695887723e-16 to 6.1126463820887726e-16 seconds.
Warning: Simulation tolerance relaxed to achieve convergence from 6.1126463820887726e-16 to 6.1128416945887730e-16 seconds.
Warning: Simulation tolerance relaxed to achieve convergence from 6.1128416945887730e-16 to 6.1130370070887733e-16 seconds.
Warning: Simulation tolerance relaxed to achieve convergence from 6.1130370070887733e-16 to 6.1132323195887736e-16 seconds.
Warning: Simulation tolerance relaxed to achieve convergence from 6.1132323195887736e-16 to 6.1134276320887740e-16 seconds.
Warning: Simulation tolerance relaxed to achieve convergence from 6.1134276320887740e-16 to 6.1136229445887743e-16 seconds.
Warning: Simulation tolerance relaxed to achieve convergence from 6.1136229445887743e-16 to 6.1138182570887746e-16 seconds.
Warning: Simulation tolerance relaxed to achieve convergence from 6.1138182570887746e-16 to 6.1140135695887750e-16 seconds.
Warning: Simulation tolerance relaxed to achieve convergence from 6.1140135695887750e-16 to 6.1142088820887753e-16 seconds.
Warning: Simulation tolerance relaxed to achieve convergence from 6.1142088820887753e-16 to 6.1144041945887756e-16 seconds.
Warning: Simulation tolerance relaxed to achieve convergence from 6.1144041945887756e-16 to 6.1145995070887760e-16 seconds.
Warning: Simulation tolerance relaxed to achieve convergence from 6.1145995070887760e-16 to 6.1147948195887763e-16 seconds.
Warning: Simulation tolerance relaxed to achieve convergence from 6.1147948195887763e-16 to 6.1149901320887766e-16 seconds.
Warning: Simulation tolerance relaxed to achieve convergence from 6.1149901320887766e-16 to 6.1151854445887770e-16 seconds.
Warning: Simulation tolerance relaxed to achieve convergence from 6.1151854445887770e-16 to 6.1153807570887773e-16 seconds.
Warning: Simulation tolerance relaxed to achieve convergence from 6.1153807570887773e-16 to 6.1155760695887776e-16 seconds.
Warning: Simulation tolerance relaxed to achieve convergence from 6.1155760695887776e-16 to 6.1157713820887780e-16 seconds.
Warning: Simulation tolerance relaxed to achieve convergence from 6.1157713820887780e-16 to 6.1159666945887783e-16 seconds.
Warning: Simulation tolerance relaxed to achieve convergence from 6.1159666945887783e-16 to 6.1161620070887786e-16 seconds.
Warning: Simulation tolerance relaxed to achieve convergence from 6.1161620070887786e-16 to 6.1163573195887790e-16 seconds.
Warning: Simulation tolerance relaxed to achieve convergence from 6.1163573195887790e-16 to 6.1165526320887793e-16 seconds.
Warning: Simulation tolerance relaxed to achieve convergence from 6.1165526320887793e-16 to 6.1167479445887797e-16 seconds.
Warning: Simulation tolerance relaxed to achieve convergence from 6.1167479445887797e-16 to 6.1169432570887800e-16 seconds.
Warning: Simulation tolerance relaxed to achieve convergence from 6.1169432570887800e-16 to 6.1171385695887803e-16 seconds.
Warning: Simulation tolerance relaxed to achieve convergence from 6.1171385695887803e-16 to 6.1173338820887807e-16 seconds.
Warning: Simulation tolerance relaxed to achieve convergence from 6.1173338820887807e-16 to 6.1175291945887810e-16 seconds.
Warning: Simulation tolerance relaxed to achieve convergence from 6.1175291945887810e-16 to 6.1177245070887813e-16 seconds.
Warning: Simulation tolerance relaxed to achieve convergence from 6.1177245070887813e-16 to 6.1179198195887817e-16 seconds.
Warning: Simulation tolerance relaxed to achieve convergence from 6.1179198195887817e-16 to 6.1181151320887820e-16 seconds.
Warning: Simulation tolerance relaxed to achieve convergence from 6.1181151320887820e-16 to 6.1183104445887823e-16 seconds.
Warning: Simulation tolerance relaxed to achieve convergence from 6.1183104445887823e-16 to 6.1185057570887827e-16 seconds.
Warning: Simulation tolerance relaxed to achieve convergence from 6.1185057570887827e-16 to 6.1187010695887830e-16 seconds.
Warning: Simulation tolerance relaxed to achieve convergence from 6.1187010695887830e-16 to 6.1188963820887833e-16 seconds.
Warning: Simulation tolerance relaxed to achieve convergence from 6.1188963820887833e-16 to 6.1190916945887837e-16 seconds.
Warning: Simulation tolerance relaxed to achieve convergence from 6.1190916945887837e-16 to 6.1192870070887840e-16 seconds.
Warning: Simulation tolerance relaxed to achieve convergence from 6.1192870070887840e-16 to 6.1194823195887843e-16 seconds.
Warning: Simulation tolerance relaxed to achieve convergence from 6.1194823195887843e-16 to 6.1196776320887847e-16 seconds.
Warning: Simulation tolerance relaxed to achieve convergence from 6.1196776320887847e-16 to 6.1198729445887850e-16 seconds.
Warning: Simulation tolerance relaxed to achieve convergence from 6.1198729445887850e-16 to 6.1200682570887853e-16 seconds.
Warning: Simulation tolerance relaxed to achieve convergence from 6.1200682570887853e-16 to 6.1202635695887857e-16 seconds.
Warning: Simulation tolerance relaxed to achieve convergence from 6.1202635695887857e-16 to 6.1204588820887860e-16 seconds.
Warning: Simulation tolerance relaxed to achieve convergence from 6.1204588820887860e-16 to 6.1206541945887863e-16 seconds.
Warning: Simulation tolerance relaxed to achieve convergence from 6.1206541945887863e-16 to 6.1208495070887867e-16 seconds.
Warning: Simulation tolerance relaxed to achieve convergence from 6.1208495070887867e-16 to 6.1210448195887870e-16 seconds.
Warning: Simulation tolerance relaxed to achieve convergence from 6.1210448195887870e-16 to 6.1212401320887873e-16 seconds.
Warning: Simulation tolerance relaxed to achieve convergence from 6.1212401320887873e-16 to 6.1214354445887877e-16 seconds.
Warning: Simulation tolerance relaxed to achieve convergence from 6.1214354445887877e-16 to 6.1216307570887880e-16 seconds.
Warning: Simulation tolerance relaxed to achieve convergence from 6.1216307570887880e-16 to 6.1218260695887883e-16 seconds.
Warning: Simulation tolerance relaxed to achieve convergence from 6.1218260695887883e-16 to 6.1220213820887887e-16 seconds.
Warning: Simulation tolerance relaxed to achieve convergence from 6.1220213820887887e-16 to 6.1222166945887890e-16 seconds.
Warning: Simulation tolerance relaxed to achieve convergence from 6.1222166945887890e-16 to 6.1224120070887893e-16 seconds.
Warning: Simulation tolerance relaxed to achieve convergence from 6.1224120070887893e-16 to 6.1226073195887897e-16 seconds.
Warning: Simulation tolerance relaxed to achieve convergence from 6.1226073195887897e-16 to 6.1228026320887900e-16 seconds.
Warning: Simulation tolerance relaxed to achieve convergence from 6.1228026320887900e-16 to 6.1229979445887904e-16 seconds.
Warning: Simulation tolerance relaxed to achieve convergence from 6.1229979445887904e-16 to 6.1231932570887907e-16 seconds.
Warning: Simulation tolerance relaxed to achieve convergence from 6.1231932570887907e-16 to 6.1233885695887910e-16 seconds.
Warning: Simulation tolerance relaxed to achieve convergence from 6.1233885695887910e-16 to 6.1235838820887914e-16 seconds.
Warning: Simulation tolerance relaxed to achieve convergence from 6.1235838820887914e-16 to 6.1237791945887917e-16 seconds.
Warning: Simulation tolerance relaxed to achieve convergence from 6.1237791945887917e-16 to 6.1239745070887920e-16 seconds.
Warning: Simulation tolerance relaxed to achieve convergence from 6.1239745070887920e-16 to 6.1241698195887924e-16 seconds.
Warning: Simulation tolerance relaxed to achieve convergence from 6.1241698195887924e-16 to 6.1243651320887927e-16 seconds.
Warning: Simulation tolerance relaxed to achieve convergence from 6.1243651320887927e-16 to 6.1245604445887930e-16 seconds.
Warning: Simulation tolerance relaxed to achieve convergence from 6.1245604445887930e-16 to 6.1247557570887934e-16 seconds.
Warning: Simulation tolerance relaxed to achieve convergence from 6.1247557570887934e-16 to 6.1249510695887937e-16 seconds.
Warning: Simulation tolerance relaxed to achieve convergence from 6.1249510695887937e-16 to 6.1251463820887940e-16 seconds.
Warning: Simulation tolerance relaxed to achieve convergence from 6.1251463820887940e-16 to 6.1253416945887944e-16 seconds.
Warning: Simulation tolerance relaxed to achieve convergence from 6.1253416945887944e-16 to 6.1255370070887947e-16 seconds.
Warning: Simulation tolerance relaxed to achieve convergence from 6.1255370070887947e-16 to 6.1257323195887950e-16 seconds.
Warning: Simulation tolerance relaxed to achieve convergence from 6.1257323195887950e-16 to 6.1259276320887954e-16 seconds.
Warning: Simulation tolerance relaxed to achieve convergence from 6.1259276320887954e-16 to 6.1261229445887957e-16 seconds.
Warning: Simulation tolerance relaxed to achieve convergence from 6.1261229445887957e-16 to 6.1263182570887960e-16 seconds.
Warning: Simulation tolerance relaxed to achieve convergence from 6.1263182570887960e-16 to 6.1265135695887964e-16 seconds.
Warning: Simulation tolerance relaxed to achieve convergence from 6.1265135695887964e-16 to 6.1267088820887967e-16 seconds.
Warning: Simulation tolerance relaxed to achieve convergence from 6.1267088820887967e-16 to 6.1269041945887970e-16 seconds.
Warning: Simulation tolerance relaxed to achieve convergence from 6.1269041945887970e-16 to 6.1270995070887974e-16 seconds.
Warning: Simulation tolerance relaxed to achieve convergence from 6.1270995070887974e-16 to 6.1272948195887977e-16 seconds.
Warning: Simulation tolerance relaxed to achieve convergence from 6.1272948195887977e-16 to 6.1274901320887980e-16 seconds.
Warning: Simulation tolerance relaxed to achieve convergence from 6.1274901320887980e-16 to 6.1276854445887984e-16 seconds.
Warning: Simulation tolerance relaxed to achieve convergence from 6.1276854445887984e-16 to 6.1278807570887987e-16 seconds.
Warning: Simulation tolerance relaxed to achieve convergence from 6.1278807570887987e-16 to 6.1280760695887990e-16 seconds.
Warning: Simulation tolerance relaxed to achieve convergence from 6.1280760695887990e-16 to 6.1282713820887994e-16 seconds.
Warning: Simulation tolerance relaxed to achieve convergence from 6.1282713820887994e-16 to 6.1284666945887997e-16 seconds.
Warning: Simulation tolerance relaxed to achieve convergence from 6.1284666945887997e-16 to 6.1286620070888001e-16 seconds.
Warning: Simulation tolerance relaxed to achieve convergence from 6.1286620070888001e-16 to 6.1288573195888004e-16 seconds.
Warning: Simulation tolerance relaxed to achieve convergence from 6.1288573195888004e-16 to 6.1290526320888007e-16 seconds.
Warning: Simulation tolerance relaxed to achieve convergence from 6.1290526320888007e-16 to 6.1292479445888011e-16 seconds.
Warning: Simulation tolerance relaxed to achieve convergence from 6.1292479445888011e-16 to 6.1294432570888014e-16 seconds.
Warning: Simulation tolerance relaxed to achieve convergence from 6.1294432570888014e-16 to 6.1296385695888017e-16 seconds.
Warning: Simulation tolerance relaxed to achieve convergence from 6.1296385695888017e-16 to 6.1298338820888021e-16 seconds.
Warning: Simulation tolerance relaxed to achieve convergence from 6.1298338820888021e-16 to 6.1300291945888024e-16 seconds.
Warning: Simulation tolerance relaxed to achieve convergence from 6.1300291945888024e-16 to 6.1302245070888027e-16 seconds.
Warning: Simulation tolerance relaxed to achieve convergence from 6.1302245070888027e-16 to 6.1304198195888031e-16 seconds.
Warning: Simulation tolerance relaxed to achieve convergence from 6.1304198195888031e-16 to 6.1306151320888034e-16 seconds.
Warning: Simulation tolerance relaxed to achieve convergence from 6.1306151320888034e-16 to 6.1308104445888037e-16 seconds.
Warning: Simulation tolerance relaxed to achieve convergence from 6.1308104445888037e-16 to 6.1310057570888041e-16 seconds.
Warning: Simulation tolerance relaxed to achieve convergence from 6.1310057570888041e-16 to 6.1312010695888044e-16 seconds.
Warning: Simulation tolerance relaxed to achieve convergence from 6.1312010695888044e-16 to 6.1313963820888047e-16 seconds.
Warning: Simulation tolerance relaxed to achieve convergence from 6.1313963820888047e-16 to 6.1315916945888051e-16 seconds.
Warning: Simulation tolerance relaxed to achieve convergence from 6.1315916945888051e-16 to 6.1317870070888054e-16 seconds.
Warning: Simulation tolerance relaxed to achieve convergence from 6.1317870070888054e-16 to 6.1319823195888057e-16 seconds.
Warning: Simulation tolerance relaxed to achieve convergence from 6.1319823195888057e-16 to 6.1321776320888061e-16 seconds.
Warning: Simulation tolerance relaxed to achieve convergence from 6.1321776320888061e-16 to 6.1323729445888064e-16 seconds.
Warning: Simulation tolerance relaxed to achieve convergence from 6.1323729445888064e-16 to 6.1325682570888067e-16 seconds.
Warning: Simulation tolerance relaxed to achieve convergence from 6.1325682570888067e-16 to 6.1327635695888071e-16 seconds.
Warning: Simulation tolerance relaxed to achieve convergence from 6.1327635695888071e-16 to 6.1329588820888074e-16 seconds.
Warning: Simulation tolerance relaxed to achieve convergence from 6.1329588820888074e-16 to 6.1331541945888077e-16 seconds.
Warning: Simulation tolerance relaxed to achieve convergence from 6.1331541945888077e-16 to 6.1333495070888081e-16 seconds.
Warning: Simulation tolerance relaxed to achieve convergence from 6.1333495070888081e-16 to 6.1335448195888084e-16 seconds.
Warning: Simulation tolerance relaxed to achieve convergence from 6.1335448195888084e-16 to 6.1337401320888087e-16 seconds.
Warning: Simulation tolerance relaxed to achieve convergence from 6.1337401320888087e-16 to 6.1339354445888091e-16 seconds.
Warning: Simulation tolerance relaxed to achieve convergence from 6.1339354445888091e-16 to 6.1341307570888094e-16 seconds.
Warning: Simulation tolerance relaxed to achieve convergence from 6.1341307570888094e-16 to 6.1343260695888097e-16 seconds.
Warning: Simulation tolerance relaxed to achieve convergence from 6.1343260695888097e-16 to 6.1345213820888101e-16 seconds.
Warning: Simulation tolerance relaxed to achieve convergence from 6.1345213820888101e-16 to 6.1347166945888104e-16 seconds.
Warning: Simulation tolerance relaxed to achieve convergence from 6.1347166945888104e-16 to 6.1349120070888108e-16 seconds.
Warning: Simulation tolerance relaxed to achieve convergence from 6.1349120070888108e-16 to 6.1351073195888111e-16 seconds.
Warning: Simulation tolerance relaxed to achieve convergence from 6.1351073195888111e-16 to 6.1353026320888114e-16 seconds.
Warning: Simulation tolerance relaxed to achieve convergence from 6.1353026320888114e-16 to 6.1354979445888118e-16 seconds.
Warning: Simulation tolerance relaxed to achieve convergence from 6.1354979445888118e-16 to 6.1356932570888121e-16 seconds.
Warning: Simulation tolerance relaxed to achieve convergence from 6.1356932570888121e-16 to 6.1358885695888124e-16 seconds.
Warning: Simulation tolerance relaxed to achieve convergence from 6.1358885695888124e-16 to 6.1360838820888128e-16 seconds.
Warning: Simulation tolerance relaxed to achieve convergence from 6.1360838820888128e-16 to 6.1362791945888131e-16 seconds.
Warning: Simulation tolerance relaxed to achieve convergence from 6.1362791945888131e-16 to 6.1364745070888134e-16 seconds.
Warning: Simulation tolerance relaxed to achieve convergence from 6.1364745070888134e-16 to 6.1366698195888138e-16 seconds.
Warning: Simulation tolerance relaxed to achieve convergence from 6.1366698195888138e-16 to 6.1368651320888141e-16 seconds.
Warning: Simulation tolerance relaxed to achieve convergence from 6.1368651320888141e-16 to 6.1370604445888144e-16 seconds.
Warning: Simulation tolerance relaxed to achieve convergence from 6.1370604445888144e-16 to 6.1372557570888148e-16 seconds.
Warning: Simulation tolerance relaxed to achieve convergence from 6.1372557570888148e-16 to 6.1374510695888151e-16 seconds.
Warning: Simulation tolerance relaxed to achieve convergence from 6.1374510695888151e-16 to 6.1376463820888154e-16 seconds.
Warning: Simulation tolerance relaxed to achieve convergence from 6.1376463820888154e-16 to 6.1378416945888158e-16 seconds.
Warning: Simulation tolerance relaxed to achieve convergence from 6.1378416945888158e-16 to 6.1380370070888161e-16 seconds.
Warning: Simulation tolerance relaxed to achieve convergence from 6.1380370070888161e-16 to 6.1382323195888164e-16 seconds.
Warning: Simulation tolerance relaxed to achieve convergence from 6.1382323195888164e-16 to 6.1384276320888168e-16 seconds.
Warning: Simulation tolerance relaxed to achieve convergence from 6.1384276320888168e-16 to 6.1386229445888171e-16 seconds.
Warning: Simulation tolerance relaxed to achieve convergence from 6.1386229445888171e-16 to 6.1388182570888174e-16 seconds.
Warning: Simulation tolerance relaxed to achieve convergence from 6.1388182570888174e-16 to 6.1390135695888178e-16 seconds.
Warning: Simulation tolerance relaxed to achieve convergence from 6.1390135695888178e-16 to 6.1392088820888181e-16 seconds.
Warning: Simulation tolerance relaxed to achieve convergence from 6.1392088820888181e-16 to 6.1394041945888184e-16 seconds.
Warning: Simulation tolerance relaxed to achieve convergence from 6.1394041945888184e-16 to 6.1395995070888188e-16 seconds.
Warning: Simulation tolerance relaxed to achieve convergence from 6.1395995070888188e-16 to 6.1397948195888191e-16 seconds.
Warning: Simulation tolerance relaxed to achieve convergence from 6.1397948195888191e-16 to 6.1399901320888194e-16 seconds.
Warning: Simulation tolerance relaxed to achieve convergence from 6.1399901320888194e-16 to 6.1401854445888198e-16 seconds.
Warning: Simulation tolerance relaxed to achieve convergence from 6.1401854445888198e-16 to 6.1403807570888201e-16 seconds.
Warning: Simulation tolerance relaxed to achieve convergence from 6.1403807570888201e-16 to 6.1405760695888205e-16 seconds.
Warning: Simulation tolerance relaxed to achieve convergence from 6.1405760695888205e-16 to 6.1407713820888208e-16 seconds.
Warning: Simulation tolerance relaxed to achieve convergence from 6.1407713820888208e-16 to 6.1409666945888211e-16 seconds.
Warning: Simulation tolerance relaxed to achieve convergence from 6.1409666945888211e-16 to 6.1411620070888215e-16 seconds.
Warning: Simulation tolerance relaxed to achieve convergence from 6.1411620070888215e-16 to 6.1413573195888218e-16 seconds.
Warning: Simulation tolerance relaxed to achieve convergence from 6.1413573195888218e-16 to 6.1415526320888221e-16 seconds.
Warning: Simulation tolerance relaxed to achieve convergence from 6.1415526320888221e-16 to 6.1417479445888225e-16 seconds.
Warning: Simulation tolerance relaxed to achieve convergence from 6.1417479445888225e-16 to 6.1419432570888228e-16 seconds.
Warning: Simulation tolerance relaxed to achieve convergence from 6.1419432570888228e-16 to 6.1421385695888231e-16 seconds.
Warning: Simulation tolerance relaxed to achieve convergence from 6.1421385695888231e-16 to 6.1423338820888235e-16 seconds.
Warning: Simulation tolerance relaxed to achieve convergence from 6.1423338820888235e-16 to 6.1425291945888238e-16 seconds.
Warning: Simulation tolerance relaxed to achieve convergence from 6.1425291945888238e-16 to 6.1427245070888241e-16 seconds.
Warning: Simulation tolerance relaxed to achieve convergence from 6.1427245070888241e-16 to 6.1429198195888245e-16 seconds.
Warning: Simulation tolerance relaxed to achieve convergence from 6.1429198195888245e-16 to 6.1431151320888248e-16 seconds.
Warning: Simulation tolerance relaxed to achieve convergence from 6.1431151320888248e-16 to 6.1433104445888251e-16 seconds.
Warning: Simulation tolerance relaxed to achieve convergence from 6.1433104445888251e-16 to 6.1435057570888255e-16 seconds.
Warning: Simulation tolerance relaxed to achieve convergence from 6.1435057570888255e-16 to 6.1437010695888258e-16 seconds.
Warning: Simulation tolerance relaxed to achieve convergence from 6.1437010695888258e-16 to 6.1438963820888261e-16 seconds.
Warning: Simulation tolerance relaxed to achieve convergence from 6.1438963820888261e-16 to 6.1440916945888265e-16 seconds.
Warning: Simulation tolerance relaxed to achieve convergence from 6.1440916945888265e-16 to 6.1442870070888268e-16 seconds.
Warning: Simulation tolerance relaxed to achieve convergence from 6.1442870070888268e-16 to 6.1444823195888271e-16 seconds.
Warning: Simulation tolerance relaxed to achieve convergence from 6.1444823195888271e-16 to 6.1446776320888275e-16 seconds.
Warning: Simulation tolerance relaxed to achieve convergence from 6.1446776320888275e-16 to 6.1448729445888278e-16 seconds.
Warning: Simulation tolerance relaxed to achieve convergence from 6.1448729445888278e-16 to 6.1450682570888281e-16 seconds.
Warning: Simulation tolerance relaxed to achieve convergence from 6.1450682570888281e-16 to 6.1452635695888285e-16 seconds.
Warning: Simulation tolerance relaxed to achieve convergence from 6.1452635695888285e-16 to 6.1454588820888288e-16 seconds.
Warning: Simulation tolerance relaxed to achieve convergence from 6.1454588820888288e-16 to 6.1456541945888291e-16 seconds.
Warning: Simulation tolerance relaxed to achieve convergence from 6.1456541945888291e-16 to 6.1458495070888295e-16 seconds.
Warning: Simulation tolerance relaxed to achieve convergence from 6.1458495070888295e-16 to 6.1460448195888298e-16 seconds.
Warning: Simulation tolerance relaxed to achieve convergence from 6.1460448195888298e-16 to 6.1462401320888302e-16 seconds.
Warning: Simulation tolerance relaxed to achieve convergence from 6.1462401320888302e-16 to 6.1464354445888305e-16 seconds.
Warning: Simulation tolerance relaxed to achieve convergence from 6.1464354445888305e-16 to 6.1466307570888308e-16 seconds.
Warning: Simulation tolerance relaxed to achieve convergence from 6.1466307570888308e-16 to 6.1468260695888312e-16 seconds.
Warning: Simulation tolerance relaxed to achieve convergence from 6.1468260695888312e-16 to 6.1470213820888315e-16 seconds.
Warning: Simulation tolerance relaxed to achieve convergence from 6.1470213820888315e-16 to 6.1472166945888318e-16 seconds.
Warning: Simulation tolerance relaxed to achieve convergence from 6.1472166945888318e-16 to 6.1474120070888322e-16 seconds.
Warning: Simulation tolerance relaxed to achieve convergence from 6.1474120070888322e-16 to 6.1476073195888325e-16 seconds.
Warning: Simulation tolerance relaxed to achieve convergence from 6.1476073195888325e-16 to 6.1478026320888328e-16 seconds.
Warning: Simulation tolerance relaxed to achieve convergence from 6.1478026320888328e-16 to 6.1479979445888332e-16 seconds.
Warning: Simulation tolerance relaxed to achieve convergence from 6.1479979445888332e-16 to 6.1481932570888335e-16 seconds.
Warning: Simulation tolerance relaxed to achieve convergence from 6.1481932570888335e-16 to 6.1483885695888338e-16 seconds.
Warning: Simulation tolerance relaxed to achieve convergence from 6.1483885695888338e-16 to 6.1485838820888342e-16 seconds.
Warning: Simulation tolerance relaxed to achieve convergence from 6.1485838820888342e-16 to 6.1487791945888345e-16 seconds.
Warning: Simulation tolerance relaxed to achieve convergence from 6.1487791945888345e-16 to 6.1489745070888348e-16 seconds.
Warning: Simulation tolerance relaxed to achieve convergence from 6.1489745070888348e-16 to 6.1491698195888352e-16 seconds.
Warning: Simulation tolerance relaxed to achieve convergence from 6.1491698195888352e-16 to 6.1493651320888355e-16 seconds.
Warning: Simulation tolerance relaxed to achieve convergence from 6.1493651320888355e-16 to 6.1495604445888358e-16 seconds.
Warning: Simulation tolerance relaxed to achieve convergence from 6.1495604445888358e-16 to 6.1497557570888362e-16 seconds.
Warning: Simulation tolerance relaxed to achieve convergence from 6.1497557570888362e-16 to 6.1499510695888365e-16 seconds.
Warning: Simulation tolerance relaxed to achieve convergence from 6.1499510695888365e-16 to 6.1501463820888368e-16 seconds.
Warning: Simulation tolerance relaxed to achieve convergence from 6.1501463820888368e-16 to 6.1503416945888372e-16 seconds.
Warning: Simulation tolerance relaxed to achieve convergence from 6.1503416945888372e-16 to 6.1505370070888375e-16 seconds.
Warning: Simulation tolerance relaxed to achieve convergence from 6.1505370070888375e-16 to 6.1507323195888378e-16 seconds.
Warning: Simulation tolerance relaxed to achieve convergence from 6.1507323195888378e-16 to 6.1509276320888382e-16 seconds.
Warning: Simulation tolerance relaxed to achieve convergence from 6.1509276320888382e-16 to 6.1511229445888385e-16 seconds.
Warning: Simulation tolerance relaxed to achieve convergence from 6.1511229445888385e-16 to 6.1513182570888388e-16 seconds.
Warning: Simulation tolerance relaxed to achieve convergence from 6.1513182570888388e-16 to 6.1515135695888392e-16 seconds.
Warning: Simulation tolerance relaxed to achieve convergence from 6.1515135695888392e-16 to 6.1517088820888395e-16 seconds.
Warning: Simulation tolerance relaxed to achieve convergence from 6.1517088820888395e-16 to 6.1519041945888398e-16 seconds.
Warning: Simulation tolerance relaxed to achieve convergence from 6.1519041945888398e-16 to 6.1520995070888402e-16 seconds.
Warning: Simulation tolerance relaxed to achieve convergence from 6.1520995070888402e-16 to 6.1522948195888405e-16 seconds.
Warning: Simulation tolerance relaxed to achieve convergence from 6.1522948195888405e-16 to 6.1524901320888409e-16 seconds.
Warning: Simulation tolerance relaxed to achieve convergence from 6.1524901320888409e-16 to 6.1526854445888412e-16 seconds.
Warning: Simulation tolerance relaxed to achieve convergence from 6.1526854445888412e-16 to 6.1528807570888415e-16 seconds.
Warning: Simulation tolerance relaxed to achieve convergence from 6.1528807570888415e-16 to 6.1530760695888419e-16 seconds.
Warning: Simulation tolerance relaxed to achieve convergence from 6.1530760695888419e-16 to 6.1532713820888422e-16 seconds.
Warning: Simulation tolerance relaxed to achieve convergence from 6.1532713820888422e-16 to 6.1534666945888425e-16 seconds.
Warning: Simulation tolerance relaxed to achieve convergence from 6.1534666945888425e-16 to 6.1536620070888429e-16 seconds.
Warning: Simulation tolerance relaxed to achieve convergence from 6.1536620070888429e-16 to 6.1538573195888432e-16 seconds.
Warning: Simulation tolerance relaxed to achieve convergence from 6.1538573195888432e-16 to 6.1540526320888435e-16 seconds.
Warning: Simulation tolerance relaxed to achieve convergence from 6.1540526320888435e-16 to 6.1542479445888439e-16 seconds.
Warning: Simulation tolerance relaxed to achieve convergence from 6.1542479445888439e-16 to 6.1544432570888442e-16 seconds.
Warning: Simulation tolerance relaxed to achieve convergence from 6.1544432570888442e-16 to 6.1546385695888445e-16 seconds.
Warning: Simulation tolerance relaxed to achieve convergence from 6.1546385695888445e-16 to 6.1548338820888449e-16 seconds.
Warning: Simulation tolerance relaxed to achieve convergence from 6.1548338820888449e-16 to 6.1550291945888452e-16 seconds.
Warning: Simulation tolerance relaxed to achieve convergence from 6.1550291945888452e-16 to 6.1552245070888455e-16 seconds.
Warning: Simulation tolerance relaxed to achieve convergence from 6.1552245070888455e-16 to 6.1554198195888459e-16 seconds.
Warning: Simulation tolerance relaxed to achieve convergence from 6.1554198195888459e-16 to 6.1556151320888462e-16 seconds.
Warning: Simulation tolerance relaxed to achieve convergence from 6.1556151320888462e-16 to 6.1558104445888465e-16 seconds.
Warning: Simulation tolerance relaxed to achieve convergence from 6.1558104445888465e-16 to 6.1560057570888469e-16 seconds.
Warning: Simulation tolerance relaxed to achieve convergence from 6.1560057570888469e-16 to 6.1562010695888472e-16 seconds.
Warning: Simulation tolerance relaxed to achieve convergence from 6.1562010695888472e-16 to 6.1563963820888475e-16 seconds.
Warning: Simulation tolerance relaxed to achieve convergence from 6.1563963820888475e-16 to 6.1565916945888479e-16 seconds.
Warning: Simulation tolerance relaxed to achieve convergence from 6.1565916945888479e-16 to 6.1567870070888482e-16 seconds.
Warning: Simulation tolerance relaxed to achieve convergence from 6.1567870070888482e-16 to 6.1569823195888485e-16 seconds.
Warning: Simulation tolerance relaxed to achieve convergence from 6.1569823195888485e-16 to 6.1571776320888489e-16 seconds.
Warning: Simulation tolerance relaxed to achieve convergence from 6.1571776320888489e-16 to 6.1573729445888492e-16 seconds.
Warning: Simulation tolerance relaxed to achieve convergence from 6.1573729445888492e-16 to 6.1575682570888495e-16 seconds.
Warning: Simulation tolerance relaxed to achieve convergence from 6.1575682570888495e-16 to 6.1577635695888499e-16 seconds.
Warning: Simulation tolerance relaxed to achieve convergence from 6.1577635695888499e-16 to 6.1579588820888502e-16 seconds.
Warning: Simulation tolerance relaxed to achieve convergence from 6.1579588820888502e-16 to 6.1581541945888506e-16 seconds.
Warning: Simulation tolerance relaxed to achieve convergence from 6.1581541945888506e-16 to 6.1583495070888509e-16 seconds.
Warning: Simulation tolerance relaxed to achieve convergence from 6.1583495070888509e-16 to 6.1585448195888512e-16 seconds.
Warning: Simulation tolerance relaxed to achieve convergence from 6.1585448195888512e-16 to 6.1587401320888516e-16 seconds.
Warning: Simulation tolerance relaxed to achieve convergence from 6.1587401320888516e-16 to 6.1589354445888519e-16 seconds.
Warning: Simulation tolerance relaxed to achieve convergence from 6.1589354445888519e-16 to 6.1591307570888522e-16 seconds.
Warning: Simulation tolerance relaxed to achieve convergence from 6.1591307570888522e-16 to 6.1593260695888526e-16 seconds.
Warning: Simulation tolerance relaxed to achieve convergence from 6.1593260695888526e-16 to 6.1595213820888529e-16 seconds.
Warning: Simulation tolerance relaxed to achieve convergence from 6.1595213820888529e-16 to 6.1597166945888532e-16 seconds.
Warning: Simulation tolerance relaxed to achieve convergence from 6.1597166945888532e-16 to 6.1599120070888536e-16 seconds.
Warning: Simulation tolerance relaxed to achieve convergence from 6.1599120070888536e-16 to 6.1601073195888539e-16 seconds.
Warning: Simulation tolerance relaxed to achieve convergence from 6.1601073195888539e-16 to 6.1603026320888542e-16 seconds.
Warning: Simulation tolerance relaxed to achieve convergence from 6.1603026320888542e-16 to 6.1604979445888546e-16 seconds.
Warning: Simulation tolerance relaxed to achieve convergence from 6.1604979445888546e-16 to 6.1606932570888549e-16 seconds.
Warning: Simulation tolerance relaxed to achieve convergence from 6.1606932570888549e-16 to 6.1608885695888552e-16 seconds.
Warning: Simulation tolerance relaxed to achieve convergence from 6.1608885695888552e-16 to 6.1610838820888556e-16 seconds.
Warning: Simulation tolerance relaxed to achieve convergence from 6.1610838820888556e-16 to 6.1612791945888559e-16 seconds.
Warning: Simulation tolerance relaxed to achieve convergence from 6.1612791945888559e-16 to 6.1614745070888562e-16 seconds.
Warning: Simulation tolerance relaxed to achieve convergence from 6.1614745070888562e-16 to 6.1616698195888566e-16 seconds.
Warning: Simulation tolerance relaxed to achieve convergence from 6.1616698195888566e-16 to 6.1618651320888569e-16 seconds.
Warning: Simulation tolerance relaxed to achieve convergence from 6.1618651320888569e-16 to 6.1620604445888572e-16 seconds.
Warning: Simulation tolerance relaxed to achieve convergence from 6.1620604445888572e-16 to 6.1622557570888576e-16 seconds.
Warning: Simulation tolerance relaxed to achieve convergence from 6.1622557570888576e-16 to 6.1624510695888579e-16 seconds.
Warning: Simulation tolerance relaxed to achieve convergence from 6.1624510695888579e-16 to 6.1626463820888582e-16 seconds.
Warning: Simulation tolerance relaxed to achieve convergence from 6.1626463820888582e-16 to 6.1628416945888586e-16 seconds.
Warning: Simulation tolerance relaxed to achieve convergence from 6.1628416945888586e-16 to 6.1630370070888589e-16 seconds.
Warning: Simulation tolerance relaxed to achieve convergence from 6.1630370070888589e-16 to 6.1632323195888592e-16 seconds.
Warning: Simulation tolerance relaxed to achieve convergence from 6.1632323195888592e-16 to 6.1634276320888596e-16 seconds.
Warning: Simulation tolerance relaxed to achieve convergence from 6.1634276320888596e-16 to 6.1636229445888599e-16 seconds.
Warning: Simulation tolerance relaxed to achieve convergence from 6.1636229445888599e-16 to 6.1638182570888602e-16 seconds.
Warning: Simulation tolerance relaxed to achieve convergence from 6.1638182570888602e-16 to 6.1640135695888606e-16 seconds.
Warning: Simulation tolerance relaxed to achieve convergence from 6.1640135695888606e-16 to 6.1642088820888609e-16 seconds.
Warning: Simulation tolerance relaxed to achieve convergence from 6.1642088820888609e-16 to 6.1644041945888613e-16 seconds.
Warning: Simulation tolerance relaxed to achieve convergence from 6.1644041945888613e-16 to 6.1645995070888616e-16 seconds.
Warning: Simulation tolerance relaxed to achieve convergence from 6.1645995070888616e-16 to 6.1647948195888619e-16 seconds.
Warning: Simulation tolerance relaxed to achieve convergence from 6.1647948195888619e-16 to 6.1649901320888623e-16 seconds.
Warning: Simulation tolerance relaxed to achieve convergence from 6.1649901320888623e-16 to 6.1651854445888626e-16 seconds.
Warning: Simulation tolerance relaxed to achieve convergence from 6.1651854445888626e-16 to 6.1653807570888629e-16 seconds.
Warning: Simulation tolerance relaxed to achieve convergence from 6.1653807570888629e-16 to 6.1655760695888633e-16 seconds.
Warning: Simulation tolerance relaxed to achieve convergence from 6.1655760695888633e-16 to 6.1657713820888636e-16 seconds.
Warning: Simulation tolerance relaxed to achieve convergence from 6.1657713820888636e-16 to 6.1659666945888639e-16 seconds.
Warning: Simulation tolerance relaxed to achieve convergence from 6.1659666945888639e-16 to 6.1661620070888643e-16 seconds.
Warning: Simulation tolerance relaxed to achieve convergence from 6.1661620070888643e-16 to 6.1663573195888646e-16 seconds.
Warning: Simulation tolerance relaxed to achieve convergence from 6.1663573195888646e-16 to 6.1665526320888649e-16 seconds.
Warning: Simulation tolerance relaxed to achieve convergence from 6.1665526320888649e-16 to 6.1667479445888653e-16 seconds.
Warning: Simulation tolerance relaxed to achieve convergence from 6.1667479445888653e-16 to 6.1669432570888656e-16 seconds.
Warning: Simulation tolerance relaxed to achieve convergence from 6.1669432570888656e-16 to 6.1671385695888659e-16 seconds.
Warning: Simulation tolerance relaxed to achieve convergence from 6.1671385695888659e-16 to 6.1673338820888663e-16 seconds.
Warning: Simulation tolerance relaxed to achieve convergence from 6.1673338820888663e-16 to 6.1675291945888666e-16 seconds.
Warning: Simulation tolerance relaxed to achieve convergence from 6.1675291945888666e-16 to 6.1677245070888669e-16 seconds.
Warning: Simulation tolerance relaxed to achieve convergence from 6.1677245070888669e-16 to 6.1679198195888673e-16 seconds.
Warning: Simulation tolerance relaxed to achieve convergence from 6.1679198195888673e-16 to 6.1681151320888676e-16 seconds.
Warning: Simulation tolerance relaxed to achieve convergence from 6.1681151320888676e-16 to 6.1683104445888679e-16 seconds.
Warning: Simulation tolerance relaxed to achieve convergence from 6.1683104445888679e-16 to 6.1685057570888683e-16 seconds.
Warning: Simulation tolerance relaxed to achieve convergence from 6.1685057570888683e-16 to 6.1687010695888686e-16 seconds.
Warning: Simulation tolerance relaxed to achieve convergence from 6.1687010695888686e-16 to 6.1688963820888689e-16 seconds.
Warning: Simulation tolerance relaxed to achieve convergence from 6.1688963820888689e-16 to 6.1690916945888693e-16 seconds.
Warning: Simulation tolerance relaxed to achieve convergence from 6.1690916945888693e-16 to 6.1692870070888696e-16 seconds.
Warning: Simulation tolerance relaxed to achieve convergence from 6.1692870070888696e-16 to 6.1694823195888699e-16 seconds.
Warning: Simulation tolerance relaxed to achieve convergence from 6.1694823195888699e-16 to 6.1696776320888703e-16 seconds.
Warning: Simulation tolerance relaxed to achieve convergence from 6.1696776320888703e-16 to 6.1698729445888706e-16 seconds.
Warning: Simulation tolerance relaxed to achieve convergence from 6.1698729445888706e-16 to 6.1700682570888710e-16 seconds.
Warning: Simulation tolerance relaxed to achieve convergence from 6.1700682570888710e-16 to 6.1702635695888713e-16 seconds.
Warning: Simulation tolerance relaxed to achieve convergence from 6.1702635695888713e-16 to 6.1704588820888716e-16 seconds.
Warning: Simulation tolerance relaxed to achieve convergence from 6.1704588820888716e-16 to 6.1706541945888720e-16 seconds.
Warning: Simulation tolerance relaxed to achieve convergence from 6.1706541945888720e-16 to 6.1708495070888723e-16 seconds.
Warning: Simulation tolerance relaxed to achieve convergence from 6.1708495070888723e-16 to 6.1710448195888726e-16 seconds.
Warning: Simulation tolerance relaxed to achieve convergence from 6.1710448195888726e-16 to 6.1712401320888730e-16 seconds.
Warning: Simulation tolerance relaxed to achieve convergence from 6.1712401320888730e-16 to 6.1714354445888733e-16 seconds.
Warning: Simulation tolerance relaxed to achieve convergence from 6.1714354445888733e-16 to 6.1716307570888736e-16 seconds.
Warning: Simulation tolerance relaxed to achieve convergence from 6.1716307570888736e-16 to 6.1718260695888740e-16 seconds.
Warning: Simulation tolerance relaxed to achieve convergence from 6.1718260695888740e-16 to 6.1720213820888743e-16 seconds.
Warning: Simulation tolerance relaxed to achieve convergence from 6.1720213820888743e-16 to 6.1722166945888746e-16 seconds.
Warning: Simulation tolerance relaxed to achieve convergence from 6.1722166945888746e-16 to 6.1724120070888750e-16 seconds.
Warning: Simulation tolerance relaxed to achieve convergence from 6.1724120070888750e-16 to 6.1726073195888753e-16 seconds.
Warning: Simulation tolerance relaxed to achieve convergence from 6.1726073195888753e-16 to 6.1728026320888756e-16 seconds.
Warning: Simulation tolerance relaxed to achieve convergence from 6.1728026320888756e-16 to 6.1729979445888760e-16 seconds.
Warning: Simulation tolerance relaxed to achieve convergence from 6.1729979445888760e-16 to 6.1731932570888763e-16 seconds.
Warning: Simulation tolerance relaxed to achieve convergence from 6.1731932570888763e-16 to 6.1733885695888766e-16 seconds.
Warning: Simulation tolerance relaxed to achieve convergence from 6.1733885695888766e-16 to 6.1735838820888770e-16 seconds.
Warning: Simulation tolerance relaxed to achieve convergence from 6.1735838820888770e-16 to 6.1737791945888773e-16 seconds.
Warning: Simulation tolerance relaxed to achieve convergence from 6.1737791945888773e-16 to 6.1739745070888776e-16 seconds.
Warning: Simulation tolerance relaxed to achieve convergence from 6.1739745070888776e-16 to 6.1741698195888780e-16 seconds.
Warning: Simulation tolerance relaxed to achieve convergence from 6.1741698195888780e-16 to 6.1743651320888783e-16 seconds.
Warning: Simulation tolerance relaxed to achieve convergence from 6.1743651320888783e-16 to 6.1745604445888786e-16 seconds.
Warning: Simulation tolerance relaxed to achieve convergence from 6.1745604445888786e-16 to 6.1747557570888790e-16 seconds.
Warning: Simulation tolerance relaxed to achieve convergence from 6.1747557570888790e-16 to 6.1749510695888793e-16 seconds.
Warning: Simulation tolerance relaxed to achieve convergence from 6.1749510695888793e-16 to 6.1751463820888796e-16 seconds.
Warning: Simulation tolerance relaxed to achieve convergence from 6.1751463820888796e-16 to 6.1753416945888800e-16 seconds.
Warning: Simulation tolerance relaxed to achieve convergence from 6.1753416945888800e-16 to 6.1755370070888803e-16 seconds.
Warning: Simulation tolerance relaxed to achieve convergence from 6.1755370070888803e-16 to 6.1757323195888806e-16 seconds.
Warning: Simulation tolerance relaxed to achieve convergence from 6.1757323195888806e-16 to 6.1759276320888810e-16 seconds.
Warning: Simulation tolerance relaxed to achieve convergence from 6.1759276320888810e-16 to 6.1761229445888813e-16 seconds.
Warning: Simulation tolerance relaxed to achieve convergence from 6.1761229445888813e-16 to 6.1763182570888817e-16 seconds.
Warning: Simulation tolerance relaxed to achieve convergence from 6.1763182570888817e-16 to 6.1765135695888820e-16 seconds.
Warning: Simulation tolerance relaxed to achieve convergence from 6.1765135695888820e-16 to 6.1767088820888823e-16 seconds.
Warning: Simulation tolerance relaxed to achieve convergence from 6.1767088820888823e-16 to 6.1769041945888827e-16 seconds.
Warning: Simulation tolerance relaxed to achieve convergence from 6.1769041945888827e-16 to 6.1770995070888830e-16 seconds.
Warning: Simulation tolerance relaxed to achieve convergence from 6.1770995070888830e-16 to 6.1772948195888833e-16 seconds.
Warning: Simulation tolerance relaxed to achieve convergence from 6.1772948195888833e-16 to 6.1774901320888837e-16 seconds.
Warning: Simulation tolerance relaxed to achieve convergence from 6.1774901320888837e-16 to 6.1776854445888840e-16 seconds.
Warning: Simulation tolerance relaxed to achieve convergence from 6.1776854445888840e-16 to 6.1778807570888843e-16 seconds.
Warning: Simulation tolerance relaxed to achieve convergence from 6.1778807570888843e-16 to 6.1780760695888847e-16 seconds.
Warning: Simulation tolerance relaxed to achieve convergence from 6.1780760695888847e-16 to 6.1782713820888850e-16 seconds.
Warning: Simulation tolerance relaxed to achieve convergence from 6.1782713820888850e-16 to 6.1784666945888853e-16 seconds.
Warning: Simulation tolerance relaxed to achieve convergence from 6.1784666945888853e-16 to 6.1786620070888857e-16 seconds.
Warning: Simulation tolerance relaxed to achieve convergence from 6.1786620070888857e-16 to 6.1788573195888860e-16 seconds.
Warning: Simulation tolerance relaxed to achieve convergence from 6.1788573195888860e-16 to 6.1790526320888863e-16 seconds.
Warning: Simulation tolerance relaxed to achieve convergence from 6.1790526320888863e-16 to 6.1792479445888867e-16 seconds.
Warning: Simulation tolerance relaxed to achieve convergence from 6.1792479445888867e-16 to 6.1794432570888870e-16 seconds.
Warning: Simulation tolerance relaxed to achieve convergence from 6.1794432570888870e-16 to 6.1796385695888873e-16 seconds.
Warning: Simulation tolerance relaxed to achieve convergence from 6.1796385695888873e-16 to 6.1798338820888877e-16 seconds.
Warning: Simulation tolerance relaxed to achieve convergence from 6.1798338820888877e-16 to 6.1800291945888880e-16 seconds.
Warning: Simulation tolerance relaxed to achieve convergence from 6.1800291945888880e-16 to 6.1802245070888883e-16 seconds.
Warning: Simulation tolerance relaxed to achieve convergence from 6.1802245070888883e-16 to 6.1804198195888887e-16 seconds.
Warning: Simulation tolerance relaxed to achieve convergence from 6.1804198195888887e-16 to 6.1806151320888890e-16 seconds.
Warning: Simulation tolerance relaxed to achieve convergence from 6.1806151320888890e-16 to 6.1808104445888893e-16 seconds.
Warning: Simulation tolerance relaxed to achieve convergence from 6.1808104445888893e-16 to 6.1810057570888897e-16 seconds.
Warning: Simulation tolerance relaxed to achieve convergence from 6.1810057570888897e-16 to 6.1812010695888900e-16 seconds.
Warning: Simulation tolerance relaxed to achieve convergence from 6.1812010695888900e-16 to 6.1813963820888903e-16 seconds.
Warning: Simulation tolerance relaxed to achieve convergence from 6.1813963820888903e-16 to 6.1815916945888907e-16 seconds.
Warning: Simulation tolerance relaxed to achieve convergence from 6.1815916945888907e-16 to 6.1817870070888910e-16 seconds.
Warning: Simulation tolerance relaxed to achieve convergence from 6.1817870070888910e-16 to 6.1819823195888914e-16 seconds.
Warning: Simulation tolerance relaxed to achieve convergence from 6.1819823195888914e-16 to 6.1821776320888917e-16 seconds.
Warning: Simulation tolerance relaxed to achieve convergence from 6.1821776320888917e-16 to 6.1823729445888920e-16 seconds.
Warning: Simulation tolerance relaxed to achieve convergence from 6.1823729445888920e-16 to 6.1825682570888924e-16 seconds.
Warning: Simulation tolerance relaxed to achieve convergence from 6.1825682570888924e-16 to 6.1827635695888927e-16 seconds.
Warning: Simulation tolerance relaxed to achieve convergence from 6.1827635695888927e-16 to 6.1829588820888930e-16 seconds.
Warning: Simulation tolerance relaxed to achieve convergence from 6.1829588820888930e-16 to 6.1831541945888934e-16 seconds.
Warning: Simulation tolerance relaxed to achieve convergence from 6.1831541945888934e-16 to 6.1833495070888937e-16 seconds.
Warning: Simulation tolerance relaxed to achieve convergence from 6.1833495070888937e-16 to 6.1835448195888940e-16 seconds.
Warning: Simulation tolerance relaxed to achieve convergence from 6.1835448195888940e-16 to 6.1837401320888944e-16 seconds.
Warning: Simulation tolerance relaxed to achieve convergence from 6.1837401320888944e-16 to 6.1839354445888947e-16 seconds.
Warning: Simulation tolerance relaxed to achieve convergence from 6.1839354445888947e-16 to 6.1841307570888950e-16 seconds.
Warning: Simulation tolerance relaxed to achieve convergence from 6.1841307570888950e-16 to 6.1843260695888954e-16 seconds.
Warning: Simulation tolerance relaxed to achieve convergence from 6.1843260695888954e-16 to 6.1845213820888957e-16 seconds.
Warning: Simulation tolerance relaxed to achieve convergence from 6.1845213820888957e-16 to 6.1847166945888960e-16 seconds.
Warning: Simulation tolerance relaxed to achieve convergence from 6.1847166945888960e-16 to 6.1849120070888964e-16 seconds.
Warning: Simulation tolerance relaxed to achieve convergence from 6.1849120070888964e-16 to 6.1851073195888967e-16 seconds.
Warning: Simulation tolerance relaxed to achieve convergence from 6.1851073195888967e-16 to 6.1853026320888970e-16 seconds.
Warning: Simulation tolerance relaxed to achieve convergence from 6.1853026320888970e-16 to 6.1854979445888974e-16 seconds.
Warning: Simulation tolerance relaxed to achieve convergence from 6.1854979445888974e-16 to 6.1856932570888977e-16 seconds.
Warning: Simulation tolerance relaxed to achieve convergence from 6.1856932570888977e-16 to 6.1858885695888980e-16 seconds.
Warning: Simulation tolerance relaxed to achieve convergence from 6.1858885695888980e-16 to 6.1860838820888984e-16 seconds.
Warning: Simulation tolerance relaxed to achieve convergence from 6.1860838820888984e-16 to 6.1862791945888987e-16 seconds.
Warning: Simulation tolerance relaxed to achieve convergence from 6.1862791945888987e-16 to 6.1864745070888990e-16 seconds.
Warning: Simulation tolerance relaxed to achieve convergence from 6.1864745070888990e-16 to 6.1866698195888994e-16 seconds.
Warning: Simulation tolerance relaxed to achieve convergence from 6.1866698195888994e-16 to 6.1868651320888997e-16 seconds.
Warning: Simulation tolerance relaxed to achieve convergence from 6.1868651320888997e-16 to 6.1870604445889000e-16 seconds.
Warning: Simulation tolerance relaxed to achieve convergence from 6.1870604445889000e-16 to 6.1872557570889004e-16 seconds.
Warning: Simulation tolerance relaxed to achieve convergence from 6.1872557570889004e-16 to 6.1874510695889007e-16 seconds.
Warning: Simulation tolerance relaxed to achieve convergence from 6.1874510695889007e-16 to 6.1876463820889011e-16 seconds.
Warning: Simulation tolerance relaxed to achieve convergence from 6.1876463820889011e-16 to 6.1878416945889014e-16 seconds.
Warning: Simulation tolerance relaxed to achieve convergence from 6.1878416945889014e-16 to 6.1880370070889017e-16 seconds.
Warning: Simulation tolerance relaxed to achieve convergence from 6.1880370070889017e-16 to 6.1882323195889021e-16 seconds.
Warning: Simulation tolerance relaxed to achieve convergence from 6.1882323195889021e-16 to 6.1884276320889024e-16 seconds.
Warning: Simulation tolerance relaxed to achieve convergence from 6.1884276320889024e-16 to 6.1886229445889027e-16 seconds.
Warning: Simulation tolerance relaxed to achieve convergence from 6.1886229445889027e-16 to 6.1888182570889031e-16 seconds.
Warning: Simulation tolerance relaxed to achieve convergence from 6.1888182570889031e-16 to 6.1890135695889034e-16 seconds.
Warning: Simulation tolerance relaxed to achieve convergence from 6.1890135695889034e-16 to 6.1892088820889037e-16 seconds.
Warning: Simulation tolerance relaxed to achieve convergence from 6.1892088820889037e-16 to 6.1894041945889041e-16 seconds.
Warning: Simulation tolerance relaxed to achieve convergence from 6.1894041945889041e-16 to 6.1895995070889044e-16 seconds.
Warning: Simulation tolerance relaxed to achieve convergence from 6.1895995070889044e-16 to 6.1897948195889047e-16 seconds.
Warning: Simulation tolerance relaxed to achieve convergence from 6.1897948195889047e-16 to 6.1899901320889051e-16 seconds.
Warning: Simulation tolerance relaxed to achieve convergence from 6.1899901320889051e-16 to 6.1901854445889054e-16 seconds.
Warning: Simulation tolerance relaxed to achieve convergence from 6.1901854445889054e-16 to 6.1903807570889057e-16 seconds.
Warning: Simulation tolerance relaxed to achieve convergence from 6.1903807570889057e-16 to 6.1905760695889061e-16 seconds.
Warning: Simulation tolerance relaxed to achieve convergence from 6.1905760695889061e-16 to 6.1907713820889064e-16 seconds.
Warning: Simulation tolerance relaxed to achieve convergence from 6.1907713820889064e-16 to 6.1909666945889067e-16 seconds.
Warning: Simulation tolerance relaxed to achieve convergence from 6.1909666945889067e-16 to 6.1911620070889071e-16 seconds.
Warning: Simulation tolerance relaxed to achieve convergence from 6.1911620070889071e-16 to 6.1913573195889074e-16 seconds.
Warning: Simulation tolerance relaxed to achieve convergence from 6.1913573195889074e-16 to 6.1915526320889077e-16 seconds.
Warning: Simulation tolerance relaxed to achieve convergence from 6.1915526320889077e-16 to 6.1917479445889081e-16 seconds.
Warning: Simulation tolerance relaxed to achieve convergence from 6.1917479445889081e-16 to 6.1919432570889084e-16 seconds.
Warning: Simulation tolerance relaxed to achieve convergence from 6.1919432570889084e-16 to 6.1921385695889087e-16 seconds.
Warning: Simulation tolerance relaxed to achieve convergence from 6.1921385695889087e-16 to 6.1923338820889091e-16 seconds.
Warning: Simulation tolerance relaxed to achieve convergence from 6.1923338820889091e-16 to 6.1925291945889094e-16 seconds.
Warning: Simulation tolerance relaxed to achieve convergence from 6.1925291945889094e-16 to 6.1927245070889097e-16 seconds.
Warning: Simulation tolerance relaxed to achieve convergence from 6.1927245070889097e-16 to 6.1929198195889101e-16 seconds.
Warning: Simulation tolerance relaxed to achieve convergence from 6.1929198195889101e-16 to 6.1931151320889104e-16 seconds.
Warning: Simulation tolerance relaxed to achieve convergence from 6.1931151320889104e-16 to 6.1933104445889107e-16 seconds.
Warning: Simulation tolerance relaxed to achieve convergence from 6.1933104445889107e-16 to 6.1935057570889111e-16 seconds.
Warning: Simulation tolerance relaxed to achieve convergence from 6.1935057570889111e-16 to 6.1937010695889114e-16 seconds.
Warning: Simulation tolerance relaxed to achieve convergence from 6.1937010695889114e-16 to 6.1938963820889118e-16 seconds.
Warning: Simulation tolerance relaxed to achieve convergence from 6.1938963820889118e-16 to 6.1940916945889121e-16 seconds.
Warning: Simulation tolerance relaxed to achieve convergence from 6.1940916945889121e-16 to 6.1942870070889124e-16 seconds.
Warning: Simulation tolerance relaxed to achieve convergence from 6.1942870070889124e-16 to 6.1944823195889128e-16 seconds.
Warning: Simulation tolerance relaxed to achieve convergence from 6.1944823195889128e-16 to 6.1946776320889131e-16 seconds.
Warning: Simulation tolerance relaxed to achieve convergence from 6.1946776320889131e-16 to 6.1948729445889134e-16 seconds.
Warning: Simulation tolerance relaxed to achieve convergence from 6.1948729445889134e-16 to 6.1950682570889138e-16 seconds.
Warning: Simulation tolerance relaxed to achieve convergence from 6.1950682570889138e-16 to 6.1952635695889141e-16 seconds.
Warning: Simulation tolerance relaxed to achieve convergence from 6.1952635695889141e-16 to 6.1954588820889144e-16 seconds.
Warning: Simulation tolerance relaxed to achieve convergence from 6.1954588820889144e-16 to 6.1956541945889148e-16 seconds.
Warning: Simulation tolerance relaxed to achieve convergence from 6.1956541945889148e-16 to 6.1958495070889151e-16 seconds.
Warning: Simulation tolerance relaxed to achieve convergence from 6.1958495070889151e-16 to 6.1960448195889154e-16 seconds.
Warning: Simulation tolerance relaxed to achieve convergence from 6.1960448195889154e-16 to 6.1962401320889158e-16 seconds.
Warning: Simulation tolerance relaxed to achieve convergence from 6.1962401320889158e-16 to 6.1964354445889161e-16 seconds.
Warning: Simulation tolerance relaxed to achieve convergence from 6.1964354445889161e-16 to 6.1966307570889164e-16 seconds.
Warning: Simulation tolerance relaxed to achieve convergence from 6.1966307570889164e-16 to 6.1968260695889168e-16 seconds.
Warning: Simulation tolerance relaxed to achieve convergence from 6.1968260695889168e-16 to 6.1970213820889171e-16 seconds.
Warning: Simulation tolerance relaxed to achieve convergence from 6.1970213820889171e-16 to 6.1972166945889174e-16 seconds.
Warning: Simulation tolerance relaxed to achieve convergence from 6.1972166945889174e-16 to 6.1974120070889178e-16 seconds.
Warning: Simulation tolerance relaxed to achieve convergence from 6.1974120070889178e-16 to 6.1976073195889181e-16 seconds.
Warning: Simulation tolerance relaxed to achieve convergence from 6.1976073195889181e-16 to 6.1978026320889184e-16 seconds.
Warning: Simulation tolerance relaxed to achieve convergence from 6.1978026320889184e-16 to 6.1979979445889188e-16 seconds.
Warning: Simulation tolerance relaxed to achieve convergence from 6.1979979445889188e-16 to 6.1981932570889191e-16 seconds.
Warning: Simulation tolerance relaxed to achieve convergence from 6.1981932570889191e-16 to 6.1983885695889194e-16 seconds.
Warning: Simulation tolerance relaxed to achieve convergence from 6.1983885695889194e-16 to 6.1985838820889198e-16 seconds.
Warning: Simulation tolerance relaxed to achieve convergence from 6.1985838820889198e-16 to 6.1987791945889201e-16 seconds.
Warning: Simulation tolerance relaxed to achieve convergence from 6.1987791945889201e-16 to 6.1989745070889204e-16 seconds.
Warning: Simulation tolerance relaxed to achieve convergence from 6.1989745070889204e-16 to 6.1991698195889208e-16 seconds.
Warning: Simulation tolerance relaxed to achieve convergence from 6.1991698195889208e-16 to 6.1993651320889211e-16 seconds.
Warning: Simulation tolerance relaxed to achieve convergence from 6.1993651320889211e-16 to 6.1995604445889215e-16 seconds.
Warning: Simulation tolerance relaxed to achieve convergence from 6.1995604445889215e-16 to 6.1997557570889218e-16 seconds.
Warning: Simulation tolerance relaxed to achieve convergence from 6.1997557570889218e-16 to 6.1999510695889221e-16 seconds.
Warning: Simulation tolerance relaxed to achieve convergence from 6.1999510695889221e-16 to 6.2001463820889225e-16 seconds.
Warning: Simulation tolerance relaxed to achieve convergence from 6.2001463820889225e-16 to 6.2003416945889228e-16 seconds.
Warning: Simulation tolerance relaxed to achieve convergence from 6.2003416945889228e-16 to 6.2005370070889231e-16 seconds.
Warning: Simulation tolerance relaxed to achieve convergence from 6.2005370070889231e-16 to 6.2007323195889235e-16 seconds.
Warning: Simulation tolerance relaxed to achieve convergence from 6.2007323195889235e-16 to 6.2009276320889238e-16 seconds.
Warning: Simulation tolerance relaxed to achieve convergence from 6.2009276320889238e-16 to 6.2011229445889241e-16 seconds.
Warning: Simulation tolerance relaxed to achieve convergence from 6.2011229445889241e-16 to 6.2013182570889245e-16 seconds.
Warning: Simulation tolerance relaxed to achieve convergence from 6.2013182570889245e-16 to 6.2015135695889248e-16 seconds.
Warning: Simulation tolerance relaxed to achieve convergence from 6.2015135695889248e-16 to 6.2017088820889251e-16 seconds.
Warning: Simulation tolerance relaxed to achieve convergence from 6.2017088820889251e-16 to 6.2019041945889255e-16 seconds.
Warning: Simulation tolerance relaxed to achieve convergence from 6.2019041945889255e-16 to 6.2020995070889258e-16 seconds.
Warning: Simulation tolerance relaxed to achieve convergence from 6.2020995070889258e-16 to 6.2022948195889261e-16 seconds.
Warning: Simulation tolerance relaxed to achieve convergence from 6.2022948195889261e-16 to 6.2024901320889265e-16 seconds.
Warning: Simulation tolerance relaxed to achieve convergence from 6.2024901320889265e-16 to 6.2026854445889268e-16 seconds.
Warning: Simulation tolerance relaxed to achieve convergence from 6.2026854445889268e-16 to 6.2028807570889271e-16 seconds.
Warning: Simulation tolerance relaxed to achieve convergence from 6.2028807570889271e-16 to 6.2030760695889275e-16 seconds.
Warning: Simulation tolerance relaxed to achieve convergence from 6.2030760695889275e-16 to 6.2032713820889278e-16 seconds.
Warning: Simulation tolerance relaxed to achieve convergence from 6.2032713820889278e-16 to 6.2034666945889281e-16 seconds.
Warning: Simulation tolerance relaxed to achieve convergence from 6.2034666945889281e-16 to 6.2036620070889285e-16 seconds.
Warning: Simulation tolerance relaxed to achieve convergence from 6.2036620070889285e-16 to 6.2038573195889288e-16 seconds.
Warning: Simulation tolerance relaxed to achieve convergence from 6.2038573195889288e-16 to 6.2040526320889291e-16 seconds.
Warning: Simulation tolerance relaxed to achieve convergence from 6.2040526320889291e-16 to 6.2042479445889295e-16 seconds.
Warning: Simulation tolerance relaxed to achieve convergence from 6.2042479445889295e-16 to 6.2044432570889298e-16 seconds.
Warning: Simulation tolerance relaxed to achieve convergence from 6.2044432570889298e-16 to 6.2046385695889301e-16 seconds.
Warning: Simulation tolerance relaxed to achieve convergence from 6.2046385695889301e-16 to 6.2048338820889305e-16 seconds.
Warning: Simulation tolerance relaxed to achieve convergence from 6.2048338820889305e-16 to 6.2050291945889308e-16 seconds.
Warning: Simulation tolerance relaxed to achieve convergence from 6.2050291945889308e-16 to 6.2052245070889311e-16 seconds.
Warning: Simulation tolerance relaxed to achieve convergence from 6.2052245070889311e-16 to 6.2054198195889315e-16 seconds.
Warning: Simulation tolerance relaxed to achieve convergence from 6.2054198195889315e-16 to 6.2056151320889318e-16 seconds.
Warning: Simulation tolerance relaxed to achieve convergence from 6.2056151320889318e-16 to 6.2058104445889322e-16 seconds.
Warning: Simulation tolerance relaxed to achieve convergence from 6.2058104445889322e-16 to 6.2060057570889325e-16 seconds.
Warning: Simulation tolerance relaxed to achieve convergence from 6.2060057570889325e-16 to 6.2062010695889328e-16 seconds.
Warning: Simulation tolerance relaxed to achieve convergence from 6.2062010695889328e-16 to 6.2063963820889332e-16 seconds.
Warning: Simulation tolerance relaxed to achieve convergence from 6.2063963820889332e-16 to 6.2065916945889335e-16 seconds.
Warning: Simulation tolerance relaxed to achieve convergence from 6.2065916945889335e-16 to 6.2067870070889338e-16 seconds.
Warning: Simulation tolerance relaxed to achieve convergence from 6.2067870070889338e-16 to 6.2069823195889342e-16 seconds.
Warning: Simulation tolerance relaxed to achieve convergence from 6.2069823195889342e-16 to 6.2071776320889345e-16 seconds.
Warning: Simulation tolerance relaxed to achieve convergence from 6.2071776320889345e-16 to 6.2073729445889348e-16 seconds.
Warning: Simulation tolerance relaxed to achieve convergence from 6.2073729445889348e-16 to 6.2075682570889352e-16 seconds.
Warning: Simulation tolerance relaxed to achieve convergence from 6.2075682570889352e-16 to 6.2077635695889355e-16 seconds.
Warning: Simulation tolerance relaxed to achieve convergence from 6.2077635695889355e-16 to 6.2079588820889358e-16 seconds.
Warning: Simulation tolerance relaxed to achieve convergence from 6.2079588820889358e-16 to 6.2081541945889362e-16 seconds.
Warning: Simulation tolerance relaxed to achieve convergence from 6.2081541945889362e-16 to 6.2083495070889365e-16 seconds.
Warning: Simulation tolerance relaxed to achieve convergence from 6.2083495070889365e-16 to 6.2085448195889368e-16 seconds.
Warning: Simulation tolerance relaxed to achieve convergence from 6.2085448195889368e-16 to 6.2087401320889372e-16 seconds.
Warning: Simulation tolerance relaxed to achieve convergence from 6.2087401320889372e-16 to 6.2089354445889375e-16 seconds.
Warning: Simulation tolerance relaxed to achieve convergence from 6.2089354445889375e-16 to 6.2091307570889378e-16 seconds.
Warning: Simulation tolerance relaxed to achieve convergence from 6.2091307570889378e-16 to 6.2093260695889382e-16 seconds.
Warning: Simulation tolerance relaxed to achieve convergence from 6.2093260695889382e-16 to 6.2095213820889385e-16 seconds.
Warning: Simulation tolerance relaxed to achieve convergence from 6.2095213820889385e-16 to 6.2097166945889388e-16 seconds.
Warning: Simulation tolerance relaxed to achieve convergence from 6.2097166945889388e-16 to 6.2099120070889392e-16 seconds.
Warning: Simulation tolerance relaxed to achieve convergence from 6.2099120070889392e-16 to 6.2101073195889395e-16 seconds.
Warning: Simulation tolerance relaxed to achieve convergence from 6.2101073195889395e-16 to 6.2103026320889398e-16 seconds.
Warning: Simulation tolerance relaxed to achieve convergence from 6.2103026320889398e-16 to 6.2104979445889402e-16 seconds.
Warning: Simulation tolerance relaxed to achieve convergence from 6.2104979445889402e-16 to 6.2106932570889405e-16 seconds.
Warning: Simulation tolerance relaxed to achieve convergence from 6.2106932570889405e-16 to 6.2108885695889408e-16 seconds.
Warning: Simulation tolerance relaxed to achieve convergence from 6.2108885695889408e-16 to 6.2110838820889412e-16 seconds.
Warning: Simulation tolerance relaxed to achieve convergence from 6.2110838820889412e-16 to 6.2112791945889415e-16 seconds.
Warning: Simulation tolerance relaxed to achieve convergence from 6.2112791945889415e-16 to 6.2114745070889419e-16 seconds.
Warning: Simulation tolerance relaxed to achieve convergence from 6.2114745070889419e-16 to 6.2116698195889422e-16 seconds.
Warning: Simulation tolerance relaxed to achieve convergence from 6.2116698195889422e-16 to 6.2118651320889425e-16 seconds.
Warning: Simulation tolerance relaxed to achieve convergence from 6.2118651320889425e-16 to 6.2120604445889429e-16 seconds.
Warning: Simulation tolerance relaxed to achieve convergence from 6.2120604445889429e-16 to 6.2122557570889432e-16 seconds.
Warning: Simulation tolerance relaxed to achieve convergence from 6.2122557570889432e-16 to 6.2124510695889435e-16 seconds.
Warning: Simulation tolerance relaxed to achieve convergence from 6.2124510695889435e-16 to 6.2126463820889439e-16 seconds.
Warning: Simulation tolerance relaxed to achieve convergence from 6.2126463820889439e-16 to 6.2128416945889442e-16 seconds.
Warning: Simulation tolerance relaxed to achieve convergence from 6.2128416945889442e-16 to 6.2130370070889445e-16 seconds.
Warning: Simulation tolerance relaxed to achieve convergence from 6.2130370070889445e-16 to 6.2132323195889449e-16 seconds.
Warning: Simulation tolerance relaxed to achieve convergence from 6.2132323195889449e-16 to 6.2134276320889452e-16 seconds.
Warning: Simulation tolerance relaxed to achieve convergence from 6.2134276320889452e-16 to 6.2136229445889455e-16 seconds.
Warning: Simulation tolerance relaxed to achieve convergence from 6.2136229445889455e-16 to 6.2138182570889459e-16 seconds.
Warning: Simulation tolerance relaxed to achieve convergence from 6.2138182570889459e-16 to 6.2140135695889462e-16 seconds.
Warning: Simulation tolerance relaxed to achieve convergence from 6.2140135695889462e-16 to 6.2142088820889465e-16 seconds.
Warning: Simulation tolerance relaxed to achieve convergence from 6.2142088820889465e-16 to 6.2144041945889469e-16 seconds.
Warning: Simulation tolerance relaxed to achieve convergence from 6.2144041945889469e-16 to 6.2145995070889472e-16 seconds.
Warning: Simulation tolerance relaxed to achieve convergence from 6.2145995070889472e-16 to 6.2147948195889475e-16 seconds.
Warning: Simulation tolerance relaxed to achieve convergence from 6.2147948195889475e-16 to 6.2149901320889479e-16 seconds.
Warning: Simulation tolerance relaxed to achieve convergence from 6.2149901320889479e-16 to 6.2151854445889482e-16 seconds.
Warning: Simulation tolerance relaxed to achieve convergence from 6.2151854445889482e-16 to 6.2153807570889485e-16 seconds.
Warning: Simulation tolerance relaxed to achieve convergence from 6.2153807570889485e-16 to 6.2155760695889489e-16 seconds.
Warning: Simulation tolerance relaxed to achieve convergence from 6.2155760695889489e-16 to 6.2157713820889492e-16 seconds.
Warning: Simulation tolerance relaxed to achieve convergence from 6.2157713820889492e-16 to 6.2159666945889495e-16 seconds.
Warning: Simulation tolerance relaxed to achieve convergence from 6.2159666945889495e-16 to 6.2161620070889499e-16 seconds.
Warning: Simulation tolerance relaxed to achieve convergence from 6.2161620070889499e-16 to 6.2163573195889502e-16 seconds.
Warning: Simulation tolerance relaxed to achieve convergence from 6.2163573195889502e-16 to 6.2165526320889505e-16 seconds.
Warning: Simulation tolerance relaxed to achieve convergence from 6.2165526320889505e-16 to 6.2167479445889509e-16 seconds.
Warning: Simulation tolerance relaxed to achieve convergence from 6.2167479445889509e-16 to 6.2169432570889512e-16 seconds.
Warning: Simulation tolerance relaxed to achieve convergence from 6.2169432570889512e-16 to 6.2171385695889515e-16 seconds.
Warning: Simulation tolerance relaxed to achieve convergence from 6.2171385695889515e-16 to 6.2173338820889519e-16 seconds.
Warning: Simulation tolerance relaxed to achieve convergence from 6.2173338820889519e-16 to 6.2175291945889522e-16 seconds.
Warning: Simulation tolerance relaxed to achieve convergence from 6.2175291945889522e-16 to 6.2177245070889526e-16 seconds.
Warning: Simulation tolerance relaxed to achieve convergence from 6.2177245070889526e-16 to 6.2179198195889529e-16 seconds.
Warning: Simulation tolerance relaxed to achieve convergence from 6.2179198195889529e-16 to 6.2181151320889532e-16 seconds.
Warning: Simulation tolerance relaxed to achieve convergence from 6.2181151320889532e-16 to 6.2183104445889536e-16 seconds.
Warning: Simulation tolerance relaxed to achieve convergence from 6.2183104445889536e-16 to 6.2185057570889539e-16 seconds.
Warning: Simulation tolerance relaxed to achieve convergence from 6.2185057570889539e-16 to 6.2187010695889542e-16 seconds.
Warning: Simulation tolerance relaxed to achieve convergence from 6.2187010695889542e-16 to 6.2188963820889546e-16 seconds.
Warning: Simulation tolerance relaxed to achieve convergence from 6.2188963820889546e-16 to 6.2190916945889549e-16 seconds.
Warning: Simulation tolerance relaxed to achieve convergence from 6.2190916945889549e-16 to 6.2192870070889552e-16 seconds.
Warning: Simulation tolerance relaxed to achieve convergence from 6.2192870070889552e-16 to 6.2194823195889556e-16 seconds.
Warning: Simulation tolerance relaxed to achieve convergence from 6.2194823195889556e-16 to 6.2196776320889559e-16 seconds.
Warning: Simulation tolerance relaxed to achieve convergence from 6.2196776320889559e-16 to 6.2198729445889562e-16 seconds.
Warning: Simulation tolerance relaxed to achieve convergence from 6.2198729445889562e-16 to 6.2200682570889566e-16 seconds.
Warning: Simulation tolerance relaxed to achieve convergence from 6.2200682570889566e-16 to 6.2202635695889569e-16 seconds.
Warning: Simulation tolerance relaxed to achieve convergence from 6.2202635695889569e-16 to 6.2204588820889572e-16 seconds.
Warning: Simulation tolerance relaxed to achieve convergence from 6.2204588820889572e-16 to 6.2206541945889576e-16 seconds.
Warning: Simulation tolerance relaxed to achieve convergence from 6.2206541945889576e-16 to 6.2208495070889579e-16 seconds.
Warning: Simulation tolerance relaxed to achieve convergence from 6.2208495070889579e-16 to 6.2210448195889582e-16 seconds.
Warning: Simulation tolerance relaxed to achieve convergence from 6.2210448195889582e-16 to 6.2212401320889586e-16 seconds.
Warning: Simulation tolerance relaxed to achieve convergence from 6.2212401320889586e-16 to 6.2214354445889589e-16 seconds.
Warning: Simulation tolerance relaxed to achieve convergence from 6.2214354445889589e-16 to 6.2216307570889592e-16 seconds.
Warning: Simulation tolerance relaxed to achieve convergence from 6.2216307570889592e-16 to 6.2218260695889596e-16 seconds.
Warning: Simulation tolerance relaxed to achieve convergence from 6.2218260695889596e-16 to 6.2220213820889599e-16 seconds.
Warning: Simulation tolerance relaxed to achieve convergence from 6.2220213820889599e-16 to 6.2222166945889602e-16 seconds.
Warning: Simulation tolerance relaxed to achieve convergence from 6.2222166945889602e-16 to 6.2224120070889606e-16 seconds.
Warning: Simulation tolerance relaxed to achieve convergence from 6.2224120070889606e-16 to 6.2226073195889609e-16 seconds.
Warning: Simulation tolerance relaxed to achieve convergence from 6.2226073195889609e-16 to 6.2228026320889612e-16 seconds.
Warning: Simulation tolerance relaxed to achieve convergence from 6.2228026320889612e-16 to 6.2229979445889616e-16 seconds.
Warning: Simulation tolerance relaxed to achieve convergence from 6.2229979445889616e-16 to 6.2231932570889619e-16 seconds.
Warning: Simulation tolerance relaxed to achieve convergence from 6.2231932570889619e-16 to 6.2233885695889623e-16 seconds.
Warning: Simulation tolerance relaxed to achieve convergence from 6.2233885695889623e-16 to 6.2235838820889626e-16 seconds.
Warning: Simulation tolerance relaxed to achieve convergence from 6.2235838820889626e-16 to 6.2237791945889629e-16 seconds.
Warning: Simulation tolerance relaxed to achieve convergence from 6.2237791945889629e-16 to 6.2239745070889633e-16 seconds.
Warning: Simulation tolerance relaxed to achieve convergence from 6.2239745070889633e-16 to 6.2241698195889636e-16 seconds.
Warning: Simulation tolerance relaxed to achieve convergence from 6.2241698195889636e-16 to 6.2243651320889639e-16 seconds.
Warning: Simulation tolerance relaxed to achieve convergence from 6.2243651320889639e-16 to 6.2245604445889643e-16 seconds.
Warning: Simulation tolerance relaxed to achieve convergence from 6.2245604445889643e-16 to 6.2247557570889646e-16 seconds.
Warning: Simulation tolerance relaxed to achieve convergence from 6.2247557570889646e-16 to 6.2249510695889649e-16 seconds.
Warning: Simulation tolerance relaxed to achieve convergence from 6.2249510695889649e-16 to 6.2251463820889653e-16 seconds.
Warning: Simulation tolerance relaxed to achieve convergence from 6.2251463820889653e-16 to 6.2253416945889656e-16 seconds.
Warning: Simulation tolerance relaxed to achieve convergence from 6.2253416945889656e-16 to 6.2255370070889659e-16 seconds.
Warning: Simulation tolerance relaxed to achieve convergence from 6.2255370070889659e-16 to 6.2257323195889663e-16 seconds.
Warning: Simulation tolerance relaxed to achieve convergence from 6.2257323195889663e-16 to 6.2259276320889666e-16 seconds.
Warning: Simulation tolerance relaxed to achieve convergence from 6.2259276320889666e-16 to 6.2261229445889669e-16 seconds.
Warning: Simulation tolerance relaxed to achieve convergence from 6.2261229445889669e-16 to 6.2263182570889673e-16 seconds.
Warning: Simulation tolerance relaxed to achieve convergence from 6.2263182570889673e-16 to 6.2265135695889676e-16 seconds.
Warning: Simulation tolerance relaxed to achieve convergence from 6.2265135695889676e-16 to 6.2267088820889679e-16 seconds.
Warning: Simulation tolerance relaxed to achieve convergence from 6.2267088820889679e-16 to 6.2269041945889683e-16 seconds.
Warning: Simulation tolerance relaxed to achieve convergence from 6.2269041945889683e-16 to 6.2270995070889686e-16 seconds.
Warning: Simulation tolerance relaxed to achieve convergence from 6.2270995070889686e-16 to 6.2272948195889689e-16 seconds.
Warning: Simulation tolerance relaxed to achieve convergence from 6.2272948195889689e-16 to 6.2274901320889693e-16 seconds.
Warning: Simulation tolerance relaxed to achieve convergence from 6.2274901320889693e-16 to 6.2276854445889696e-16 seconds.
Warning: Simulation tolerance relaxed to achieve convergence from 6.2276854445889696e-16 to 6.2278807570889699e-16 seconds.
Warning: Simulation tolerance relaxed to achieve convergence from 6.2278807570889699e-16 to 6.2280760695889703e-16 seconds.
Warning: Simulation tolerance relaxed to achieve convergence from 6.2280760695889703e-16 to 6.2282713820889706e-16 seconds.
Warning: Simulation tolerance relaxed to achieve convergence from 6.2282713820889706e-16 to 6.2284666945889709e-16 seconds.
Warning: Simulation tolerance relaxed to achieve convergence from 6.2284666945889709e-16 to 6.2286620070889713e-16 seconds.
Warning: Simulation tolerance relaxed to achieve convergence from 6.2286620070889713e-16 to 6.2288573195889716e-16 seconds.
Warning: Simulation tolerance relaxed to achieve convergence from 6.2288573195889716e-16 to 6.2290526320889720e-16 seconds.
Warning: Simulation tolerance relaxed to achieve convergence from 6.2290526320889720e-16 to 6.2292479445889723e-16 seconds.
Warning: Simulation tolerance relaxed to achieve convergence from 6.2292479445889723e-16 to 6.2294432570889726e-16 seconds.
Warning: Simulation tolerance relaxed to achieve convergence from 6.2294432570889726e-16 to 6.2296385695889730e-16 seconds.
Warning: Simulation tolerance relaxed to achieve convergence from 6.2296385695889730e-16 to 6.2298338820889733e-16 seconds.
Warning: Simulation tolerance relaxed to achieve convergence from 6.2298338820889733e-16 to 6.2300291945889736e-16 seconds.
Warning: Simulation tolerance relaxed to achieve convergence from 6.2300291945889736e-16 to 6.2302245070889740e-16 seconds.
Warning: Simulation tolerance relaxed to achieve convergence from 6.2302245070889740e-16 to 6.2304198195889743e-16 seconds.
Warning: Simulation tolerance relaxed to achieve convergence from 6.2304198195889743e-16 to 6.2306151320889746e-16 seconds.
Warning: Simulation tolerance relaxed to achieve convergence from 6.2306151320889746e-16 to 6.2308104445889750e-16 seconds.
Warning: Simulation tolerance relaxed to achieve convergence from 6.2308104445889750e-16 to 6.2310057570889753e-16 seconds.
Warning: Simulation tolerance relaxed to achieve convergence from 6.2310057570889753e-16 to 6.2312010695889756e-16 seconds.
Warning: Simulation tolerance relaxed to achieve convergence from 6.2312010695889756e-16 to 6.2313963820889760e-16 seconds.
Warning: Simulation tolerance relaxed to achieve convergence from 6.2313963820889760e-16 to 6.2315916945889763e-16 seconds.
Warning: Simulation tolerance relaxed to achieve convergence from 6.2315916945889763e-16 to 6.2317870070889766e-16 seconds.
Warning: Simulation tolerance relaxed to achieve convergence from 6.2317870070889766e-16 to 6.2319823195889770e-16 seconds.
Warning: Simulation tolerance relaxed to achieve convergence from 6.2319823195889770e-16 to 6.2321776320889773e-16 seconds.
Warning: Simulation tolerance relaxed to achieve convergence from 6.2321776320889773e-16 to 6.2323729445889776e-16 seconds.
Warning: Simulation tolerance relaxed to achieve convergence from 6.2323729445889776e-16 to 6.2325682570889780e-16 seconds.
Warning: Simulation tolerance relaxed to achieve convergence from 6.2325682570889780e-16 to 6.2327635695889783e-16 seconds.
Warning: Simulation tolerance relaxed to achieve convergence from 6.2327635695889783e-16 to 6.2329588820889786e-16 seconds.
Warning: Simulation tolerance relaxed to achieve convergence from 6.2329588820889786e-16 to 6.2331541945889790e-16 seconds.
Warning: Simulation tolerance relaxed to achieve convergence from 6.2331541945889790e-16 to 6.2333495070889793e-16 seconds.
Warning: Simulation tolerance relaxed to achieve convergence from 6.2333495070889793e-16 to 6.2335448195889796e-16 seconds.
Warning: Simulation tolerance relaxed to achieve convergence from 6.2335448195889796e-16 to 6.2337401320889800e-16 seconds.
Warning: Simulation tolerance relaxed to achieve convergence from 6.2337401320889800e-16 to 6.2339354445889803e-16 seconds.
Warning: Simulation tolerance relaxed to achieve convergence from 6.2339354445889803e-16 to 6.2341307570889806e-16 seconds.
Warning: Simulation tolerance relaxed to achieve convergence from 6.2341307570889806e-16 to 6.2343260695889810e-16 seconds.
Warning: Simulation tolerance relaxed to achieve convergence from 6.2343260695889810e-16 to 6.2345213820889813e-16 seconds.
Warning: Simulation tolerance relaxed to achieve convergence from 6.2345213820889813e-16 to 6.2347166945889816e-16 seconds.
Warning: Simulation tolerance relaxed to achieve convergence from 6.2347166945889816e-16 to 6.2349120070889820e-16 seconds.
Warning: Simulation tolerance relaxed to achieve convergence from 6.2349120070889820e-16 to 6.2351073195889823e-16 seconds.
Warning: Simulation tolerance relaxed to achieve convergence from 6.2351073195889823e-16 to 6.2353026320889827e-16 seconds.
Warning: Simulation tolerance relaxed to achieve convergence from 6.2353026320889827e-16 to 6.2354979445889830e-16 seconds.
Warning: Simulation tolerance relaxed to achieve convergence from 6.2354979445889830e-16 to 6.2356932570889833e-16 seconds.
Warning: Simulation tolerance relaxed to achieve convergence from 6.2356932570889833e-16 to 6.2358885695889837e-16 seconds.
Warning: Simulation tolerance relaxed to achieve convergence from 6.2358885695889837e-16 to 6.2360838820889840e-16 seconds.
Warning: Simulation tolerance relaxed to achieve convergence from 6.2360838820889840e-16 to 6.2362791945889843e-16 seconds.
Warning: Simulation tolerance relaxed to achieve convergence from 6.2362791945889843e-16 to 6.2364745070889847e-16 seconds.
Warning: Simulation tolerance relaxed to achieve convergence from 6.2364745070889847e-16 to 6.2366698195889850e-16 seconds.
Warning: Simulation tolerance relaxed to achieve convergence from 6.2366698195889850e-16 to 6.2368651320889853e-16 seconds.
Warning: Simulation tolerance relaxed to achieve convergence from 6.2368651320889853e-16 to 6.2370604445889857e-16 seconds.
Warning: Simulation tolerance relaxed to achieve convergence from 6.2370604445889857e-16 to 6.2372557570889860e-16 seconds.
Warning: Simulation tolerance relaxed to achieve convergence from 6.2372557570889860e-16 to 6.2374510695889863e-16 seconds.
Warning: Simulation tolerance relaxed to achieve convergence from 6.2374510695889863e-16 to 6.2376463820889867e-16 seconds.
Warning: Simulation tolerance relaxed to achieve convergence from 6.2376463820889867e-16 to 6.2378416945889870e-16 seconds.
Warning: Simulation tolerance relaxed to achieve convergence from 6.2378416945889870e-16 to 6.2380370070889873e-16 seconds.
Warning: Simulation tolerance relaxed to achieve convergence from 6.2380370070889873e-16 to 6.2382323195889877e-16 seconds.
Warning: Simulation tolerance relaxed to achieve convergence from 6.2382323195889877e-16 to 6.2384276320889880e-16 seconds.
Warning: Simulation tolerance relaxed to achieve convergence from 6.2384276320889880e-16 to 6.2386229445889883e-16 seconds.
Warning: Simulation tolerance relaxed to achieve convergence from 6.2386229445889883e-16 to 6.2388182570889887e-16 seconds.
Warning: Simulation tolerance relaxed to achieve convergence from 6.2388182570889887e-16 to 6.2390135695889890e-16 seconds.
Warning: Simulation tolerance relaxed to achieve convergence from 6.2390135695889890e-16 to 6.2392088820889893e-16 seconds.
Warning: Simulation tolerance relaxed to achieve convergence from 6.2392088820889893e-16 to 6.2394041945889897e-16 seconds.
Warning: Simulation tolerance relaxed to achieve convergence from 6.2394041945889897e-16 to 6.2395995070889900e-16 seconds.
Warning: Simulation tolerance relaxed to achieve convergence from 6.2395995070889900e-16 to 6.2397948195889903e-16 seconds.
Warning: Simulation tolerance relaxed to achieve convergence from 6.2397948195889903e-16 to 6.2399901320889907e-16 seconds.
Warning: Simulation tolerance relaxed to achieve convergence from 6.2399901320889907e-16 to 6.2401854445889910e-16 seconds.
Warning: Simulation tolerance relaxed to achieve convergence from 6.2401854445889910e-16 to 6.2403807570889913e-16 seconds.
Warning: Simulation tolerance relaxed to achieve convergence from 6.2403807570889913e-16 to 6.2405760695889917e-16 seconds.
Warning: Simulation tolerance relaxed to achieve convergence from 6.2405760695889917e-16 to 6.2407713820889920e-16 seconds.
Warning: Simulation tolerance relaxed to achieve convergence from 6.2407713820889920e-16 to 6.2409666945889924e-16 seconds.
Warning: Simulation tolerance relaxed to achieve convergence from 6.2409666945889924e-16 to 6.2411620070889927e-16 seconds.
Warning: Simulation tolerance relaxed to achieve convergence from 6.2411620070889927e-16 to 6.2413573195889930e-16 seconds.
Warning: Simulation tolerance relaxed to achieve convergence from 6.2413573195889930e-16 to 6.2415526320889934e-16 seconds.
Warning: Simulation tolerance relaxed to achieve convergence from 6.2415526320889934e-16 to 6.2417479445889937e-16 seconds.
Warning: Simulation tolerance relaxed to achieve convergence from 6.2417479445889937e-16 to 6.2419432570889940e-16 seconds.
Warning: Simulation tolerance relaxed to achieve convergence from 6.2419432570889940e-16 to 6.2421385695889944e-16 seconds.
Warning: Simulation tolerance relaxed to achieve convergence from 6.2421385695889944e-16 to 6.2423338820889947e-16 seconds.
Warning: Simulation tolerance relaxed to achieve convergence from 6.2423338820889947e-16 to 6.2425291945889950e-16 seconds.
Warning: Simulation tolerance relaxed to achieve convergence from 6.2425291945889950e-16 to 6.2427245070889954e-16 seconds.
Warning: Simulation tolerance relaxed to achieve convergence from 6.2427245070889954e-16 to 6.2429198195889957e-16 seconds.
Warning: Simulation tolerance relaxed to achieve convergence from 6.2429198195889957e-16 to 6.2431151320889960e-16 seconds.
Warning: Simulation tolerance relaxed to achieve convergence from 6.2431151320889960e-16 to 6.2433104445889964e-16 seconds.
Warning: Simulation tolerance relaxed to achieve convergence from 6.2433104445889964e-16 to 6.2435057570889967e-16 seconds.
Warning: Simulation tolerance relaxed to achieve convergence from 6.2435057570889967e-16 to 6.2437010695889970e-16 seconds.
Warning: Simulation tolerance relaxed to achieve convergence from 6.2437010695889970e-16 to 6.2438963820889974e-16 seconds.
Warning: Simulation tolerance relaxed to achieve convergence from 6.2438963820889974e-16 to 6.2440916945889977e-16 seconds.
Warning: Simulation tolerance relaxed to achieve convergence from 6.2440916945889977e-16 to 6.2442870070889980e-16 seconds.
Warning: Simulation tolerance relaxed to achieve convergence from 6.2442870070889980e-16 to 6.2444823195889984e-16 seconds.
Warning: Simulation tolerance relaxed to achieve convergence from 6.2444823195889984e-16 to 6.2446776320889987e-16 seconds.
Warning: Simulation tolerance relaxed to achieve convergence from 6.2446776320889987e-16 to 6.2448729445889990e-16 seconds.
Warning: Simulation tolerance relaxed to achieve convergence from 6.2448729445889990e-16 to 6.2450682570889994e-16 seconds.
Warning: Simulation tolerance relaxed to achieve convergence from 6.2450682570889994e-16 to 6.2452635695889997e-16 seconds.
Warning: Simulation tolerance relaxed to achieve convergence from 6.2452635695889997e-16 to 6.2454588820890000e-16 seconds.
Warning: Simulation tolerance relaxed to achieve convergence from 6.2454588820890000e-16 to 6.2456541945890004e-16 seconds.
Warning: Simulation tolerance relaxed to achieve convergence from 6.2456541945890004e-16 to 6.2458495070890007e-16 seconds.
Warning: Simulation tolerance relaxed to achieve convergence from 6.2458495070890007e-16 to 6.2460448195890010e-16 seconds.
Warning: Simulation tolerance relaxed to achieve convergence from 6.2460448195890010e-16 to 6.2462401320890014e-16 seconds.
Warning: Simulation tolerance relaxed to achieve convergence from 6.2462401320890014e-16 to 6.2464354445890017e-16 seconds.
Warning: Simulation tolerance relaxed to achieve convergence from 6.2464354445890017e-16 to 6.2466307570890020e-16 seconds.
Warning: Simulation tolerance relaxed to achieve convergence from 6.2466307570890020e-16 to 6.2468260695890024e-16 seconds.
Warning: Simulation tolerance relaxed to achieve convergence from 6.2468260695890024e-16 to 6.2470213820890027e-16 seconds.
Warning: Simulation tolerance relaxed to achieve convergence from 6.2470213820890027e-16 to 6.2472166945890031e-16 seconds.
Warning: Simulation tolerance relaxed to achieve convergence from 6.2472166945890031e-16 to 6.2474120070890034e-16 seconds.
Warning: Simulation tolerance relaxed to achieve convergence from 6.2474120070890034e-16 to 6.2476073195890037e-16 seconds.
Warning: Simulation tolerance relaxed to achieve convergence from 6.2476073195890037e-16 to 6.2478026320890041e-16 seconds.
Warning: Simulation tolerance relaxed to achieve convergence from 6.2478026320890041e-16 to 6.2479979445890044e-16 seconds.
Warning: Simulation tolerance relaxed to achieve convergence from 6.2479979445890044e-16 to 6.2481932570890047e-16 seconds.
Warning: Simulation tolerance relaxed to achieve convergence from 6.2481932570890047e-16 to 6.2483885695890051e-16 seconds.
Warning: Simulation tolerance relaxed to achieve convergence from 6.2483885695890051e-16 to 6.2485838820890054e-16 seconds.
Warning: Simulation tolerance relaxed to achieve convergence from 6.2485838820890054e-16 to 6.2487791945890057e-16 seconds.
Warning: Simulation tolerance relaxed to achieve convergence from 6.2487791945890057e-16 to 6.2489745070890061e-16 seconds.
Warning: Simulation tolerance relaxed to achieve convergence from 6.2489745070890061e-16 to 6.2491698195890064e-16 seconds.
Warning: Simulation tolerance relaxed to achieve convergence from 6.2491698195890064e-16 to 6.2493651320890067e-16 seconds.
Warning: Simulation tolerance relaxed to achieve convergence from 6.2493651320890067e-16 to 6.2495604445890071e-16 seconds.
Warning: Simulation tolerance relaxed to achieve convergence from 6.2495604445890071e-16 to 6.2497557570890074e-16 seconds.
Warning: Simulation tolerance relaxed to achieve convergence from 6.2497557570890074e-16 to 6.2499510695890077e-16 seconds.
Warning: Simulation tolerance relaxed to achieve convergence from 6.2499510695890077e-16 to 6.2501463820890081e-16 seconds.
Warning: Simulation tolerance relaxed to achieve convergence from 6.2501463820890081e-16 to 6.2503416945890084e-16 seconds.
Warning: Simulation tolerance relaxed to achieve convergence from 6.2503416945890084e-16 to 6.2505370070890087e-16 seconds.
Warning: Simulation tolerance relaxed to achieve convergence from 6.2505370070890087e-16 to 6.2507323195890091e-16 seconds.
Warning: Simulation tolerance relaxed to achieve convergence from 6.2507323195890091e-16 to 6.2509276320890094e-16 seconds.
Warning: Simulation tolerance relaxed to achieve convergence from 6.2509276320890094e-16 to 6.2511229445890097e-16 seconds.
Warning: Simulation tolerance relaxed to achieve convergence from 6.2511229445890097e-16 to 6.2513182570890101e-16 seconds.
Warning: Simulation tolerance relaxed to achieve convergence from 6.2513182570890101e-16 to 6.2515135695890104e-16 seconds.
Warning: Simulation tolerance relaxed to achieve convergence from 6.2515135695890104e-16 to 6.2517088820890107e-16 seconds.
Warning: Simulation tolerance relaxed to achieve convergence from 6.2517088820890107e-16 to 6.2519041945890111e-16 seconds.
Warning: Simulation tolerance relaxed to achieve convergence from 6.2519041945890111e-16 to 6.2520995070890114e-16 seconds.
Warning: Simulation tolerance relaxed to achieve convergence from 6.2520995070890114e-16 to 6.2522948195890117e-16 seconds.
Warning: Simulation tolerance relaxed to achieve convergence from 6.2522948195890117e-16 to 6.2524901320890121e-16 seconds.
Warning: Simulation tolerance relaxed to achieve convergence from 6.2524901320890121e-16 to 6.2526854445890124e-16 seconds.
Warning: Simulation tolerance relaxed to achieve convergence from 6.2526854445890124e-16 to 6.2528807570890128e-16 seconds.
Warning: Simulation tolerance relaxed to achieve convergence from 6.2528807570890128e-16 to 6.2530760695890131e-16 seconds.
Warning: Simulation tolerance relaxed to achieve convergence from 6.2530760695890131e-16 to 6.2532713820890134e-16 seconds.
Warning: Simulation tolerance relaxed to achieve convergence from 6.2532713820890134e-16 to 6.2534666945890138e-16 seconds.
Warning: Simulation tolerance relaxed to achieve convergence from 6.2534666945890138e-16 to 6.2536620070890141e-16 seconds.
Warning: Simulation tolerance relaxed to achieve convergence from 6.2536620070890141e-16 to 6.2538573195890144e-16 seconds.
Warning: Simulation tolerance relaxed to achieve convergence from 6.2538573195890144e-16 to 6.2540526320890148e-16 seconds.
Warning: Simulation tolerance relaxed to achieve convergence from 6.2540526320890148e-16 to 6.2542479445890151e-16 seconds.
Warning: Simulation tolerance relaxed to achieve convergence from 6.2542479445890151e-16 to 6.2544432570890154e-16 seconds.
Warning: Simulation tolerance relaxed to achieve convergence from 6.2544432570890154e-16 to 6.2546385695890158e-16 seconds.
Warning: Simulation tolerance relaxed to achieve convergence from 6.2546385695890158e-16 to 6.2548338820890161e-16 seconds.
Warning: Simulation tolerance relaxed to achieve convergence from 6.2548338820890161e-16 to 6.2550291945890164e-16 seconds.
Warning: Simulation tolerance relaxed to achieve convergence from 6.2550291945890164e-16 to 6.2552245070890168e-16 seconds.
Warning: Simulation tolerance relaxed to achieve convergence from 6.2552245070890168e-16 to 6.2554198195890171e-16 seconds.
Warning: Simulation tolerance relaxed to achieve convergence from 6.2554198195890171e-16 to 6.2556151320890174e-16 seconds.
Warning: Simulation tolerance relaxed to achieve convergence from 6.2556151320890174e-16 to 6.2558104445890178e-16 seconds.
Warning: Simulation tolerance relaxed to achieve convergence from 6.2558104445890178e-16 to 6.2560057570890181e-16 seconds.
Warning: Simulation tolerance relaxed to achieve convergence from 6.2560057570890181e-16 to 6.2562010695890184e-16 seconds.
Warning: Simulation tolerance relaxed to achieve convergence from 6.2562010695890184e-16 to 6.2563963820890188e-16 seconds.
Warning: Simulation tolerance relaxed to achieve convergence from 6.2563963820890188e-16 to 6.2565916945890191e-16 seconds.
Warning: Simulation tolerance relaxed to achieve convergence from 6.2565916945890191e-16 to 6.2567870070890194e-16 seconds.
Warning: Simulation tolerance relaxed to achieve convergence from 6.2567870070890194e-16 to 6.2569823195890198e-16 seconds.
Warning: Simulation tolerance relaxed to achieve convergence from 6.2569823195890198e-16 to 6.2571776320890201e-16 seconds.
Warning: Simulation tolerance relaxed to achieve convergence from 6.2571776320890201e-16 to 6.2573729445890204e-16 seconds.
Warning: Simulation tolerance relaxed to achieve convergence from 6.2573729445890204e-16 to 6.2575682570890208e-16 seconds.
Warning: Simulation tolerance relaxed to achieve convergence from 6.2575682570890208e-16 to 6.2577635695890211e-16 seconds.
Warning: Simulation tolerance relaxed to achieve convergence from 6.2577635695890211e-16 to 6.2579588820890214e-16 seconds.
Warning: Simulation tolerance relaxed to achieve convergence from 6.2579588820890214e-16 to 6.2581541945890218e-16 seconds.
Warning: Simulation tolerance relaxed to achieve convergence from 6.2581541945890218e-16 to 6.2583495070890221e-16 seconds.
Warning: Simulation tolerance relaxed to achieve convergence from 6.2583495070890221e-16 to 6.2585448195890224e-16 seconds.
Warning: Simulation tolerance relaxed to achieve convergence from 6.2585448195890224e-16 to 6.2587401320890228e-16 seconds.
Warning: Simulation tolerance relaxed to achieve convergence from 6.2587401320890228e-16 to 6.2589354445890231e-16 seconds.
Warning: Simulation tolerance relaxed to achieve convergence from 6.2589354445890231e-16 to 6.2591307570890235e-16 seconds.
Warning: Simulation tolerance relaxed to achieve convergence from 6.2591307570890235e-16 to 6.2593260695890238e-16 seconds.
Warning: Simulation tolerance relaxed to achieve convergence from 6.2593260695890238e-16 to 6.2595213820890241e-16 seconds.
Warning: Simulation tolerance relaxed to achieve convergence from 6.2595213820890241e-16 to 6.2597166945890245e-16 seconds.
Warning: Simulation tolerance relaxed to achieve convergence from 6.2597166945890245e-16 to 6.2599120070890248e-16 seconds.
Warning: Simulation tolerance relaxed to achieve convergence from 6.2599120070890248e-16 to 6.2601073195890251e-16 seconds.
Warning: Simulation tolerance relaxed to achieve convergence from 6.2601073195890251e-16 to 6.2603026320890255e-16 seconds.
Warning: Simulation tolerance relaxed to achieve convergence from 6.2603026320890255e-16 to 6.2604979445890258e-16 seconds.
Warning: Simulation tolerance relaxed to achieve convergence from 6.2604979445890258e-16 to 6.2606932570890261e-16 seconds.
Warning: Simulation tolerance relaxed to achieve convergence from 6.2606932570890261e-16 to 6.2608885695890265e-16 seconds.
Warning: Simulation tolerance relaxed to achieve convergence from 6.2608885695890265e-16 to 6.2610838820890268e-16 seconds.
Warning: Simulation tolerance relaxed to achieve convergence from 6.2610838820890268e-16 to 6.2612791945890271e-16 seconds.
Warning: Simulation tolerance relaxed to achieve convergence from 6.2612791945890271e-16 to 6.2614745070890275e-16 seconds.
Warning: Simulation tolerance relaxed to achieve convergence from 6.2614745070890275e-16 to 6.2616698195890278e-16 seconds.
Warning: Simulation tolerance relaxed to achieve convergence from 6.2616698195890278e-16 to 6.2618651320890281e-16 seconds.
Warning: Simulation tolerance relaxed to achieve convergence from 6.2618651320890281e-16 to 6.2620604445890285e-16 seconds.
Warning: Simulation tolerance relaxed to achieve convergence from 6.2620604445890285e-16 to 6.2622557570890288e-16 seconds.
Warning: Simulation tolerance relaxed to achieve convergence from 6.2622557570890288e-16 to 6.2624510695890291e-16 seconds.
Warning: Simulation tolerance relaxed to achieve convergence from 6.2624510695890291e-16 to 6.2626463820890295e-16 seconds.
Warning: Simulation tolerance relaxed to achieve convergence from 6.2626463820890295e-16 to 6.2628416945890298e-16 seconds.
Warning: Simulation tolerance relaxed to achieve convergence from 6.2628416945890298e-16 to 6.2630370070890301e-16 seconds.
Warning: Simulation tolerance relaxed to achieve convergence from 6.2630370070890301e-16 to 6.2632323195890305e-16 seconds.
Warning: Simulation tolerance relaxed to achieve convergence from 6.2632323195890305e-16 to 6.2634276320890308e-16 seconds.
Warning: Simulation tolerance relaxed to achieve convergence from 6.2634276320890308e-16 to 6.2636229445890311e-16 seconds.
Warning: Simulation tolerance relaxed to achieve convergence from 6.2636229445890311e-16 to 6.2638182570890315e-16 seconds.
Warning: Simulation tolerance relaxed to achieve convergence from 6.2638182570890315e-16 to 6.2640135695890318e-16 seconds.
Warning: Simulation tolerance relaxed to achieve convergence from 6.2640135695890318e-16 to 6.2642088820890321e-16 seconds.
Warning: Simulation tolerance relaxed to achieve convergence from 6.2642088820890321e-16 to 6.2644041945890325e-16 seconds.
Warning: Simulation tolerance relaxed to achieve convergence from 6.2644041945890325e-16 to 6.2645995070890328e-16 seconds.
Warning: Simulation tolerance relaxed to achieve convergence from 6.2645995070890328e-16 to 6.2647948195890332e-16 seconds.
Warning: Simulation tolerance relaxed to achieve convergence from 6.2647948195890332e-16 to 6.2649901320890335e-16 seconds.
Warning: Simulation tolerance relaxed to achieve convergence from 6.2649901320890335e-16 to 6.2651854445890338e-16 seconds.
Warning: Simulation tolerance relaxed to achieve convergence from 6.2651854445890338e-16 to 6.2653807570890342e-16 seconds.
Warning: Simulation tolerance relaxed to achieve convergence from 6.2653807570890342e-16 to 6.2655760695890345e-16 seconds.
Warning: Simulation tolerance relaxed to achieve convergence from 6.2655760695890345e-16 to 6.2657713820890348e-16 seconds.
Warning: Simulation tolerance relaxed to achieve convergence from 6.2657713820890348e-16 to 6.2659666945890352e-16 seconds.
Warning: Simulation tolerance relaxed to achieve convergence from 6.2659666945890352e-16 to 6.2661620070890355e-16 seconds.
Warning: Simulation tolerance relaxed to achieve convergence from 6.2661620070890355e-16 to 6.2663573195890358e-16 seconds.
Warning: Simulation tolerance relaxed to achieve convergence from 6.2663573195890358e-16 to 6.2665526320890362e-16 seconds.
Warning: Simulation tolerance relaxed to achieve convergence from 6.2665526320890362e-16 to 6.2667479445890365e-16 seconds.
Warning: Simulation tolerance relaxed to achieve convergence from 6.2667479445890365e-16 to 6.2669432570890368e-16 seconds.
Warning: Simulation tolerance relaxed to achieve convergence from 6.2669432570890368e-16 to 6.2671385695890372e-16 seconds.
Warning: Simulation tolerance relaxed to achieve convergence from 6.2671385695890372e-16 to 6.2673338820890375e-16 seconds.
Warning: Simulation tolerance relaxed to achieve convergence from 6.2673338820890375e-16 to 6.2675291945890378e-16 seconds.
Warning: Simulation tolerance relaxed to achieve convergence from 6.2675291945890378e-16 to 6.2677245070890382e-16 seconds.
Warning: Simulation tolerance relaxed to achieve convergence from 6.2677245070890382e-16 to 6.2679198195890385e-16 seconds.
Warning: Simulation tolerance relaxed to achieve convergence from 6.2679198195890385e-16 to 6.2681151320890388e-16 seconds.
Warning: Simulation tolerance relaxed to achieve convergence from 6.2681151320890388e-16 to 6.2683104445890392e-16 seconds.
Warning: Simulation tolerance relaxed to achieve convergence from 6.2683104445890392e-16 to 6.2685057570890395e-16 seconds.
Warning: Simulation tolerance relaxed to achieve convergence from 6.2685057570890395e-16 to 6.2687010695890398e-16 seconds.
Warning: Simulation tolerance relaxed to achieve convergence from 6.2687010695890398e-16 to 6.2688963820890402e-16 seconds.
Warning: Simulation tolerance relaxed to achieve convergence from 6.2688963820890402e-16 to 6.2690916945890405e-16 seconds.
Warning: Simulation tolerance relaxed to achieve convergence from 6.2690916945890405e-16 to 6.2692870070890408e-16 seconds.
Warning: Simulation tolerance relaxed to achieve convergence from 6.2692870070890408e-16 to 6.2694823195890412e-16 seconds.
Warning: Simulation tolerance relaxed to achieve convergence from 6.2694823195890412e-16 to 6.2696776320890415e-16 seconds.
Warning: Simulation tolerance relaxed to achieve convergence from 6.2696776320890415e-16 to 6.2698729445890418e-16 seconds.
Warning: Simulation tolerance relaxed to achieve convergence from 6.2698729445890418e-16 to 6.2700682570890422e-16 seconds.
Warning: Simulation tolerance relaxed to achieve convergence from 6.2700682570890422e-16 to 6.2702635695890425e-16 seconds.
Warning: Simulation tolerance relaxed to achieve convergence from 6.2702635695890425e-16 to 6.2704588820890429e-16 seconds.
Warning: Simulation tolerance relaxed to achieve convergence from 6.2704588820890429e-16 to 6.2706541945890432e-16 seconds.
Warning: Simulation tolerance relaxed to achieve convergence from 6.2706541945890432e-16 to 6.2708495070890435e-16 seconds.
Warning: Simulation tolerance relaxed to achieve convergence from 6.2708495070890435e-16 to 6.2710448195890439e-16 seconds.
Warning: Simulation tolerance relaxed to achieve convergence from 6.2710448195890439e-16 to 6.2712401320890442e-16 seconds.
Warning: Simulation tolerance relaxed to achieve convergence from 6.2712401320890442e-16 to 6.2714354445890445e-16 seconds.
Warning: Simulation tolerance relaxed to achieve convergence from 6.2714354445890445e-16 to 6.2716307570890449e-16 seconds.
Warning: Simulation tolerance relaxed to achieve convergence from 6.2716307570890449e-16 to 6.2718260695890452e-16 seconds.
Warning: Simulation tolerance relaxed to achieve convergence from 6.2718260695890452e-16 to 6.2720213820890455e-16 seconds.
Warning: Simulation tolerance relaxed to achieve convergence from 6.2720213820890455e-16 to 6.2722166945890459e-16 seconds.
Warning: Simulation tolerance relaxed to achieve convergence from 6.2722166945890459e-16 to 6.2724120070890462e-16 seconds.
Warning: Simulation tolerance relaxed to achieve convergence from 6.2724120070890462e-16 to 6.2726073195890465e-16 seconds.
Warning: Simulation tolerance relaxed to achieve convergence from 6.2726073195890465e-16 to 6.2728026320890469e-16 seconds.
Warning: Simulation tolerance relaxed to achieve convergence from 6.2728026320890469e-16 to 6.2729979445890472e-16 seconds.
Warning: Simulation tolerance relaxed to achieve convergence from 6.2729979445890472e-16 to 6.2731932570890475e-16 seconds.
Warning: Simulation tolerance relaxed to achieve convergence from 6.2731932570890475e-16 to 6.2733885695890479e-16 seconds.
Warning: Simulation tolerance relaxed to achieve convergence from 6.2733885695890479e-16 to 6.2735838820890482e-16 seconds.
Warning: Simulation tolerance relaxed to achieve convergence from 6.2735838820890482e-16 to 6.2737791945890485e-16 seconds.
Warning: Simulation tolerance relaxed to achieve convergence from 6.2737791945890485e-16 to 6.2739745070890489e-16 seconds.
Warning: Simulation tolerance relaxed to achieve convergence from 6.2739745070890489e-16 to 6.2741698195890492e-16 seconds.
Warning: Simulation tolerance relaxed to achieve convergence from 6.2741698195890492e-16 to 6.2743651320890495e-16 seconds.
Warning: Simulation tolerance relaxed to achieve convergence from 6.2743651320890495e-16 to 6.2745604445890499e-16 seconds.
Warning: Simulation tolerance relaxed to achieve convergence from 6.2745604445890499e-16 to 6.2747557570890502e-16 seconds.
Warning: Simulation tolerance relaxed to achieve convergence from 6.2747557570890502e-16 to 6.2749510695890505e-16 seconds.
Warning: Simulation tolerance relaxed to achieve convergence from 6.2749510695890505e-16 to 6.2751463820890509e-16 seconds.
Warning: Simulation tolerance relaxed to achieve convergence from 6.2751463820890509e-16 to 6.2753416945890512e-16 seconds.
Warning: Simulation tolerance relaxed to achieve convergence from 6.2753416945890512e-16 to 6.2755370070890515e-16 seconds.
Warning: Simulation tolerance relaxed to achieve convergence from 6.2755370070890515e-16 to 6.2757323195890519e-16 seconds.
Warning: Simulation tolerance relaxed to achieve convergence from 6.2757323195890519e-16 to 6.2759276320890522e-16 seconds.
Warning: Simulation tolerance relaxed to achieve convergence from 6.2759276320890522e-16 to 6.2761229445890525e-16 seconds.
Warning: Simulation tolerance relaxed to achieve convergence from 6.2761229445890525e-16 to 6.2763182570890529e-16 seconds.
Warning: Simulation tolerance relaxed to achieve convergence from 6.2763182570890529e-16 to 6.2765135695890532e-16 seconds.
Warning: Simulation tolerance relaxed to achieve convergence from 6.2765135695890532e-16 to 6.2767088820890536e-16 seconds.
Warning: Simulation tolerance relaxed to achieve convergence from 6.2767088820890536e-16 to 6.2769041945890539e-16 seconds.
Warning: Simulation tolerance relaxed to achieve convergence from 6.2769041945890539e-16 to 6.2770995070890542e-16 seconds.
Warning: Simulation tolerance relaxed to achieve convergence from 6.2770995070890542e-16 to 6.2772948195890546e-16 seconds.
Warning: Simulation tolerance relaxed to achieve convergence from 6.2772948195890546e-16 to 6.2774901320890549e-16 seconds.
Warning: Simulation tolerance relaxed to achieve convergence from 6.2774901320890549e-16 to 6.2776854445890552e-16 seconds.
Warning: Simulation tolerance relaxed to achieve convergence from 6.2776854445890552e-16 to 6.2778807570890556e-16 seconds.
Warning: Simulation tolerance relaxed to achieve convergence from 6.2778807570890556e-16 to 6.2780760695890559e-16 seconds.
Warning: Simulation tolerance relaxed to achieve convergence from 6.2780760695890559e-16 to 6.2782713820890562e-16 seconds.
Warning: Simulation tolerance relaxed to achieve convergence from 6.2782713820890562e-16 to 6.2784666945890566e-16 seconds.
Warning: Simulation tolerance relaxed to achieve convergence from 6.2784666945890566e-16 to 6.2786620070890569e-16 seconds.
Warning: Simulation tolerance relaxed to achieve convergence from 6.2786620070890569e-16 to 6.2788573195890572e-16 seconds.
Warning: Simulation tolerance relaxed to achieve convergence from 6.2788573195890572e-16 to 6.2790526320890576e-16 seconds.
Warning: Simulation tolerance relaxed to achieve convergence from 6.2790526320890576e-16 to 6.2792479445890579e-16 seconds.
Warning: Simulation tolerance relaxed to achieve convergence from 6.2792479445890579e-16 to 6.2794432570890582e-16 seconds.
Warning: Simulation tolerance relaxed to achieve convergence from 6.2794432570890582e-16 to 6.2796385695890586e-16 seconds.
Warning: Simulation tolerance relaxed to achieve convergence from 6.2796385695890586e-16 to 6.2798338820890589e-16 seconds.
Warning: Simulation tolerance relaxed to achieve convergence from 6.2798338820890589e-16 to 6.2800291945890592e-16 seconds.
Warning: Simulation tolerance relaxed to achieve convergence from 6.2800291945890592e-16 to 6.2802245070890596e-16 seconds.
Warning: Simulation tolerance relaxed to achieve convergence from 6.2802245070890596e-16 to 6.2804198195890599e-16 seconds.
Warning: Simulation tolerance relaxed to achieve convergence from 6.2804198195890599e-16 to 6.2806151320890602e-16 seconds.
Warning: Simulation tolerance relaxed to achieve convergence from 6.2806151320890602e-16 to 6.2808104445890606e-16 seconds.
Warning: Simulation tolerance relaxed to achieve convergence from 6.2808104445890606e-16 to 6.2810057570890609e-16 seconds.
Warning: Simulation tolerance relaxed to achieve convergence from 6.2810057570890609e-16 to 6.2812010695890612e-16 seconds.
Warning: Simulation tolerance relaxed to achieve convergence from 6.2812010695890612e-16 to 6.2813963820890616e-16 seconds.
Warning: Simulation tolerance relaxed to achieve convergence from 6.2813963820890616e-16 to 6.2815916945890619e-16 seconds.
Warning: Simulation tolerance relaxed to achieve convergence from 6.2815916945890619e-16 to 6.2817870070890622e-16 seconds.
Warning: Simulation tolerance relaxed to achieve convergence from 6.2817870070890622e-16 to 6.2819823195890626e-16 seconds.
Warning: Simulation tolerance relaxed to achieve convergence from 6.2819823195890626e-16 to 6.2821776320890629e-16 seconds.
Warning: Simulation tolerance relaxed to achieve convergence from 6.2821776320890629e-16 to 6.2823729445890633e-16 seconds.
Warning: Simulation tolerance relaxed to achieve convergence from 6.2823729445890633e-16 to 6.2825682570890636e-16 seconds.
Warning: Simulation tolerance relaxed to achieve convergence from 6.2825682570890636e-16 to 6.2827635695890639e-16 seconds.
Warning: Simulation tolerance relaxed to achieve convergence from 6.2827635695890639e-16 to 6.2829588820890643e-16 seconds.
Warning: Simulation tolerance relaxed to achieve convergence from 6.2829588820890643e-16 to 6.2831541945890646e-16 seconds.
Warning: Simulation tolerance relaxed to achieve convergence from 6.2831541945890646e-16 to 6.2833495070890649e-16 seconds.
Warning: Simulation tolerance relaxed to achieve convergence from 6.2833495070890649e-16 to 6.2835448195890653e-16 seconds.
Warning: Simulation tolerance relaxed to achieve convergence from 6.2835448195890653e-16 to 6.2837401320890656e-16 seconds.
Warning: Simulation tolerance relaxed to achieve convergence from 6.2837401320890656e-16 to 6.2839354445890659e-16 seconds.
Warning: Simulation tolerance relaxed to achieve convergence from 6.2839354445890659e-16 to 6.2841307570890663e-16 seconds.
Warning: Simulation tolerance relaxed to achieve convergence from 6.2841307570890663e-16 to 6.2843260695890666e-16 seconds.
Warning: Simulation tolerance relaxed to achieve convergence from 6.2843260695890666e-16 to 6.2845213820890669e-16 seconds.
Warning: Simulation tolerance relaxed to achieve convergence from 6.2845213820890669e-16 to 6.2847166945890673e-16 seconds.
Warning: Simulation tolerance relaxed to achieve convergence from 6.2847166945890673e-16 to 6.2849120070890676e-16 seconds.
Warning: Simulation tolerance relaxed to achieve convergence from 6.2849120070890676e-16 to 6.2851073195890679e-16 seconds.
Warning: Simulation tolerance relaxed to achieve convergence from 6.2851073195890679e-16 to 6.2853026320890683e-16 seconds.
Warning: Simulation tolerance relaxed to achieve convergence from 6.2853026320890683e-16 to 6.2854979445890686e-16 seconds.
Warning: Simulation tolerance relaxed to achieve convergence from 6.2854979445890686e-16 to 6.2856932570890689e-16 seconds.
Warning: Simulation tolerance relaxed to achieve convergence from 6.2856932570890689e-16 to 6.2858885695890693e-16 seconds.
Warning: Simulation tolerance relaxed to achieve convergence from 6.2858885695890693e-16 to 6.2860838820890696e-16 seconds.
Warning: Simulation tolerance relaxed to achieve convergence from 6.2860838820890696e-16 to 6.2862791945890699e-16 seconds.
Warning: Simulation tolerance relaxed to achieve convergence from 6.2862791945890699e-16 to 6.2864745070890703e-16 seconds.
Warning: Simulation tolerance relaxed to achieve convergence from 6.2864745070890703e-16 to 6.2866698195890706e-16 seconds.
Warning: Simulation tolerance relaxed to achieve convergence from 6.2866698195890706e-16 to 6.2868651320890709e-16 seconds.
Warning: Simulation tolerance relaxed to achieve convergence from 6.2868651320890709e-16 to 6.2870604445890713e-16 seconds.
Warning: Simulation tolerance relaxed to achieve convergence from 6.2870604445890713e-16 to 6.2872557570890716e-16 seconds.
Warning: Simulation tolerance relaxed to achieve convergence from 6.2872557570890716e-16 to 6.2874510695890719e-16 seconds.
Warning: Simulation tolerance relaxed to achieve convergence from 6.2874510695890719e-16 to 6.2876463820890723e-16 seconds.
Warning: Simulation tolerance relaxed to achieve convergence from 6.2876463820890723e-16 to 6.2878416945890726e-16 seconds.
Warning: Simulation tolerance relaxed to achieve convergence from 6.2878416945890726e-16 to 6.2880370070890729e-16 seconds.
Warning: Simulation tolerance relaxed to achieve convergence from 6.2880370070890729e-16 to 6.2882323195890733e-16 seconds.
Warning: Simulation tolerance relaxed to achieve convergence from 6.2882323195890733e-16 to 6.2884276320890736e-16 seconds.
Warning: Simulation tolerance relaxed to achieve convergence from 6.2884276320890736e-16 to 6.2886229445890740e-16 seconds.
Warning: Simulation tolerance relaxed to achieve convergence from 6.2886229445890740e-16 to 6.2888182570890743e-16 seconds.
Warning: Simulation tolerance relaxed to achieve convergence from 6.2888182570890743e-16 to 6.2890135695890746e-16 seconds.
Warning: Simulation tolerance relaxed to achieve convergence from 6.2890135695890746e-16 to 6.2892088820890750e-16 seconds.
Warning: Simulation tolerance relaxed to achieve convergence from 6.2892088820890750e-16 to 6.2894041945890753e-16 seconds.
Warning: Simulation tolerance relaxed to achieve convergence from 6.2894041945890753e-16 to 6.2895995070890756e-16 seconds.
Warning: Simulation tolerance relaxed to achieve convergence from 6.2895995070890756e-16 to 6.2897948195890760e-16 seconds.
Warning: Simulation tolerance relaxed to achieve convergence from 6.2897948195890760e-16 to 6.2899901320890763e-16 seconds.
Warning: Simulation tolerance relaxed to achieve convergence from 6.2899901320890763e-16 to 6.2901854445890766e-16 seconds.
Warning: Simulation tolerance relaxed to achieve convergence from 6.2901854445890766e-16 to 6.2903807570890770e-16 seconds.
Warning: Simulation tolerance relaxed to achieve convergence from 6.2903807570890770e-16 to 6.2905760695890773e-16 seconds.
Warning: Simulation tolerance relaxed to achieve convergence from 6.2905760695890773e-16 to 6.2907713820890776e-16 seconds.
Warning: Simulation tolerance relaxed to achieve convergence from 6.2907713820890776e-16 to 6.2909666945890780e-16 seconds.
Warning: Simulation tolerance relaxed to achieve convergence from 6.2909666945890780e-16 to 6.2911620070890783e-16 seconds.
Warning: Simulation tolerance relaxed to achieve convergence from 6.2911620070890783e-16 to 6.2913573195890786e-16 seconds.
Warning: Simulation tolerance relaxed to achieve convergence from 6.2913573195890786e-16 to 6.2915526320890790e-16 seconds.
Warning: Simulation tolerance relaxed to achieve convergence from 6.2915526320890790e-16 to 6.2917479445890793e-16 seconds.
Warning: Simulation tolerance relaxed to achieve convergence from 6.2917479445890793e-16 to 6.2919432570890796e-16 seconds.
Warning: Simulation tolerance relaxed to achieve convergence from 6.2919432570890796e-16 to 6.2921385695890800e-16 seconds.
Warning: Simulation tolerance relaxed to achieve convergence from 6.2921385695890800e-16 to 6.2923338820890803e-16 seconds.
Warning: Simulation tolerance relaxed to achieve convergence from 6.2923338820890803e-16 to 6.2925291945890806e-16 seconds.
Warning: Simulation tolerance relaxed to achieve convergence from 6.2925291945890806e-16 to 6.2927245070890810e-16 seconds.
Warning: Simulation tolerance relaxed to achieve convergence from 6.2927245070890810e-16 to 6.2929198195890813e-16 seconds.
Warning: Simulation tolerance relaxed to achieve convergence from 6.2929198195890813e-16 to 6.2931151320890816e-16 seconds.
Warning: Simulation tolerance relaxed to achieve convergence from 6.2931151320890816e-16 to 6.2933104445890820e-16 seconds.
Warning: Simulation tolerance relaxed to achieve convergence from 6.2933104445890820e-16 to 6.2935057570890823e-16 seconds.
Warning: Simulation tolerance relaxed to achieve convergence from 6.2935057570890823e-16 to 6.2937010695890826e-16 seconds.
Warning: Simulation tolerance relaxed to achieve convergence from 6.2937010695890826e-16 to 6.2938963820890830e-16 seconds.
Warning: Simulation tolerance relaxed to achieve convergence from 6.2938963820890830e-16 to 6.2940916945890833e-16 seconds.
Warning: Simulation tolerance relaxed to achieve convergence from 6.2940916945890833e-16 to 6.2942870070890837e-16 seconds.
Warning: Simulation tolerance relaxed to achieve convergence from 6.2942870070890837e-16 to 6.2944823195890840e-16 seconds.
Warning: Simulation tolerance relaxed to achieve convergence from 6.2944823195890840e-16 to 6.2946776320890843e-16 seconds.
Warning: Simulation tolerance relaxed to achieve convergence from 6.2946776320890843e-16 to 6.2948729445890847e-16 seconds.
Warning: Simulation tolerance relaxed to achieve convergence from 6.2948729445890847e-16 to 6.2950682570890850e-16 seconds.
Warning: Simulation tolerance relaxed to achieve convergence from 6.2950682570890850e-16 to 6.2952635695890853e-16 seconds.
Warning: Simulation tolerance relaxed to achieve convergence from 6.2952635695890853e-16 to 6.2954588820890857e-16 seconds.
Warning: Simulation tolerance relaxed to achieve convergence from 6.2954588820890857e-16 to 6.2956541945890860e-16 seconds.
Warning: Simulation tolerance relaxed to achieve convergence from 6.2956541945890860e-16 to 6.2958495070890863e-16 seconds.
Warning: Simulation tolerance relaxed to achieve convergence from 6.2958495070890863e-16 to 6.2960448195890867e-16 seconds.
Warning: Simulation tolerance relaxed to achieve convergence from 6.2960448195890867e-16 to 6.2962401320890870e-16 seconds.
Warning: Simulation tolerance relaxed to achieve convergence from 6.2962401320890870e-16 to 6.2964354445890873e-16 seconds.
Warning: Simulation tolerance relaxed to achieve convergence from 6.2964354445890873e-16 to 6.2966307570890877e-16 seconds.
Warning: Simulation tolerance relaxed to achieve convergence from 6.2966307570890877e-16 to 6.2968260695890880e-16 seconds.
Warning: Simulation tolerance relaxed to achieve convergence from 6.2968260695890880e-16 to 6.2970213820890883e-16 seconds.
Warning: Simulation tolerance relaxed to achieve convergence from 6.2970213820890883e-16 to 6.2972166945890887e-16 seconds.
Warning: Simulation tolerance relaxed to achieve convergence from 6.2972166945890887e-16 to 6.2974120070890890e-16 seconds.
Warning: Simulation tolerance relaxed to achieve convergence from 6.2974120070890890e-16 to 6.2976073195890893e-16 seconds.
Warning: Simulation tolerance relaxed to achieve convergence from 6.2976073195890893e-16 to 6.2978026320890897e-16 seconds.
Warning: Simulation tolerance relaxed to achieve convergence from 6.2978026320890897e-16 to 6.2979979445890900e-16 seconds.
Warning: Simulation tolerance relaxed to achieve convergence from 6.2979979445890900e-16 to 6.2981932570890903e-16 seconds.
Warning: Simulation tolerance relaxed to achieve convergence from 6.2981932570890903e-16 to 6.2983885695890907e-16 seconds.
Warning: Simulation tolerance relaxed to achieve convergence from 6.2983885695890907e-16 to 6.2985838820890910e-16 seconds.
Warning: Simulation tolerance relaxed to achieve convergence from 6.2985838820890910e-16 to 6.2987791945890913e-16 seconds.
Warning: Simulation tolerance relaxed to achieve convergence from 6.2987791945890913e-16 to 6.2989745070890917e-16 seconds.
Warning: Simulation tolerance relaxed to achieve convergence from 6.2989745070890917e-16 to 6.2991698195890920e-16 seconds.
Warning: Simulation tolerance relaxed to achieve convergence from 6.2991698195890920e-16 to 6.2993651320890923e-16 seconds.
Warning: Simulation tolerance relaxed to achieve convergence from 6.2993651320890923e-16 to 6.2995604445890927e-16 seconds.
Warning: Simulation tolerance relaxed to achieve convergence from 6.2995604445890927e-16 to 6.2997557570890930e-16 seconds.
Warning: Simulation tolerance relaxed to achieve convergence from 6.2997557570890930e-16 to 6.2999510695890933e-16 seconds.
Warning: Simulation tolerance relaxed to achieve convergence from 6.2999510695890933e-16 to 6.3001463820890937e-16 seconds.
Warning: Simulation tolerance relaxed to achieve convergence from 6.3001463820890937e-16 to 6.3003416945890940e-16 seconds.
Warning: Simulation tolerance relaxed to achieve convergence from 6.3003416945890940e-16 to 6.3005370070890944e-16 seconds.
Warning: Simulation tolerance relaxed to achieve convergence from 6.3005370070890944e-16 to 6.3007323195890947e-16 seconds.
Warning: Simulation tolerance relaxed to achieve convergence from 6.3007323195890947e-16 to 6.3009276320890950e-16 seconds.
Warning: Simulation tolerance relaxed to achieve convergence from 6.3009276320890950e-16 to 6.3011229445890954e-16 seconds.
Warning: Simulation tolerance relaxed to achieve convergence from 6.3011229445890954e-16 to 6.3013182570890957e-16 seconds.
Warning: Simulation tolerance relaxed to achieve convergence from 6.3013182570890957e-16 to 6.3015135695890960e-16 seconds.
Warning: Simulation tolerance relaxed to achieve convergence from 6.3015135695890960e-16 to 6.3017088820890964e-16 seconds.
Warning: Simulation tolerance relaxed to achieve convergence from 6.3017088820890964e-16 to 6.3019041945890967e-16 seconds.
Warning: Simulation tolerance relaxed to achieve convergence from 6.3019041945890967e-16 to 6.3020995070890970e-16 seconds.
Warning: Simulation tolerance relaxed to achieve convergence from 6.3020995070890970e-16 to 6.3022948195890974e-16 seconds.
Warning: Simulation tolerance relaxed to achieve convergence from 6.3022948195890974e-16 to 6.3024901320890977e-16 seconds.
Warning: Simulation tolerance relaxed to achieve convergence from 6.3024901320890977e-16 to 6.3026854445890980e-16 seconds.
Warning: Simulation tolerance relaxed to achieve convergence from 6.3026854445890980e-16 to 6.3028807570890984e-16 seconds.
Warning: Simulation tolerance relaxed to achieve convergence from 6.3028807570890984e-16 to 6.3030760695890987e-16 seconds.
Warning: Simulation tolerance relaxed to achieve convergence from 6.3030760695890987e-16 to 6.3032713820890990e-16 seconds.
Warning: Simulation tolerance relaxed to achieve convergence from 6.3032713820890990e-16 to 6.3034666945890994e-16 seconds.
Warning: Simulation tolerance relaxed to achieve convergence from 6.3034666945890994e-16 to 6.3036620070890997e-16 seconds.
Warning: Simulation tolerance relaxed to achieve convergence from 6.3036620070890997e-16 to 6.3038573195891000e-16 seconds.
Warning: Simulation tolerance relaxed to achieve convergence from 6.3038573195891000e-16 to 6.3040526320891004e-16 seconds.
Warning: Simulation tolerance relaxed to achieve convergence from 6.3040526320891004e-16 to 6.3042479445891007e-16 seconds.
Warning: Simulation tolerance relaxed to achieve convergence from 6.3042479445891007e-16 to 6.3044432570891010e-16 seconds.
Warning: Simulation tolerance relaxed to achieve convergence from 6.3044432570891010e-16 to 6.3046385695891014e-16 seconds.
Warning: Simulation tolerance relaxed to achieve convergence from 6.3046385695891014e-16 to 6.3048338820891017e-16 seconds.
Warning: Simulation tolerance relaxed to achieve convergence from 6.3048338820891017e-16 to 6.3050291945891020e-16 seconds.
Warning: Simulation tolerance relaxed to achieve convergence from 6.3050291945891020e-16 to 6.3052245070891024e-16 seconds.
Warning: Simulation tolerance relaxed to achieve convergence from 6.3052245070891024e-16 to 6.3054198195891027e-16 seconds.
Warning: Simulation tolerance relaxed to achieve convergence from 6.3054198195891027e-16 to 6.3056151320891030e-16 seconds.
Warning: Simulation tolerance relaxed to achieve convergence from 6.3056151320891030e-16 to 6.3058104445891034e-16 seconds.
Warning: Simulation tolerance relaxed to achieve convergence from 6.3058104445891034e-16 to 6.3060057570891037e-16 seconds.
Warning: Simulation tolerance relaxed to achieve convergence from 6.3060057570891037e-16 to 6.3062010695891041e-16 seconds.
Warning: Simulation tolerance relaxed to achieve convergence from 6.3062010695891041e-16 to 6.3063963820891044e-16 seconds.
Warning: Simulation tolerance relaxed to achieve convergence from 6.3063963820891044e-16 to 6.3065916945891047e-16 seconds.
Warning: Simulation tolerance relaxed to achieve convergence from 6.3065916945891047e-16 to 6.3067870070891051e-16 seconds.
Warning: Simulation tolerance relaxed to achieve convergence from 6.3067870070891051e-16 to 6.3069823195891054e-16 seconds.
Warning: Simulation tolerance relaxed to achieve convergence from 6.3069823195891054e-16 to 6.3071776320891057e-16 seconds.
Warning: Simulation tolerance relaxed to achieve convergence from 6.3071776320891057e-16 to 6.3073729445891061e-16 seconds.
Warning: Simulation tolerance relaxed to achieve convergence from 6.3073729445891061e-16 to 6.3075682570891064e-16 seconds.
Warning: Simulation tolerance relaxed to achieve convergence from 6.3075682570891064e-16 to 6.3077635695891067e-16 seconds.
Warning: Simulation tolerance relaxed to achieve convergence from 6.3077635695891067e-16 to 6.3079588820891071e-16 seconds.
Warning: Simulation tolerance relaxed to achieve convergence from 6.3079588820891071e-16 to 6.3081541945891074e-16 seconds.
Warning: Simulation tolerance relaxed to achieve convergence from 6.3081541945891074e-16 to 6.3083495070891077e-16 seconds.
Warning: Simulation tolerance relaxed to achieve convergence from 6.3083495070891077e-16 to 6.3085448195891081e-16 seconds.
Warning: Simulation tolerance relaxed to achieve convergence from 6.3085448195891081e-16 to 6.3087401320891084e-16 seconds.
Warning: Simulation tolerance relaxed to achieve convergence from 6.3087401320891084e-16 to 6.3089354445891087e-16 seconds.
Warning: Simulation tolerance relaxed to achieve convergence from 6.3089354445891087e-16 to 6.3091307570891091e-16 seconds.
Warning: Simulation tolerance relaxed to achieve convergence from 6.3091307570891091e-16 to 6.3093260695891094e-16 seconds.
Warning: Simulation tolerance relaxed to achieve convergence from 6.3093260695891094e-16 to 6.3095213820891097e-16 seconds.
Warning: Simulation tolerance relaxed to achieve convergence from 6.3095213820891097e-16 to 6.3097166945891101e-16 seconds.
Warning: Simulation tolerance relaxed to achieve convergence from 6.3097166945891101e-16 to 6.3099120070891104e-16 seconds.
Warning: Simulation tolerance relaxed to achieve convergence from 6.3099120070891104e-16 to 6.3101073195891107e-16 seconds.
Warning: Simulation tolerance relaxed to achieve convergence from 6.3101073195891107e-16 to 6.3103026320891111e-16 seconds.
Warning: Simulation tolerance relaxed to achieve convergence from 6.3103026320891111e-16 to 6.3104979445891114e-16 seconds.
Warning: Simulation tolerance relaxed to achieve convergence from 6.3104979445891114e-16 to 6.3106932570891117e-16 seconds.
Warning: Simulation tolerance relaxed to achieve convergence from 6.3106932570891117e-16 to 6.3108885695891121e-16 seconds.
Warning: Simulation tolerance relaxed to achieve convergence from 6.3108885695891121e-16 to 6.3110838820891124e-16 seconds.
Warning: Simulation tolerance relaxed to achieve convergence from 6.3110838820891124e-16 to 6.3112791945891127e-16 seconds.
Warning: Simulation tolerance relaxed to achieve convergence from 6.3112791945891127e-16 to 6.3114745070891131e-16 seconds.
Warning: Simulation tolerance relaxed to achieve convergence from 6.3114745070891131e-16 to 6.3116698195891134e-16 seconds.
Warning: Simulation tolerance relaxed to achieve convergence from 6.3116698195891134e-16 to 6.3118651320891137e-16 seconds.
Warning: Simulation tolerance relaxed to achieve convergence from 6.3118651320891137e-16 to 6.3120604445891141e-16 seconds.
Warning: Simulation tolerance relaxed to achieve convergence from 6.3120604445891141e-16 to 6.3122557570891144e-16 seconds.
Warning: Simulation tolerance relaxed to achieve convergence from 6.3122557570891144e-16 to 6.3124510695891148e-16 seconds.
Warning: Simulation tolerance relaxed to achieve convergence from 6.3124510695891148e-16 to 6.3126463820891151e-16 seconds.
Warning: Simulation tolerance relaxed to achieve convergence from 6.3126463820891151e-16 to 6.3128416945891154e-16 seconds.
Warning: Simulation tolerance relaxed to achieve convergence from 6.3128416945891154e-16 to 6.3130370070891158e-16 seconds.
Warning: Simulation tolerance relaxed to achieve convergence from 6.3130370070891158e-16 to 6.3132323195891161e-16 seconds.
Warning: Simulation tolerance relaxed to achieve convergence from 6.3132323195891161e-16 to 6.3134276320891164e-16 seconds.
Warning: Simulation tolerance relaxed to achieve convergence from 6.3134276320891164e-16 to 6.3136229445891168e-16 seconds.
Warning: Simulation tolerance relaxed to achieve convergence from 6.3136229445891168e-16 to 6.3138182570891171e-16 seconds.
Warning: Simulation tolerance relaxed to achieve convergence from 6.3138182570891171e-16 to 6.3140135695891174e-16 seconds.
Warning: Simulation tolerance relaxed to achieve convergence from 6.3140135695891174e-16 to 6.3142088820891178e-16 seconds.
Warning: Simulation tolerance relaxed to achieve convergence from 6.3142088820891178e-16 to 6.3144041945891181e-16 seconds.
Warning: Simulation tolerance relaxed to achieve convergence from 6.3144041945891181e-16 to 6.3145995070891184e-16 seconds.
Warning: Simulation tolerance relaxed to achieve convergence from 6.3145995070891184e-16 to 6.3147948195891188e-16 seconds.
Warning: Simulation tolerance relaxed to achieve convergence from 6.3147948195891188e-16 to 6.3149901320891191e-16 seconds.
Warning: Simulation tolerance relaxed to achieve convergence from 6.3149901320891191e-16 to 6.3151854445891194e-16 seconds.
Warning: Simulation tolerance relaxed to achieve convergence from 6.3151854445891194e-16 to 6.3153807570891198e-16 seconds.
Warning: Simulation tolerance relaxed to achieve convergence from 6.3153807570891198e-16 to 6.3155760695891201e-16 seconds.
Warning: Simulation tolerance relaxed to achieve convergence from 6.3155760695891201e-16 to 6.3157713820891204e-16 seconds.
Warning: Simulation tolerance relaxed to achieve convergence from 6.3157713820891204e-16 to 6.3159666945891208e-16 seconds.
Warning: Simulation tolerance relaxed to achieve convergence from 6.3159666945891208e-16 to 6.3161620070891211e-16 seconds.
Warning: Simulation tolerance relaxed to achieve convergence from 6.3161620070891211e-16 to 6.3163573195891214e-16 seconds.
Warning: Simulation tolerance relaxed to achieve convergence from 6.3163573195891214e-16 to 6.3165526320891218e-16 seconds.
Warning: Simulation tolerance relaxed to achieve convergence from 6.3165526320891218e-16 to 6.3167479445891221e-16 seconds.
Warning: Simulation tolerance relaxed to achieve convergence from 6.3167479445891221e-16 to 6.3169432570891224e-16 seconds.
Warning: Simulation tolerance relaxed to achieve convergence from 6.3169432570891224e-16 to 6.3171385695891228e-16 seconds.
Warning: Simulation tolerance relaxed to achieve convergence from 6.3171385695891228e-16 to 6.3173338820891231e-16 seconds.
Warning: Simulation tolerance relaxed to achieve convergence from 6.3173338820891231e-16 to 6.3175291945891234e-16 seconds.
Warning: Simulation tolerance relaxed to achieve convergence from 6.3175291945891234e-16 to 6.3177245070891238e-16 seconds.
Warning: Simulation tolerance relaxed to achieve convergence from 6.3177245070891238e-16 to 6.3179198195891241e-16 seconds.
Warning: Simulation tolerance relaxed to achieve convergence from 6.3179198195891241e-16 to 6.3181151320891245e-16 seconds.
Warning: Simulation tolerance relaxed to achieve convergence from 6.3181151320891245e-16 to 6.3183104445891248e-16 seconds.
Warning: Simulation tolerance relaxed to achieve convergence from 6.3183104445891248e-16 to 6.3185057570891251e-16 seconds.
Warning: Simulation tolerance relaxed to achieve convergence from 6.3185057570891251e-16 to 6.3187010695891255e-16 seconds.
Warning: Simulation tolerance relaxed to achieve convergence from 6.3187010695891255e-16 to 6.3188963820891258e-16 seconds.
Warning: Simulation tolerance relaxed to achieve convergence from 6.3188963820891258e-16 to 6.3190916945891261e-16 seconds.
Warning: Simulation tolerance relaxed to achieve convergence from 6.3190916945891261e-16 to 6.3192870070891265e-16 seconds.
Warning: Simulation tolerance relaxed to achieve convergence from 6.3192870070891265e-16 to 6.3194823195891268e-16 seconds.
Warning: Simulation tolerance relaxed to achieve convergence from 6.3194823195891268e-16 to 6.3196776320891271e-16 seconds.
Warning: Simulation tolerance relaxed to achieve convergence from 6.3196776320891271e-16 to 6.3198729445891275e-16 seconds.
Warning: Simulation tolerance relaxed to achieve convergence from 6.3198729445891275e-16 to 6.3200682570891278e-16 seconds.
Warning: Simulation tolerance relaxed to achieve convergence from 6.3200682570891278e-16 to 6.3202635695891281e-16 seconds.
Warning: Simulation tolerance relaxed to achieve convergence from 6.3202635695891281e-16 to 6.3204588820891285e-16 seconds.
Warning: Simulation tolerance relaxed to achieve convergence from 6.3204588820891285e-16 to 6.3206541945891288e-16 seconds.
Warning: Simulation tolerance relaxed to achieve convergence from 6.3206541945891288e-16 to 6.3208495070891291e-16 seconds.
Warning: Simulation tolerance relaxed to achieve convergence from 6.3208495070891291e-16 to 6.3210448195891295e-16 seconds.
Warning: Simulation tolerance relaxed to achieve convergence from 6.3210448195891295e-16 to 6.3212401320891298e-16 seconds.
Warning: Simulation tolerance relaxed to achieve convergence from 6.3212401320891298e-16 to 6.3214354445891301e-16 seconds.
Warning: Simulation tolerance relaxed to achieve convergence from 6.3214354445891301e-16 to 6.3216307570891305e-16 seconds.
Warning: Simulation tolerance relaxed to achieve convergence from 6.3216307570891305e-16 to 6.3218260695891308e-16 seconds.
Warning: Simulation tolerance relaxed to achieve convergence from 6.3218260695891308e-16 to 6.3220213820891311e-16 seconds.
Warning: Simulation tolerance relaxed to achieve convergence from 6.3220213820891311e-16 to 6.3222166945891315e-16 seconds.
Warning: Simulation tolerance relaxed to achieve convergence from 6.3222166945891315e-16 to 6.3224120070891318e-16 seconds.
Warning: Simulation tolerance relaxed to achieve convergence from 6.3224120070891318e-16 to 6.3226073195891321e-16 seconds.
Warning: Simulation tolerance relaxed to achieve convergence from 6.3226073195891321e-16 to 6.3228026320891325e-16 seconds.
Warning: Simulation tolerance relaxed to achieve convergence from 6.3228026320891325e-16 to 6.3229979445891328e-16 seconds.
Warning: Simulation tolerance relaxed to achieve convergence from 6.3229979445891328e-16 to 6.3231932570891331e-16 seconds.
Warning: Simulation tolerance relaxed to achieve convergence from 6.3231932570891331e-16 to 6.3233885695891335e-16 seconds.
Warning: Simulation tolerance relaxed to achieve convergence from 6.3233885695891335e-16 to 6.3235838820891338e-16 seconds.
Warning: Simulation tolerance relaxed to achieve convergence from 6.3235838820891338e-16 to 6.3237791945891342e-16 seconds.
Warning: Simulation tolerance relaxed to achieve convergence from 6.3237791945891342e-16 to 6.3239745070891345e-16 seconds.
Warning: Simulation tolerance relaxed to achieve convergence from 6.3239745070891345e-16 to 6.3241698195891348e-16 seconds.
Warning: Simulation tolerance relaxed to achieve convergence from 6.3241698195891348e-16 to 6.3243651320891352e-16 seconds.
Warning: Simulation tolerance relaxed to achieve convergence from 6.3243651320891352e-16 to 6.3245604445891355e-16 seconds.
Warning: Simulation tolerance relaxed to achieve convergence from 6.3245604445891355e-16 to 6.3247557570891358e-16 seconds.
Warning: Simulation tolerance relaxed to achieve convergence from 6.3247557570891358e-16 to 6.3249510695891362e-16 seconds.
Warning: Simulation tolerance relaxed to achieve convergence from 6.3249510695891362e-16 to 6.3251463820891365e-16 seconds.
Warning: Simulation tolerance relaxed to achieve convergence from 6.3251463820891365e-16 to 6.3253416945891368e-16 seconds.
Warning: Simulation tolerance relaxed to achieve convergence from 6.3253416945891368e-16 to 6.3255370070891372e-16 seconds.
Warning: Simulation tolerance relaxed to achieve convergence from 6.3255370070891372e-16 to 6.3257323195891375e-16 seconds.
Warning: Simulation tolerance relaxed to achieve convergence from 6.3257323195891375e-16 to 6.3259276320891378e-16 seconds.
Warning: Simulation tolerance relaxed to achieve convergence from 6.3259276320891378e-16 to 6.3261229445891382e-16 seconds.
Warning: Simulation tolerance relaxed to achieve convergence from 6.3261229445891382e-16 to 6.3263182570891385e-16 seconds.
Warning: Simulation tolerance relaxed to achieve convergence from 6.3263182570891385e-16 to 6.3265135695891388e-16 seconds.
Warning: Simulation tolerance relaxed to achieve convergence from 6.3265135695891388e-16 to 6.3267088820891392e-16 seconds.
Warning: Simulation tolerance relaxed to achieve convergence from 6.3267088820891392e-16 to 6.3269041945891395e-16 seconds.
Warning: Simulation tolerance relaxed to achieve convergence from 6.3269041945891395e-16 to 6.3270995070891398e-16 seconds.
Warning: Simulation tolerance relaxed to achieve convergence from 6.3270995070891398e-16 to 6.3272948195891402e-16 seconds.
Warning: Simulation tolerance relaxed to achieve convergence from 6.3272948195891402e-16 to 6.3274901320891405e-16 seconds.
Warning: Simulation tolerance relaxed to achieve convergence from 6.3274901320891405e-16 to 6.3276854445891408e-16 seconds.
Warning: Simulation tolerance relaxed to achieve convergence from 6.3276854445891408e-16 to 6.3278807570891412e-16 seconds.
Warning: Simulation tolerance relaxed to achieve convergence from 6.3278807570891412e-16 to 6.3280760695891415e-16 seconds.
Warning: Simulation tolerance relaxed to achieve convergence from 6.3280760695891415e-16 to 6.3282713820891418e-16 seconds.
Warning: Simulation tolerance relaxed to achieve convergence from 6.3282713820891418e-16 to 6.3284666945891422e-16 seconds.
Warning: Simulation tolerance relaxed to achieve convergence from 6.3284666945891422e-16 to 6.3286620070891425e-16 seconds.
Warning: Simulation tolerance relaxed to achieve convergence from 6.3286620070891425e-16 to 6.3288573195891428e-16 seconds.
Warning: Simulation tolerance relaxed to achieve convergence from 6.3288573195891428e-16 to 6.3290526320891432e-16 seconds.
Warning: Simulation tolerance relaxed to achieve convergence from 6.3290526320891432e-16 to 6.3292479445891435e-16 seconds.
Warning: Simulation tolerance relaxed to achieve convergence from 6.3292479445891435e-16 to 6.3294432570891438e-16 seconds.
Warning: Simulation tolerance relaxed to achieve convergence from 6.3294432570891438e-16 to 6.3296385695891442e-16 seconds.
Warning: Simulation tolerance relaxed to achieve convergence from 6.3296385695891442e-16 to 6.3298338820891445e-16 seconds.
Warning: Simulation tolerance relaxed to achieve convergence from 6.3298338820891445e-16 to 6.3300291945891449e-16 seconds.
Warning: Simulation tolerance relaxed to achieve convergence from 6.3300291945891449e-16 to 6.3302245070891452e-16 seconds.
Warning: Simulation tolerance relaxed to achieve convergence from 6.3302245070891452e-16 to 6.3304198195891455e-16 seconds.
Warning: Simulation tolerance relaxed to achieve convergence from 6.3304198195891455e-16 to 6.3306151320891459e-16 seconds.
Warning: Simulation tolerance relaxed to achieve convergence from 6.3306151320891459e-16 to 6.3308104445891462e-16 seconds.
Warning: Simulation tolerance relaxed to achieve convergence from 6.3308104445891462e-16 to 6.3310057570891465e-16 seconds.
Warning: Simulation tolerance relaxed to achieve convergence from 6.3310057570891465e-16 to 6.3312010695891469e-16 seconds.
Warning: Simulation tolerance relaxed to achieve convergence from 6.3312010695891469e-16 to 6.3313963820891472e-16 seconds.
Warning: Simulation tolerance relaxed to achieve convergence from 6.3313963820891472e-16 to 6.3315916945891475e-16 seconds.
Warning: Simulation tolerance relaxed to achieve convergence from 6.3315916945891475e-16 to 6.3317870070891479e-16 seconds.
Warning: Simulation tolerance relaxed to achieve convergence from 6.3317870070891479e-16 to 6.3319823195891482e-16 seconds.
Warning: Simulation tolerance relaxed to achieve convergence from 6.3319823195891482e-16 to 6.3321776320891485e-16 seconds.
Warning: Simulation tolerance relaxed to achieve convergence from 6.3321776320891485e-16 to 6.3323729445891489e-16 seconds.
Warning: Simulation tolerance relaxed to achieve convergence from 6.3323729445891489e-16 to 6.3325682570891492e-16 seconds.
Warning: Simulation tolerance relaxed to achieve convergence from 6.3325682570891492e-16 to 6.3327635695891495e-16 seconds.
Warning: Simulation tolerance relaxed to achieve convergence from 6.3327635695891495e-16 to 6.3329588820891499e-16 seconds.
Warning: Simulation tolerance relaxed to achieve convergence from 6.3329588820891499e-16 to 6.3331541945891502e-16 seconds.
Warning: Simulation tolerance relaxed to achieve convergence from 6.3331541945891502e-16 to 6.3333495070891505e-16 seconds.
Warning: Simulation tolerance relaxed to achieve convergence from 6.3333495070891505e-16 to 6.3335448195891509e-16 seconds.
Warning: Simulation tolerance relaxed to achieve convergence from 6.3335448195891509e-16 to 6.3337401320891512e-16 seconds.
Warning: Simulation tolerance relaxed to achieve convergence from 6.3337401320891512e-16 to 6.3339354445891515e-16 seconds.
Warning: Simulation tolerance relaxed to achieve convergence from 6.3339354445891515e-16 to 6.3341307570891519e-16 seconds.
Warning: Simulation tolerance relaxed to achieve convergence from 6.3341307570891519e-16 to 6.3343260695891522e-16 seconds.
Warning: Simulation tolerance relaxed to achieve convergence from 6.3343260695891522e-16 to 6.3345213820891525e-16 seconds.
Warning: Simulation tolerance relaxed to achieve convergence from 6.3345213820891525e-16 to 6.3347166945891529e-16 seconds.
Warning: Simulation tolerance relaxed to achieve convergence from 6.3347166945891529e-16 to 6.3349120070891532e-16 seconds.
Warning: Simulation tolerance relaxed to achieve convergence from 6.3349120070891532e-16 to 6.3351073195891535e-16 seconds.
Warning: Simulation tolerance relaxed to achieve convergence from 6.3351073195891535e-16 to 6.3353026320891539e-16 seconds.
Warning: Simulation tolerance relaxed to achieve convergence from 6.3353026320891539e-16 to 6.3354979445891542e-16 seconds.
Warning: Simulation tolerance relaxed to achieve convergence from 6.3354979445891542e-16 to 6.3356932570891546e-16 seconds.
Warning: Simulation tolerance relaxed to achieve convergence from 6.3356932570891546e-16 to 6.3358885695891549e-16 seconds.
Warning: Simulation tolerance relaxed to achieve convergence from 6.3358885695891549e-16 to 6.3360838820891552e-16 seconds.
Warning: Simulation tolerance relaxed to achieve convergence from 6.3360838820891552e-16 to 6.3362791945891556e-16 seconds.
Warning: Simulation tolerance relaxed to achieve convergence from 6.3362791945891556e-16 to 6.3364745070891559e-16 seconds.
Warning: Simulation tolerance relaxed to achieve convergence from 6.3364745070891559e-16 to 6.3366698195891562e-16 seconds.
Warning: Simulation tolerance relaxed to achieve convergence from 6.3366698195891562e-16 to 6.3368651320891566e-16 seconds.
Warning: Simulation tolerance relaxed to achieve convergence from 6.3368651320891566e-16 to 6.3370604445891569e-16 seconds.
Warning: Simulation tolerance relaxed to achieve convergence from 6.3370604445891569e-16 to 6.3372557570891572e-16 seconds.
Warning: Simulation tolerance relaxed to achieve convergence from 6.3372557570891572e-16 to 6.3374510695891576e-16 seconds.
Warning: Simulation tolerance relaxed to achieve convergence from 6.3374510695891576e-16 to 6.3376463820891579e-16 seconds.
Warning: Simulation tolerance relaxed to achieve convergence from 6.3376463820891579e-16 to 6.3378416945891582e-16 seconds.
Warning: Simulation tolerance relaxed to achieve convergence from 6.3378416945891582e-16 to 6.3380370070891586e-16 seconds.
Warning: Simulation tolerance relaxed to achieve convergence from 6.3380370070891586e-16 to 6.3382323195891589e-16 seconds.
Warning: Simulation tolerance relaxed to achieve convergence from 6.3382323195891589e-16 to 6.3384276320891592e-16 seconds.
Warning: Simulation tolerance relaxed to achieve convergence from 6.3384276320891592e-16 to 6.3386229445891596e-16 seconds.
Warning: Simulation tolerance relaxed to achieve convergence from 6.3386229445891596e-16 to 6.3388182570891599e-16 seconds.
Warning: Simulation tolerance relaxed to achieve convergence from 6.3388182570891599e-16 to 6.3390135695891602e-16 seconds.
Warning: Simulation tolerance relaxed to achieve convergence from 6.3390135695891602e-16 to 6.3392088820891606e-16 seconds.
Warning: Simulation tolerance relaxed to achieve convergence from 6.3392088820891606e-16 to 6.3394041945891609e-16 seconds.
Warning: Simulation tolerance relaxed to achieve convergence from 6.3394041945891609e-16 to 6.3395995070891612e-16 seconds.
Warning: Simulation tolerance relaxed to achieve convergence from 6.3395995070891612e-16 to 6.3397948195891616e-16 seconds.
Warning: Simulation tolerance relaxed to achieve convergence from 6.3397948195891616e-16 to 6.3399901320891619e-16 seconds.
Warning: Simulation tolerance relaxed to achieve convergence from 6.3399901320891619e-16 to 6.3401854445891622e-16 seconds.
Warning: Simulation tolerance relaxed to achieve convergence from 6.3401854445891622e-16 to 6.3403807570891626e-16 seconds.
Warning: Simulation tolerance relaxed to achieve convergence from 6.3403807570891626e-16 to 6.3405760695891629e-16 seconds.
Warning: Simulation tolerance relaxed to achieve convergence from 6.3405760695891629e-16 to 6.3407713820891632e-16 seconds.
Warning: Simulation tolerance relaxed to achieve convergence from 6.3407713820891632e-16 to 6.3409666945891636e-16 seconds.
Warning: Simulation tolerance relaxed to achieve convergence from 6.3409666945891636e-16 to 6.3411620070891639e-16 seconds.
Warning: Simulation tolerance relaxed to achieve convergence from 6.3411620070891639e-16 to 6.3413573195891642e-16 seconds.
Warning: Simulation tolerance relaxed to achieve convergence from 6.3413573195891642e-16 to 6.3415526320891646e-16 seconds.
Warning: Simulation tolerance relaxed to achieve convergence from 6.3415526320891646e-16 to 6.3417479445891649e-16 seconds.
Warning: Simulation tolerance relaxed to achieve convergence from 6.3417479445891649e-16 to 6.3419432570891653e-16 seconds.
Warning: Simulation tolerance relaxed to achieve convergence from 6.3419432570891653e-16 to 6.3421385695891656e-16 seconds.
Warning: Simulation tolerance relaxed to achieve convergence from 6.3421385695891656e-16 to 6.3423338820891659e-16 seconds.
Warning: Simulation tolerance relaxed to achieve convergence from 6.3423338820891659e-16 to 6.3425291945891663e-16 seconds.
Warning: Simulation tolerance relaxed to achieve convergence from 6.3425291945891663e-16 to 6.3427245070891666e-16 seconds.
Warning: Simulation tolerance relaxed to achieve convergence from 6.3427245070891666e-16 to 6.3429198195891669e-16 seconds.
Warning: Simulation tolerance relaxed to achieve convergence from 6.3429198195891669e-16 to 6.3431151320891673e-16 seconds.
Warning: Simulation tolerance relaxed to achieve convergence from 6.3431151320891673e-16 to 6.3433104445891676e-16 seconds.
Warning: Simulation tolerance relaxed to achieve convergence from 6.3433104445891676e-16 to 6.3435057570891679e-16 seconds.
Warning: Simulation tolerance relaxed to achieve convergence from 6.3435057570891679e-16 to 6.3437010695891683e-16 seconds.
Warning: Simulation tolerance relaxed to achieve convergence from 6.3437010695891683e-16 to 6.3438963820891686e-16 seconds.
Warning: Simulation tolerance relaxed to achieve convergence from 6.3438963820891686e-16 to 6.3440916945891689e-16 seconds.
Warning: Simulation tolerance relaxed to achieve convergence from 6.3440916945891689e-16 to 6.3442870070891693e-16 seconds.
Warning: Simulation tolerance relaxed to achieve convergence from 6.3442870070891693e-16 to 6.3444823195891696e-16 seconds.
Warning: Simulation tolerance relaxed to achieve convergence from 6.3444823195891696e-16 to 6.3446776320891699e-16 seconds.
Warning: Simulation tolerance relaxed to achieve convergence from 6.3446776320891699e-16 to 6.3448729445891703e-16 seconds.
Warning: Simulation tolerance relaxed to achieve convergence from 6.3448729445891703e-16 to 6.3450682570891706e-16 seconds.
Warning: Simulation tolerance relaxed to achieve convergence from 6.3450682570891706e-16 to 6.3452635695891709e-16 seconds.
Warning: Simulation tolerance relaxed to achieve convergence from 6.3452635695891709e-16 to 6.3454588820891713e-16 seconds.
Warning: Simulation tolerance relaxed to achieve convergence from 6.3454588820891713e-16 to 6.3456541945891716e-16 seconds.
Warning: Simulation tolerance relaxed to achieve convergence from 6.3456541945891716e-16 to 6.3458495070891719e-16 seconds.
Warning: Simulation tolerance relaxed to achieve convergence from 6.3458495070891719e-16 to 6.3460448195891723e-16 seconds.
Warning: Simulation tolerance relaxed to achieve convergence from 6.3460448195891723e-16 to 6.3462401320891726e-16 seconds.
Warning: Simulation tolerance relaxed to achieve convergence from 6.3462401320891726e-16 to 6.3464354445891729e-16 seconds.
Warning: Simulation tolerance relaxed to achieve convergence from 6.3464354445891729e-16 to 6.3466307570891733e-16 seconds.
Warning: Simulation tolerance relaxed to achieve convergence from 6.3466307570891733e-16 to 6.3468260695891736e-16 seconds.
Warning: Simulation tolerance relaxed to achieve convergence from 6.3468260695891736e-16 to 6.3470213820891739e-16 seconds.
Warning: Simulation tolerance relaxed to achieve convergence from 6.3470213820891739e-16 to 6.3472166945891743e-16 seconds.
Warning: Simulation tolerance relaxed to achieve convergence from 6.3472166945891743e-16 to 6.3474120070891746e-16 seconds.
Warning: Simulation tolerance relaxed to achieve convergence from 6.3474120070891746e-16 to 6.3476073195891750e-16 seconds.
Warning: Simulation tolerance relaxed to achieve convergence from 6.3476073195891750e-16 to 6.3478026320891753e-16 seconds.
Warning: Simulation tolerance relaxed to achieve convergence from 6.3478026320891753e-16 to 6.3479979445891756e-16 seconds.
Warning: Simulation tolerance relaxed to achieve convergence from 6.3479979445891756e-16 to 6.3481932570891760e-16 seconds.
Warning: Simulation tolerance relaxed to achieve convergence from 6.3481932570891760e-16 to 6.3483885695891763e-16 seconds.
Warning: Simulation tolerance relaxed to achieve convergence from 6.3483885695891763e-16 to 6.3485838820891766e-16 seconds.
Warning: Simulation tolerance relaxed to achieve convergence from 6.3485838820891766e-16 to 6.3487791945891770e-16 seconds.
Warning: Simulation tolerance relaxed to achieve convergence from 6.3487791945891770e-16 to 6.3489745070891773e-16 seconds.
Warning: Simulation tolerance relaxed to achieve convergence from 6.3489745070891773e-16 to 6.3491698195891776e-16 seconds.
Warning: Simulation tolerance relaxed to achieve convergence from 6.3491698195891776e-16 to 6.3493651320891780e-16 seconds.
Warning: Simulation tolerance relaxed to achieve convergence from 6.3493651320891780e-16 to 6.3495604445891783e-16 seconds.
Warning: Simulation tolerance relaxed to achieve convergence from 6.3495604445891783e-16 to 6.3497557570891786e-16 seconds.
Warning: Simulation tolerance relaxed to achieve convergence from 6.3497557570891786e-16 to 6.3499510695891790e-16 seconds.
Warning: Simulation tolerance relaxed to achieve convergence from 6.3499510695891790e-16 to 6.3501463820891793e-16 seconds.
Warning: Simulation tolerance relaxed to achieve convergence from 6.3501463820891793e-16 to 6.3503416945891796e-16 seconds.
Warning: Simulation tolerance relaxed to achieve convergence from 6.3503416945891796e-16 to 6.3505370070891800e-16 seconds.
Warning: Simulation tolerance relaxed to achieve convergence from 6.3505370070891800e-16 to 6.3507323195891803e-16 seconds.
Warning: Simulation tolerance relaxed to achieve convergence from 6.3507323195891803e-16 to 6.3509276320891806e-16 seconds.
Warning: Simulation tolerance relaxed to achieve convergence from 6.3509276320891806e-16 to 6.3511229445891810e-16 seconds.
Warning: Simulation tolerance relaxed to achieve convergence from 6.3511229445891810e-16 to 6.3513182570891813e-16 seconds.
Warning: Simulation tolerance relaxed to achieve convergence from 6.3513182570891813e-16 to 6.3515135695891816e-16 seconds.
Warning: Simulation tolerance relaxed to achieve convergence from 6.3515135695891816e-16 to 6.3517088820891820e-16 seconds.
Warning: Simulation tolerance relaxed to achieve convergence from 6.3517088820891820e-16 to 6.3519041945891823e-16 seconds.
Warning: Simulation tolerance relaxed to achieve convergence from 6.3519041945891823e-16 to 6.3520995070891826e-16 seconds.
Warning: Simulation tolerance relaxed to achieve convergence from 6.3520995070891826e-16 to 6.3522948195891830e-16 seconds.
Warning: Simulation tolerance relaxed to achieve convergence from 6.3522948195891830e-16 to 6.3524901320891833e-16 seconds.
Warning: Simulation tolerance relaxed to achieve convergence from 6.3524901320891833e-16 to 6.3526854445891836e-16 seconds.
Warning: Simulation tolerance relaxed to achieve convergence from 6.3526854445891836e-16 to 6.3528807570891840e-16 seconds.
Warning: Simulation tolerance relaxed to achieve convergence from 6.3528807570891840e-16 to 6.3530760695891843e-16 seconds.
Warning: Simulation tolerance relaxed to achieve convergence from 6.3530760695891843e-16 to 6.3532713820891846e-16 seconds.
Warning: Simulation tolerance relaxed to achieve convergence from 6.3532713820891846e-16 to 6.3534666945891850e-16 seconds.
Warning: Simulation tolerance relaxed to achieve convergence from 6.3534666945891850e-16 to 6.3536620070891853e-16 seconds.
Warning: Simulation tolerance relaxed to achieve convergence from 6.3536620070891853e-16 to 6.3538573195891857e-16 seconds.
Warning: Simulation tolerance relaxed to achieve convergence from 6.3538573195891857e-16 to 6.3540526320891860e-16 seconds.
Warning: Simulation tolerance relaxed to achieve convergence from 6.3540526320891860e-16 to 6.3542479445891863e-16 seconds.
Warning: Simulation tolerance relaxed to achieve convergence from 6.3542479445891863e-16 to 6.3544432570891867e-16 seconds.
Warning: Simulation tolerance relaxed to achieve convergence from 6.3544432570891867e-16 to 6.3546385695891870e-16 seconds.
Warning: Simulation tolerance relaxed to achieve convergence from 6.3546385695891870e-16 to 6.3548338820891873e-16 seconds.
Warning: Simulation tolerance relaxed to achieve convergence from 6.3548338820891873e-16 to 6.3550291945891877e-16 seconds.
Warning: Simulation tolerance relaxed to achieve convergence from 6.3550291945891877e-16 to 6.3552245070891880e-16 seconds.
Warning: Simulation tolerance relaxed to achieve convergence from 6.3552245070891880e-16 to 6.3554198195891883e-16 seconds.
Warning: Simulation tolerance relaxed to achieve convergence from 6.3554198195891883e-16 to 6.3556151320891887e-16 seconds.
Warning: Simulation tolerance relaxed to achieve convergence from 6.3556151320891887e-16 to 6.3558104445891890e-16 seconds.
Warning: Simulation tolerance relaxed to achieve convergence from 6.3558104445891890e-16 to 6.3560057570891893e-16 seconds.
Warning: Simulation tolerance relaxed to achieve convergence from 6.3560057570891893e-16 to 6.3562010695891897e-16 seconds.
Warning: Simulation tolerance relaxed to achieve convergence from 6.3562010695891897e-16 to 6.3563963820891900e-16 seconds.
Warning: Simulation tolerance relaxed to achieve convergence from 6.3563963820891900e-16 to 6.3565916945891903e-16 seconds.
Warning: Simulation tolerance relaxed to achieve convergence from 6.3565916945891903e-16 to 6.3567870070891907e-16 seconds.
Warning: Simulation tolerance relaxed to achieve convergence from 6.3567870070891907e-16 to 6.3569823195891910e-16 seconds.
Warning: Simulation tolerance relaxed to achieve convergence from 6.3569823195891910e-16 to 6.3571776320891913e-16 seconds.
Warning: Simulation tolerance relaxed to achieve convergence from 6.3571776320891913e-16 to 6.3573729445891917e-16 seconds.
Warning: Simulation tolerance relaxed to achieve convergence from 6.3573729445891917e-16 to 6.3575682570891920e-16 seconds.
Warning: Simulation tolerance relaxed to achieve convergence from 6.3575682570891920e-16 to 6.3577635695891923e-16 seconds.
Warning: Simulation tolerance relaxed to achieve convergence from 6.3577635695891923e-16 to 6.3579588820891927e-16 seconds.
Warning: Simulation tolerance relaxed to achieve convergence from 6.3579588820891927e-16 to 6.3581541945891930e-16 seconds.
Warning: Simulation tolerance relaxed to achieve convergence from 6.3581541945891930e-16 to 6.3583495070891933e-16 seconds.
Warning: Simulation tolerance relaxed to achieve convergence from 6.3583495070891933e-16 to 6.3585448195891937e-16 seconds.
Warning: Simulation tolerance relaxed to achieve convergence from 6.3585448195891937e-16 to 6.3587401320891940e-16 seconds.
Warning: Simulation tolerance relaxed to achieve convergence from 6.3587401320891940e-16 to 6.3589354445891943e-16 seconds.
Warning: Simulation tolerance relaxed to achieve convergence from 6.3589354445891943e-16 to 6.3591307570891947e-16 seconds.
Warning: Simulation tolerance relaxed to achieve convergence from 6.3591307570891947e-16 to 6.3593260695891950e-16 seconds.
Warning: Simulation tolerance relaxed to achieve convergence from 6.3593260695891950e-16 to 6.3595213820891954e-16 seconds.
Warning: Simulation tolerance relaxed to achieve convergence from 6.3595213820891954e-16 to 6.3597166945891957e-16 seconds.
Warning: Simulation tolerance relaxed to achieve convergence from 6.3597166945891957e-16 to 6.3599120070891960e-16 seconds.
Warning: Simulation tolerance relaxed to achieve convergence from 6.3599120070891960e-16 to 6.3601073195891964e-16 seconds.
Warning: Simulation tolerance relaxed to achieve convergence from 6.3601073195891964e-16 to 6.3603026320891967e-16 seconds.
Warning: Simulation tolerance relaxed to achieve convergence from 6.3603026320891967e-16 to 6.3604979445891970e-16 seconds.
Warning: Simulation tolerance relaxed to achieve convergence from 6.3604979445891970e-16 to 6.3606932570891974e-16 seconds.
Warning: Simulation tolerance relaxed to achieve convergence from 6.3606932570891974e-16 to 6.3608885695891977e-16 seconds.
Warning: Simulation tolerance relaxed to achieve convergence from 6.3608885695891977e-16 to 6.3610838820891980e-16 seconds.
Warning: Simulation tolerance relaxed to achieve convergence from 6.3610838820891980e-16 to 6.3612791945891984e-16 seconds.
Warning: Simulation tolerance relaxed to achieve convergence from 6.3612791945891984e-16 to 6.3614745070891987e-16 seconds.
Warning: Simulation tolerance relaxed to achieve convergence from 6.3614745070891987e-16 to 6.3616698195891990e-16 seconds.
Warning: Simulation tolerance relaxed to achieve convergence from 6.3616698195891990e-16 to 6.3618651320891994e-16 seconds.
Warning: Simulation tolerance relaxed to achieve convergence from 6.3618651320891994e-16 to 6.3620604445891997e-16 seconds.
Warning: Simulation tolerance relaxed to achieve convergence from 6.3620604445891997e-16 to 6.3622557570892000e-16 seconds.
Warning: Simulation tolerance relaxed to achieve convergence from 6.3622557570892000e-16 to 6.3624510695892004e-16 seconds.
Warning: Simulation tolerance relaxed to achieve convergence from 6.3624510695892004e-16 to 6.3626463820892007e-16 seconds.
Warning: Simulation tolerance relaxed to achieve convergence from 6.3626463820892007e-16 to 6.3628416945892010e-16 seconds.
Warning: Simulation tolerance relaxed to achieve convergence from 6.3628416945892010e-16 to 6.3630370070892014e-16 seconds.
Warning: Simulation tolerance relaxed to achieve convergence from 6.3630370070892014e-16 to 6.3632323195892017e-16 seconds.
Warning: Simulation tolerance relaxed to achieve convergence from 6.3632323195892017e-16 to 6.3634276320892020e-16 seconds.
Warning: Simulation tolerance relaxed to achieve convergence from 6.3634276320892020e-16 to 6.3636229445892024e-16 seconds.
Warning: Simulation tolerance relaxed to achieve convergence from 6.3636229445892024e-16 to 6.3638182570892027e-16 seconds.
Warning: Simulation tolerance relaxed to achieve convergence from 6.3638182570892027e-16 to 6.3640135695892030e-16 seconds.
Warning: Simulation tolerance relaxed to achieve convergence from 6.3640135695892030e-16 to 6.3642088820892034e-16 seconds.
Warning: Simulation tolerance relaxed to achieve convergence from 6.3642088820892034e-16 to 6.3644041945892037e-16 seconds.
Warning: Simulation tolerance relaxed to achieve convergence from 6.3644041945892037e-16 to 6.3645995070892040e-16 seconds.
Warning: Simulation tolerance relaxed to achieve convergence from 6.3645995070892040e-16 to 6.3647948195892044e-16 seconds.
Warning: Simulation tolerance relaxed to achieve convergence from 6.3647948195892044e-16 to 6.3649901320892047e-16 seconds.
Warning: Simulation tolerance relaxed to achieve convergence from 6.3649901320892047e-16 to 6.3651854445892051e-16 seconds.
Warning: Simulation tolerance relaxed to achieve convergence from 6.3651854445892051e-16 to 6.3653807570892054e-16 seconds.
Warning: Simulation tolerance relaxed to achieve convergence from 6.3653807570892054e-16 to 6.3655760695892057e-16 seconds.
Warning: Simulation tolerance relaxed to achieve convergence from 6.3655760695892057e-16 to 6.3657713820892061e-16 seconds.
Warning: Simulation tolerance relaxed to achieve convergence from 6.3657713820892061e-16 to 6.3659666945892064e-16 seconds.
Warning: Simulation tolerance relaxed to achieve convergence from 6.3659666945892064e-16 to 6.3661620070892067e-16 seconds.
Warning: Simulation tolerance relaxed to achieve convergence from 6.3661620070892067e-16 to 6.3663573195892071e-16 seconds.
Warning: Simulation tolerance relaxed to achieve convergence from 6.3663573195892071e-16 to 6.3665526320892074e-16 seconds.
Warning: Simulation tolerance relaxed to achieve convergence from 6.3665526320892074e-16 to 6.3667479445892077e-16 seconds.
Warning: Simulation tolerance relaxed to achieve convergence from 6.3667479445892077e-16 to 6.3669432570892081e-16 seconds.
Warning: Simulation tolerance relaxed to achieve convergence from 6.3669432570892081e-16 to 6.3671385695892084e-16 seconds.
Warning: Simulation tolerance relaxed to achieve convergence from 6.3671385695892084e-16 to 6.3673338820892087e-16 seconds.
Warning: Simulation tolerance relaxed to achieve convergence from 6.3673338820892087e-16 to 6.3675291945892091e-16 seconds.
Warning: Simulation tolerance relaxed to achieve convergence from 6.3675291945892091e-16 to 6.3677245070892094e-16 seconds.
Warning: Simulation tolerance relaxed to achieve convergence from 6.3677245070892094e-16 to 6.3679198195892097e-16 seconds.
Warning: Simulation tolerance relaxed to achieve convergence from 6.3679198195892097e-16 to 6.3681151320892101e-16 seconds.
Warning: Simulation tolerance relaxed to achieve convergence from 6.3681151320892101e-16 to 6.3683104445892104e-16 seconds.
Warning: Simulation tolerance relaxed to achieve convergence from 6.3683104445892104e-16 to 6.3685057570892107e-16 seconds.
Warning: Simulation tolerance relaxed to achieve convergence from 6.3685057570892107e-16 to 6.3687010695892111e-16 seconds.
Warning: Simulation tolerance relaxed to achieve convergence from 6.3687010695892111e-16 to 6.3688963820892114e-16 seconds.
Warning: Simulation tolerance relaxed to achieve convergence from 6.3688963820892114e-16 to 6.3690916945892117e-16 seconds.
Warning: Simulation tolerance relaxed to achieve convergence from 6.3690916945892117e-16 to 6.3692870070892121e-16 seconds.
Warning: Simulation tolerance relaxed to achieve convergence from 6.3692870070892121e-16 to 6.3694823195892124e-16 seconds.
Warning: Simulation tolerance relaxed to achieve convergence from 6.3694823195892124e-16 to 6.3696776320892127e-16 seconds.
Warning: Simulation tolerance relaxed to achieve convergence from 6.3696776320892127e-16 to 6.3698729445892131e-16 seconds.
Warning: Simulation tolerance relaxed to achieve convergence from 6.3698729445892131e-16 to 6.3700682570892134e-16 seconds.
Warning: Simulation tolerance relaxed to achieve convergence from 6.3700682570892134e-16 to 6.3702635695892137e-16 seconds.
Warning: Simulation tolerance relaxed to achieve convergence from 6.3702635695892137e-16 to 6.3704588820892141e-16 seconds.
Warning: Simulation tolerance relaxed to achieve convergence from 6.3704588820892141e-16 to 6.3706541945892144e-16 seconds.
Warning: Simulation tolerance relaxed to achieve convergence from 6.3706541945892144e-16 to 6.3708495070892147e-16 seconds.
Warning: Simulation tolerance relaxed to achieve convergence from 6.3708495070892147e-16 to 6.3710448195892151e-16 seconds.
Warning: Simulation tolerance relaxed to achieve convergence from 6.3710448195892151e-16 to 6.3712401320892154e-16 seconds.
Warning: Simulation tolerance relaxed to achieve convergence from 6.3712401320892154e-16 to 6.3714354445892158e-16 seconds.
Warning: Simulation tolerance relaxed to achieve convergence from 6.3714354445892158e-16 to 6.3716307570892161e-16 seconds.
Warning: Simulation tolerance relaxed to achieve convergence from 6.3716307570892161e-16 to 6.3718260695892164e-16 seconds.
Warning: Simulation tolerance relaxed to achieve convergence from 6.3718260695892164e-16 to 6.3720213820892168e-16 seconds.
Warning: Simulation tolerance relaxed to achieve convergence from 6.3720213820892168e-16 to 6.3722166945892171e-16 seconds.
Warning: Simulation tolerance relaxed to achieve convergence from 6.3722166945892171e-16 to 6.3724120070892174e-16 seconds.
Warning: Simulation tolerance relaxed to achieve convergence from 6.3724120070892174e-16 to 6.3726073195892178e-16 seconds.
Warning: Simulation tolerance relaxed to achieve convergence from 6.3726073195892178e-16 to 6.3728026320892181e-16 seconds.
Warning: Simulation tolerance relaxed to achieve convergence from 6.3728026320892181e-16 to 6.3729979445892184e-16 seconds.
Warning: Simulation tolerance relaxed to achieve convergence from 6.3729979445892184e-16 to 6.3731932570892188e-16 seconds.
Warning: Simulation tolerance relaxed to achieve convergence from 6.3731932570892188e-16 to 6.3733885695892191e-16 seconds.
Warning: Simulation tolerance relaxed to achieve convergence from 6.3733885695892191e-16 to 6.3735838820892194e-16 seconds.
Warning: Simulation tolerance relaxed to achieve convergence from 6.3735838820892194e-16 to 6.3737791945892198e-16 seconds.
Warning: Simulation tolerance relaxed to achieve convergence from 6.3737791945892198e-16 to 6.3739745070892201e-16 seconds.
Warning: Simulation tolerance relaxed to achieve convergence from 6.3739745070892201e-16 to 6.3741698195892204e-16 seconds.
Warning: Simulation tolerance relaxed to achieve convergence from 6.3741698195892204e-16 to 6.3743651320892208e-16 seconds.
Warning: Simulation tolerance relaxed to achieve convergence from 6.3743651320892208e-16 to 6.3745604445892211e-16 seconds.
Warning: Simulation tolerance relaxed to achieve convergence from 6.3745604445892211e-16 to 6.3747557570892214e-16 seconds.
Warning: Simulation tolerance relaxed to achieve convergence from 6.3747557570892214e-16 to 6.3749510695892218e-16 seconds.
Warning: Simulation tolerance relaxed to achieve convergence from 6.3749510695892218e-16 to 6.3751463820892221e-16 seconds.
Warning: Simulation tolerance relaxed to achieve convergence from 6.3751463820892221e-16 to 6.3753416945892224e-16 seconds.
Warning: Simulation tolerance relaxed to achieve convergence from 6.3753416945892224e-16 to 6.3755370070892228e-16 seconds.
Warning: Simulation tolerance relaxed to achieve convergence from 6.3755370070892228e-16 to 6.3757323195892231e-16 seconds.
Warning: Simulation tolerance relaxed to achieve convergence from 6.3757323195892231e-16 to 6.3759276320892234e-16 seconds.
Warning: Simulation tolerance relaxed to achieve convergence from 6.3759276320892234e-16 to 6.3761229445892238e-16 seconds.
Warning: Simulation tolerance relaxed to achieve convergence from 6.3761229445892238e-16 to 6.3763182570892241e-16 seconds.
Warning: Simulation tolerance relaxed to achieve convergence from 6.3763182570892241e-16 to 6.3765135695892244e-16 seconds.
Warning: Simulation tolerance relaxed to achieve convergence from 6.3765135695892244e-16 to 6.3767088820892248e-16 seconds.
Warning: Simulation tolerance relaxed to achieve convergence from 6.3767088820892248e-16 to 6.3769041945892251e-16 seconds.
Warning: Simulation tolerance relaxed to achieve convergence from 6.3769041945892251e-16 to 6.3770995070892255e-16 seconds.
Warning: Simulation tolerance relaxed to achieve convergence from 6.3770995070892255e-16 to 6.3772948195892258e-16 seconds.
Warning: Simulation tolerance relaxed to achieve convergence from 6.3772948195892258e-16 to 6.3774901320892261e-16 seconds.
Warning: Simulation tolerance relaxed to achieve convergence from 6.3774901320892261e-16 to 6.3776854445892265e-16 seconds.
Warning: Simulation tolerance relaxed to achieve convergence from 6.3776854445892265e-16 to 6.3778807570892268e-16 seconds.
Warning: Simulation tolerance relaxed to achieve convergence from 6.3778807570892268e-16 to 6.3780760695892271e-16 seconds.
Warning: Simulation tolerance relaxed to achieve convergence from 6.3780760695892271e-16 to 6.3782713820892275e-16 seconds.
Warning: Simulation tolerance relaxed to achieve convergence from 6.3782713820892275e-16 to 6.3784666945892278e-16 seconds.
Warning: Simulation tolerance relaxed to achieve convergence from 6.3784666945892278e-16 to 6.3786620070892281e-16 seconds.
Warning: Simulation tolerance relaxed to achieve convergence from 6.3786620070892281e-16 to 6.3788573195892285e-16 seconds.
Warning: Simulation tolerance relaxed to achieve convergence from 6.3788573195892285e-16 to 6.3790526320892288e-16 seconds.
Warning: Simulation tolerance relaxed to achieve convergence from 6.3790526320892288e-16 to 6.3792479445892291e-16 seconds.
Warning: Simulation tolerance relaxed to achieve convergence from 6.3792479445892291e-16 to 6.3794432570892295e-16 seconds.
Warning: Simulation tolerance relaxed to achieve convergence from 6.3794432570892295e-16 to 6.3796385695892298e-16 seconds.
Warning: Simulation tolerance relaxed to achieve convergence from 6.3796385695892298e-16 to 6.3798338820892301e-16 seconds.
Warning: Simulation tolerance relaxed to achieve convergence from 6.3798338820892301e-16 to 6.3800291945892305e-16 seconds.
Warning: Simulation tolerance relaxed to achieve convergence from 6.3800291945892305e-16 to 6.3802245070892308e-16 seconds.
Warning: Simulation tolerance relaxed to achieve convergence from 6.3802245070892308e-16 to 6.3804198195892311e-16 seconds.
Warning: Simulation tolerance relaxed to achieve convergence from 6.3804198195892311e-16 to 6.3806151320892315e-16 seconds.
Warning: Simulation tolerance relaxed to achieve convergence from 6.3806151320892315e-16 to 6.3808104445892318e-16 seconds.
Warning: Simulation tolerance relaxed to achieve convergence from 6.3808104445892318e-16 to 6.3810057570892321e-16 seconds.
Warning: Simulation tolerance relaxed to achieve convergence from 6.3810057570892321e-16 to 6.3812010695892325e-16 seconds.
Warning: Simulation tolerance relaxed to achieve convergence from 6.3812010695892325e-16 to 6.3813963820892328e-16 seconds.
Warning: Simulation tolerance relaxed to achieve convergence from 6.3813963820892328e-16 to 6.3815916945892331e-16 seconds.
Warning: Simulation tolerance relaxed to achieve convergence from 6.3815916945892331e-16 to 6.3817870070892335e-16 seconds.
Warning: Simulation tolerance relaxed to achieve convergence from 6.3817870070892335e-16 to 6.3819823195892338e-16 seconds.
Warning: Simulation tolerance relaxed to achieve convergence from 6.3819823195892338e-16 to 6.3821776320892341e-16 seconds.
Warning: Simulation tolerance relaxed to achieve convergence from 6.3821776320892341e-16 to 6.3823729445892345e-16 seconds.
Warning: Simulation tolerance relaxed to achieve convergence from 6.3823729445892345e-16 to 6.3825682570892348e-16 seconds.
Warning: Simulation tolerance relaxed to achieve convergence from 6.3825682570892348e-16 to 6.3827635695892351e-16 seconds.
Warning: Simulation tolerance relaxed to achieve convergence from 6.3827635695892351e-16 to 6.3829588820892355e-16 seconds.
Warning: Simulation tolerance relaxed to achieve convergence from 6.3829588820892355e-16 to 6.3831541945892358e-16 seconds.
Warning: Simulation tolerance relaxed to achieve convergence from 6.3831541945892358e-16 to 6.3833495070892362e-16 seconds.
Warning: Simulation tolerance relaxed to achieve convergence from 6.3833495070892362e-16 to 6.3835448195892365e-16 seconds.
Warning: Simulation tolerance relaxed to achieve convergence from 6.3835448195892365e-16 to 6.3837401320892368e-16 seconds.
Warning: Simulation tolerance relaxed to achieve convergence from 6.3837401320892368e-16 to 6.3839354445892372e-16 seconds.
Warning: Simulation tolerance relaxed to achieve convergence from 6.3839354445892372e-16 to 6.3841307570892375e-16 seconds.
Warning: Simulation tolerance relaxed to achieve convergence from 6.3841307570892375e-16 to 6.3843260695892378e-16 seconds.
Warning: Simulation tolerance relaxed to achieve convergence from 6.3843260695892378e-16 to 6.3845213820892382e-16 seconds.
Warning: Simulation tolerance relaxed to achieve convergence from 6.3845213820892382e-16 to 6.3847166945892385e-16 seconds.
Warning: Simulation tolerance relaxed to achieve convergence from 6.3847166945892385e-16 to 6.3849120070892388e-16 seconds.
Warning: Simulation tolerance relaxed to achieve convergence from 6.3849120070892388e-16 to 6.3851073195892392e-16 seconds.
Warning: Simulation tolerance relaxed to achieve convergence from 6.3851073195892392e-16 to 6.3853026320892395e-16 seconds.
Warning: Simulation tolerance relaxed to achieve convergence from 6.3853026320892395e-16 to 6.3854979445892398e-16 seconds.
Warning: Simulation tolerance relaxed to achieve convergence from 6.3854979445892398e-16 to 6.3856932570892402e-16 seconds.
Warning: Simulation tolerance relaxed to achieve convergence from 6.3856932570892402e-16 to 6.3858885695892405e-16 seconds.
Warning: Simulation tolerance relaxed to achieve convergence from 6.3858885695892405e-16 to 6.3860838820892408e-16 seconds.
Warning: Simulation tolerance relaxed to achieve convergence from 6.3860838820892408e-16 to 6.3862791945892412e-16 seconds.
Warning: Simulation tolerance relaxed to achieve convergence from 6.3862791945892412e-16 to 6.3864745070892415e-16 seconds.
Warning: Simulation tolerance relaxed to achieve convergence from 6.3864745070892415e-16 to 6.3866698195892418e-16 seconds.
Warning: Simulation tolerance relaxed to achieve convergence from 6.3866698195892418e-16 to 6.3868651320892422e-16 seconds.
Warning: Simulation tolerance relaxed to achieve convergence from 6.3868651320892422e-16 to 6.3870604445892425e-16 seconds.
Warning: Simulation tolerance relaxed to achieve convergence from 6.3870604445892425e-16 to 6.3872557570892428e-16 seconds.
Warning: Simulation tolerance relaxed to achieve convergence from 6.3872557570892428e-16 to 6.3874510695892432e-16 seconds.
Warning: Simulation tolerance relaxed to achieve convergence from 6.3874510695892432e-16 to 6.3876463820892435e-16 seconds.
Warning: Simulation tolerance relaxed to achieve convergence from 6.3876463820892435e-16 to 6.3878416945892438e-16 seconds.
Warning: Simulation tolerance relaxed to achieve convergence from 6.3878416945892438e-16 to 6.3880370070892442e-16 seconds.
Warning: Simulation tolerance relaxed to achieve convergence from 6.3880370070892442e-16 to 6.3882323195892445e-16 seconds.
Warning: Simulation tolerance relaxed to achieve convergence from 6.3882323195892445e-16 to 6.3884276320892448e-16 seconds.
Warning: Simulation tolerance relaxed to achieve convergence from 6.3884276320892448e-16 to 6.3886229445892452e-16 seconds.
Warning: Simulation tolerance relaxed to achieve convergence from 6.3886229445892452e-16 to 6.3888182570892455e-16 seconds.
Warning: Simulation tolerance relaxed to achieve convergence from 6.3888182570892455e-16 to 6.3890135695892459e-16 seconds.
Warning: Simulation tolerance relaxed to achieve convergence from 6.3890135695892459e-16 to 6.3892088820892462e-16 seconds.
Warning: Simulation tolerance relaxed to achieve convergence from 6.3892088820892462e-16 to 6.3894041945892465e-16 seconds.
Warning: Simulation tolerance relaxed to achieve convergence from 6.3894041945892465e-16 to 6.3895995070892469e-16 seconds.
Warning: Simulation tolerance relaxed to achieve convergence from 6.3895995070892469e-16 to 6.3897948195892472e-16 seconds.
Warning: Simulation tolerance relaxed to achieve convergence from 6.3897948195892472e-16 to 6.3899901320892475e-16 seconds.
Warning: Simulation tolerance relaxed to achieve convergence from 6.3899901320892475e-16 to 6.3901854445892479e-16 seconds.
Warning: Simulation tolerance relaxed to achieve convergence from 6.3901854445892479e-16 to 6.3903807570892482e-16 seconds.
Warning: Simulation tolerance relaxed to achieve convergence from 6.3903807570892482e-16 to 6.3905760695892485e-16 seconds.
Warning: Simulation tolerance relaxed to achieve convergence from 6.3905760695892485e-16 to 6.3907713820892489e-16 seconds.
Warning: Simulation tolerance relaxed to achieve convergence from 6.3907713820892489e-16 to 6.3909666945892492e-16 seconds.
Warning: Simulation tolerance relaxed to achieve convergence from 6.3909666945892492e-16 to 6.3911620070892495e-16 seconds.
Warning: Simulation tolerance relaxed to achieve convergence from 6.3911620070892495e-16 to 6.3913573195892499e-16 seconds.
Warning: Simulation tolerance relaxed to achieve convergence from 6.3913573195892499e-16 to 6.3915526320892502e-16 seconds.
Warning: Simulation tolerance relaxed to achieve convergence from 6.3915526320892502e-16 to 6.3917479445892505e-16 seconds.
Warning: Simulation tolerance relaxed to achieve convergence from 6.3917479445892505e-16 to 6.3919432570892509e-16 seconds.
Warning: Simulation tolerance relaxed to achieve convergence from 6.3919432570892509e-16 to 6.3921385695892512e-16 seconds.
Warning: Simulation tolerance relaxed to achieve convergence from 6.3921385695892512e-16 to 6.3923338820892515e-16 seconds.
Warning: Simulation tolerance relaxed to achieve convergence from 6.3923338820892515e-16 to 6.3925291945892519e-16 seconds.
Warning: Simulation tolerance relaxed to achieve convergence from 6.3925291945892519e-16 to 6.3927245070892522e-16 seconds.
Warning: Simulation tolerance relaxed to achieve convergence from 6.3927245070892522e-16 to 6.3929198195892525e-16 seconds.
Warning: Simulation tolerance relaxed to achieve convergence from 6.3929198195892525e-16 to 6.3931151320892529e-16 seconds.
Warning: Simulation tolerance relaxed to achieve convergence from 6.3931151320892529e-16 to 6.3933104445892532e-16 seconds.
Warning: Simulation tolerance relaxed to achieve convergence from 6.3933104445892532e-16 to 6.3935057570892535e-16 seconds.
Warning: Simulation tolerance relaxed to achieve convergence from 6.3935057570892535e-16 to 6.3937010695892539e-16 seconds.
Warning: Simulation tolerance relaxed to achieve convergence from 6.3937010695892539e-16 to 6.3938963820892542e-16 seconds.
Warning: Simulation tolerance relaxed to achieve convergence from 6.3938963820892542e-16 to 6.3940916945892545e-16 seconds.
Warning: Simulation tolerance relaxed to achieve convergence from 6.3940916945892545e-16 to 6.3942870070892549e-16 seconds.
Warning: Simulation tolerance relaxed to achieve convergence from 6.3942870070892549e-16 to 6.3944823195892552e-16 seconds.
Warning: Simulation tolerance relaxed to achieve convergence from 6.3944823195892552e-16 to 6.3946776320892555e-16 seconds.
Warning: Simulation tolerance relaxed to achieve convergence from 6.3946776320892555e-16 to 6.3948729445892559e-16 seconds.
Warning: Simulation tolerance relaxed to achieve convergence from 6.3948729445892559e-16 to 6.3950682570892562e-16 seconds.
Warning: Simulation tolerance relaxed to achieve convergence from 6.3950682570892562e-16 to 6.3952635695892566e-16 seconds.
Warning: Simulation tolerance relaxed to achieve convergence from 6.3952635695892566e-16 to 6.3954588820892569e-16 seconds.
Warning: Simulation tolerance relaxed to achieve convergence from 6.3954588820892569e-16 to 6.3956541945892572e-16 seconds.
Warning: Simulation tolerance relaxed to achieve convergence from 6.3956541945892572e-16 to 6.3958495070892576e-16 seconds.
Warning: Simulation tolerance relaxed to achieve convergence from 6.3958495070892576e-16 to 6.3960448195892579e-16 seconds.
Warning: Simulation tolerance relaxed to achieve convergence from 6.3960448195892579e-16 to 6.3962401320892582e-16 seconds.
Warning: Simulation tolerance relaxed to achieve convergence from 6.3962401320892582e-16 to 6.3964354445892586e-16 seconds.
Warning: Simulation tolerance relaxed to achieve convergence from 6.3964354445892586e-16 to 6.3966307570892589e-16 seconds.
Warning: Simulation tolerance relaxed to achieve convergence from 6.3966307570892589e-16 to 6.3968260695892592e-16 seconds.
Warning: Simulation tolerance relaxed to achieve convergence from 6.3968260695892592e-16 to 6.3970213820892596e-16 seconds.
Warning: Simulation tolerance relaxed to achieve convergence from 6.3970213820892596e-16 to 6.3972166945892599e-16 seconds.
Warning: Simulation tolerance relaxed to achieve convergence from 6.3972166945892599e-16 to 6.3974120070892602e-16 seconds.
Warning: Simulation tolerance relaxed to achieve convergence from 6.3974120070892602e-16 to 6.3976073195892606e-16 seconds.
Warning: Simulation tolerance relaxed to achieve convergence from 6.3976073195892606e-16 to 6.3978026320892609e-16 seconds.
Warning: Simulation tolerance relaxed to achieve convergence from 6.3978026320892609e-16 to 6.3979979445892612e-16 seconds.
Warning: Simulation tolerance relaxed to achieve convergence from 6.3979979445892612e-16 to 6.3981932570892616e-16 seconds.
Warning: Simulation tolerance relaxed to achieve convergence from 6.3981932570892616e-16 to 6.3983885695892619e-16 seconds.
Warning: Simulation tolerance relaxed to achieve convergence from 6.3983885695892619e-16 to 6.3985838820892622e-16 seconds.
Warning: Simulation tolerance relaxed to achieve convergence from 6.3985838820892622e-16 to 6.3987791945892626e-16 seconds.
Warning: Simulation tolerance relaxed to achieve convergence from 6.3987791945892626e-16 to 6.3989745070892629e-16 seconds.
Warning: Simulation tolerance relaxed to achieve convergence from 6.3989745070892629e-16 to 6.3991698195892632e-16 seconds.
Warning: Simulation tolerance relaxed to achieve convergence from 6.3991698195892632e-16 to 6.3993651320892636e-16 seconds.
Warning: Simulation tolerance relaxed to achieve convergence from 6.3993651320892636e-16 to 6.3995604445892639e-16 seconds.
Warning: Simulation tolerance relaxed to achieve convergence from 6.3995604445892639e-16 to 6.3997557570892642e-16 seconds.
Warning: Simulation tolerance relaxed to achieve convergence from 6.3997557570892642e-16 to 6.3999510695892646e-16 seconds.
Warning: Simulation tolerance relaxed to achieve convergence from 6.3999510695892646e-16 to 6.4001463820892649e-16 seconds.
Warning: Simulation tolerance relaxed to achieve convergence from 6.4001463820892649e-16 to 6.4003416945892652e-16 seconds.
Warning: Simulation tolerance relaxed to achieve convergence from 6.4003416945892652e-16 to 6.4005370070892656e-16 seconds.
Warning: Simulation tolerance relaxed to achieve convergence from 6.4005370070892656e-16 to 6.4007323195892659e-16 seconds.
Warning: Simulation tolerance relaxed to achieve convergence from 6.4007323195892659e-16 to 6.4009276320892663e-16 seconds.
Warning: Simulation tolerance relaxed to achieve convergence from 6.4009276320892663e-16 to 6.4011229445892666e-16 seconds.
Warning: Simulation tolerance relaxed to achieve convergence from 6.4011229445892666e-16 to 6.4013182570892669e-16 seconds.
Warning: Simulation tolerance relaxed to achieve convergence from 6.4013182570892669e-16 to 6.4015135695892673e-16 seconds.
Warning: Simulation tolerance relaxed to achieve convergence from 6.4015135695892673e-16 to 6.4017088820892676e-16 seconds.
Warning: Simulation tolerance relaxed to achieve convergence from 6.4017088820892676e-16 to 6.4019041945892679e-16 seconds.
Warning: Simulation tolerance relaxed to achieve convergence from 6.4019041945892679e-16 to 6.4020995070892683e-16 seconds.
Warning: Simulation tolerance relaxed to achieve convergence from 6.4020995070892683e-16 to 6.4022948195892686e-16 seconds.
Warning: Simulation tolerance relaxed to achieve convergence from 6.4022948195892686e-16 to 6.4024901320892689e-16 seconds.
Warning: Simulation tolerance relaxed to achieve convergence from 6.4024901320892689e-16 to 6.4026854445892693e-16 seconds.
Warning: Simulation tolerance relaxed to achieve convergence from 6.4026854445892693e-16 to 6.4028807570892696e-16 seconds.
Warning: Simulation tolerance relaxed to achieve convergence from 6.4028807570892696e-16 to 6.4030760695892699e-16 seconds.
Warning: Simulation tolerance relaxed to achieve convergence from 6.4030760695892699e-16 to 6.4032713820892703e-16 seconds.
Warning: Simulation tolerance relaxed to achieve convergence from 6.4032713820892703e-16 to 6.4034666945892706e-16 seconds.
Warning: Simulation tolerance relaxed to achieve convergence from 6.4034666945892706e-16 to 6.4036620070892709e-16 seconds.
Warning: Simulation tolerance relaxed to achieve convergence from 6.4036620070892709e-16 to 6.4038573195892713e-16 seconds.
Warning: Simulation tolerance relaxed to achieve convergence from 6.4038573195892713e-16 to 6.4040526320892716e-16 seconds.
Warning: Simulation tolerance relaxed to achieve convergence from 6.4040526320892716e-16 to 6.4042479445892719e-16 seconds.
Warning: Simulation tolerance relaxed to achieve convergence from 6.4042479445892719e-16 to 6.4044432570892723e-16 seconds.
Warning: Simulation tolerance relaxed to achieve convergence from 6.4044432570892723e-16 to 6.4046385695892726e-16 seconds.
Warning: Simulation tolerance relaxed to achieve convergence from 6.4046385695892726e-16 to 6.4048338820892729e-16 seconds.
Warning: Simulation tolerance relaxed to achieve convergence from 6.4048338820892729e-16 to 6.4050291945892733e-16 seconds.
Warning: Simulation tolerance relaxed to achieve convergence from 6.4050291945892733e-16 to 6.4052245070892736e-16 seconds.
Warning: Simulation tolerance relaxed to achieve convergence from 6.4052245070892736e-16 to 6.4054198195892739e-16 seconds.
Warning: Simulation tolerance relaxed to achieve convergence from 6.4054198195892739e-16 to 6.4056151320892743e-16 seconds.
Warning: Simulation tolerance relaxed to achieve convergence from 6.4056151320892743e-16 to 6.4058104445892746e-16 seconds.
Warning: Simulation tolerance relaxed to achieve convergence from 6.4058104445892746e-16 to 6.4060057570892749e-16 seconds.
Warning: Simulation tolerance relaxed to achieve convergence from 6.4060057570892749e-16 to 6.4062010695892753e-16 seconds.
Warning: Simulation tolerance relaxed to achieve convergence from 6.4062010695892753e-16 to 6.4063963820892756e-16 seconds.
Warning: Simulation tolerance relaxed to achieve convergence from 6.4063963820892756e-16 to 6.4065916945892760e-16 seconds.
Warning: Simulation tolerance relaxed to achieve convergence from 6.4065916945892760e-16 to 6.4067870070892763e-16 seconds.
Warning: Simulation tolerance relaxed to achieve convergence from 6.4067870070892763e-16 to 6.4069823195892766e-16 seconds.
Warning: Simulation tolerance relaxed to achieve convergence from 6.4069823195892766e-16 to 6.4071776320892770e-16 seconds.
Warning: Simulation tolerance relaxed to achieve convergence from 6.4071776320892770e-16 to 6.4073729445892773e-16 seconds.
Warning: Simulation tolerance relaxed to achieve convergence from 6.4073729445892773e-16 to 6.4075682570892776e-16 seconds.
Warning: Simulation tolerance relaxed to achieve convergence from 6.4075682570892776e-16 to 6.4077635695892780e-16 seconds.
Warning: Simulation tolerance relaxed to achieve convergence from 6.4077635695892780e-16 to 6.4079588820892783e-16 seconds.
Warning: Simulation tolerance relaxed to achieve convergence from 6.4079588820892783e-16 to 6.4081541945892786e-16 seconds.
Warning: Simulation tolerance relaxed to achieve convergence from 6.4081541945892786e-16 to 6.4083495070892790e-16 seconds.
Warning: Simulation tolerance relaxed to achieve convergence from 6.4083495070892790e-16 to 6.4085448195892793e-16 seconds.
Warning: Simulation tolerance relaxed to achieve convergence from 6.4085448195892793e-16 to 6.4087401320892796e-16 seconds.
Warning: Simulation tolerance relaxed to achieve convergence from 6.4087401320892796e-16 to 6.4089354445892800e-16 seconds.
Warning: Simulation tolerance relaxed to achieve convergence from 6.4089354445892800e-16 to 6.4091307570892803e-16 seconds.
Warning: Simulation tolerance relaxed to achieve convergence from 6.4091307570892803e-16 to 6.4093260695892806e-16 seconds.
Warning: Simulation tolerance relaxed to achieve convergence from 6.4093260695892806e-16 to 6.4095213820892810e-16 seconds.
Warning: Simulation tolerance relaxed to achieve convergence from 6.4095213820892810e-16 to 6.4097166945892813e-16 seconds.
Warning: Simulation tolerance relaxed to achieve convergence from 6.4097166945892813e-16 to 6.4099120070892816e-16 seconds.
Warning: Simulation tolerance relaxed to achieve convergence from 6.4099120070892816e-16 to 6.4101073195892820e-16 seconds.
Warning: Simulation tolerance relaxed to achieve convergence from 6.4101073195892820e-16 to 6.4103026320892823e-16 seconds.
Warning: Simulation tolerance relaxed to achieve convergence from 6.4103026320892823e-16 to 6.4104979445892826e-16 seconds.
Warning: Simulation tolerance relaxed to achieve convergence from 6.4104979445892826e-16 to 6.4106932570892830e-16 seconds.
Warning: Simulation tolerance relaxed to achieve convergence from 6.4106932570892830e-16 to 6.4108885695892833e-16 seconds.
Warning: Simulation tolerance relaxed to achieve convergence from 6.4108885695892833e-16 to 6.4110838820892836e-16 seconds.
Warning: Simulation tolerance relaxed to achieve convergence from 6.4110838820892836e-16 to 6.4112791945892840e-16 seconds.
Warning: Simulation tolerance relaxed to achieve convergence from 6.4112791945892840e-16 to 6.4114745070892843e-16 seconds.
Warning: Simulation tolerance relaxed to achieve convergence from 6.4114745070892843e-16 to 6.4116698195892846e-16 seconds.
Warning: Simulation tolerance relaxed to achieve convergence from 6.4116698195892846e-16 to 6.4118651320892850e-16 seconds.
Warning: Simulation tolerance relaxed to achieve convergence from 6.4118651320892850e-16 to 6.4120604445892853e-16 seconds.
Warning: Simulation tolerance relaxed to achieve convergence from 6.4120604445892853e-16 to 6.4122557570892856e-16 seconds.
Warning: Simulation tolerance relaxed to achieve convergence from 6.4122557570892856e-16 to 6.4124510695892860e-16 seconds.
Warning: Simulation tolerance relaxed to achieve convergence from 6.4124510695892860e-16 to 6.4126463820892863e-16 seconds.
Warning: Simulation tolerance relaxed to achieve convergence from 6.4126463820892863e-16 to 6.4128416945892867e-16 seconds.
Warning: Simulation tolerance relaxed to achieve convergence from 6.4128416945892867e-16 to 6.4130370070892870e-16 seconds.
Warning: Simulation tolerance relaxed to achieve convergence from 6.4130370070892870e-16 to 6.4132323195892873e-16 seconds.
Warning: Simulation tolerance relaxed to achieve convergence from 6.4132323195892873e-16 to 6.4134276320892877e-16 seconds.
Warning: Simulation tolerance relaxed to achieve convergence from 6.4134276320892877e-16 to 6.4136229445892880e-16 seconds.
Warning: Simulation tolerance relaxed to achieve convergence from 6.4136229445892880e-16 to 6.4138182570892883e-16 seconds.
Warning: Simulation tolerance relaxed to achieve convergence from 6.4138182570892883e-16 to 6.4140135695892887e-16 seconds.
Warning: Simulation tolerance relaxed to achieve convergence from 6.4140135695892887e-16 to 6.4142088820892890e-16 seconds.
Warning: Simulation tolerance relaxed to achieve convergence from 6.4142088820892890e-16 to 6.4144041945892893e-16 seconds.
Warning: Simulation tolerance relaxed to achieve convergence from 6.4144041945892893e-16 to 6.4145995070892897e-16 seconds.
Warning: Simulation tolerance relaxed to achieve convergence from 6.4145995070892897e-16 to 6.4147948195892900e-16 seconds.
Warning: Simulation tolerance relaxed to achieve convergence from 6.4147948195892900e-16 to 6.4149901320892903e-16 seconds.
Warning: Simulation tolerance relaxed to achieve convergence from 6.4149901320892903e-16 to 6.4151854445892907e-16 seconds.
Warning: Simulation tolerance relaxed to achieve convergence from 6.4151854445892907e-16 to 6.4153807570892910e-16 seconds.
Warning: Simulation tolerance relaxed to achieve convergence from 6.4153807570892910e-16 to 6.4155760695892913e-16 seconds.
Warning: Simulation tolerance relaxed to achieve convergence from 6.4155760695892913e-16 to 6.4157713820892917e-16 seconds.
Warning: Simulation tolerance relaxed to achieve convergence from 6.4157713820892917e-16 to 6.4159666945892920e-16 seconds.
Warning: Simulation tolerance relaxed to achieve convergence from 6.4159666945892920e-16 to 6.4161620070892923e-16 seconds.
Warning: Simulation tolerance relaxed to achieve convergence from 6.4161620070892923e-16 to 6.4163573195892927e-16 seconds.
Warning: Simulation tolerance relaxed to achieve convergence from 6.4163573195892927e-16 to 6.4165526320892930e-16 seconds.
Warning: Simulation tolerance relaxed to achieve convergence from 6.4165526320892930e-16 to 6.4167479445892933e-16 seconds.
Warning: Simulation tolerance relaxed to achieve convergence from 6.4167479445892933e-16 to 6.4169432570892937e-16 seconds.
Warning: Simulation tolerance relaxed to achieve convergence from 6.4169432570892937e-16 to 6.4171385695892940e-16 seconds.
Warning: Simulation tolerance relaxed to achieve convergence from 6.4171385695892940e-16 to 6.4173338820892943e-16 seconds.
Warning: Simulation tolerance relaxed to achieve convergence from 6.4173338820892943e-16 to 6.4175291945892947e-16 seconds.
Warning: Simulation tolerance relaxed to achieve convergence from 6.4175291945892947e-16 to 6.4177245070892950e-16 seconds.
Warning: Simulation tolerance relaxed to achieve convergence from 6.4177245070892950e-16 to 6.4179198195892953e-16 seconds.
Warning: Simulation tolerance relaxed to achieve convergence from 6.4179198195892953e-16 to 6.4181151320892957e-16 seconds.
Warning: Simulation tolerance relaxed to achieve convergence from 6.4181151320892957e-16 to 6.4183104445892960e-16 seconds.
Warning: Simulation tolerance relaxed to achieve convergence from 6.4183104445892960e-16 to 6.4185057570892964e-16 seconds.
Warning: Simulation tolerance relaxed to achieve convergence from 6.4185057570892964e-16 to 6.4187010695892967e-16 seconds.
Warning: Simulation tolerance relaxed to achieve convergence from 6.4187010695892967e-16 to 6.4188963820892970e-16 seconds.
Warning: Simulation tolerance relaxed to achieve convergence from 6.4188963820892970e-16 to 6.4190916945892974e-16 seconds.
Warning: Simulation tolerance relaxed to achieve convergence from 6.4190916945892974e-16 to 6.4192870070892977e-16 seconds.
Warning: Simulation tolerance relaxed to achieve convergence from 6.4192870070892977e-16 to 6.4194823195892980e-16 seconds.
Warning: Simulation tolerance relaxed to achieve convergence from 6.4194823195892980e-16 to 6.4196776320892984e-16 seconds.
Warning: Simulation tolerance relaxed to achieve convergence from 6.4196776320892984e-16 to 6.4198729445892987e-16 seconds.
Warning: Simulation tolerance relaxed to achieve convergence from 6.4198729445892987e-16 to 6.4200682570892990e-16 seconds.
Warning: Simulation tolerance relaxed to achieve convergence from 6.4200682570892990e-16 to 6.4202635695892994e-16 seconds.
Warning: Simulation tolerance relaxed to achieve convergence from 6.4202635695892994e-16 to 6.4204588820892997e-16 seconds.
Warning: Simulation tolerance relaxed to achieve convergence from 6.4204588820892997e-16 to 6.4206541945893000e-16 seconds.
Warning: Simulation tolerance relaxed to achieve convergence from 6.4206541945893000e-16 to 6.4208495070893004e-16 seconds.
Warning: Simulation tolerance relaxed to achieve convergence from 6.4208495070893004e-16 to 6.4210448195893007e-16 seconds.
Warning: Simulation tolerance relaxed to achieve convergence from 6.4210448195893007e-16 to 6.4212401320893010e-16 seconds.
Warning: Simulation tolerance relaxed to achieve convergence from 6.4212401320893010e-16 to 6.4214354445893014e-16 seconds.
Warning: Simulation tolerance relaxed to achieve convergence from 6.4214354445893014e-16 to 6.4216307570893017e-16 seconds.
Warning: Simulation tolerance relaxed to achieve convergence from 6.4216307570893017e-16 to 6.4218260695893020e-16 seconds.
Warning: Simulation tolerance relaxed to achieve convergence from 6.4218260695893020e-16 to 6.4220213820893024e-16 seconds.
Warning: Simulation tolerance relaxed to achieve convergence from 6.4220213820893024e-16 to 6.4222166945893027e-16 seconds.
Warning: Simulation tolerance relaxed to achieve convergence from 6.4222166945893027e-16 to 6.4224120070893030e-16 seconds.
Warning: Simulation tolerance relaxed to achieve convergence from 6.4224120070893030e-16 to 6.4226073195893034e-16 seconds.
Warning: Simulation tolerance relaxed to achieve convergence from 6.4226073195893034e-16 to 6.4228026320893037e-16 seconds.
Warning: Simulation tolerance relaxed to achieve convergence from 6.4228026320893037e-16 to 6.4229979445893040e-16 seconds.
Warning: Simulation tolerance relaxed to achieve convergence from 6.4229979445893040e-16 to 6.4231932570893044e-16 seconds.
Warning: Simulation tolerance relaxed to achieve convergence from 6.4231932570893044e-16 to 6.4233885695893047e-16 seconds.
Warning: Simulation tolerance relaxed to achieve convergence from 6.4233885695893047e-16 to 6.4235838820893050e-16 seconds.
Warning: Simulation tolerance relaxed to achieve convergence from 6.4235838820893050e-16 to 6.4237791945893054e-16 seconds.
Warning: Simulation tolerance relaxed to achieve convergence from 6.4237791945893054e-16 to 6.4239745070893057e-16 seconds.
Warning: Simulation tolerance relaxed to achieve convergence from 6.4239745070893057e-16 to 6.4241698195893060e-16 seconds.
Warning: Simulation tolerance relaxed to achieve convergence from 6.4241698195893060e-16 to 6.4243651320893064e-16 seconds.
Warning: Simulation tolerance relaxed to achieve convergence from 6.4243651320893064e-16 to 6.4245604445893067e-16 seconds.
Warning: Simulation tolerance relaxed to achieve convergence from 6.4245604445893067e-16 to 6.4247557570893071e-16 seconds.
Warning: Simulation tolerance relaxed to achieve convergence from 6.4247557570893071e-16 to 6.4249510695893074e-16 seconds.
Warning: Simulation tolerance relaxed to achieve convergence from 6.4249510695893074e-16 to 6.4251463820893077e-16 seconds.
Warning: Simulation tolerance relaxed to achieve convergence from 6.4251463820893077e-16 to 6.4253416945893081e-16 seconds.
Warning: Simulation tolerance relaxed to achieve convergence from 6.4253416945893081e-16 to 6.4255370070893084e-16 seconds.
Warning: Simulation tolerance relaxed to achieve convergence from 6.4255370070893084e-16 to 6.4257323195893087e-16 seconds.
Warning: Simulation tolerance relaxed to achieve convergence from 6.4257323195893087e-16 to 6.4259276320893091e-16 seconds.
Warning: Simulation tolerance relaxed to achieve convergence from 6.4259276320893091e-16 to 6.4261229445893094e-16 seconds.
Warning: Simulation tolerance relaxed to achieve convergence from 6.4261229445893094e-16 to 6.4263182570893097e-16 seconds.
Warning: Simulation tolerance relaxed to achieve convergence from 6.4263182570893097e-16 to 6.4265135695893101e-16 seconds.
Warning: Simulation tolerance relaxed to achieve convergence from 6.4265135695893101e-16 to 6.4267088820893104e-16 seconds.
Warning: Simulation tolerance relaxed to achieve convergence from 6.4267088820893104e-16 to 6.4269041945893107e-16 seconds.
Warning: Simulation tolerance relaxed to achieve convergence from 6.4269041945893107e-16 to 6.4270995070893111e-16 seconds.
Warning: Simulation tolerance relaxed to achieve convergence from 6.4270995070893111e-16 to 6.4272948195893114e-16 seconds.
Warning: Simulation tolerance relaxed to achieve convergence from 6.4272948195893114e-16 to 6.4274901320893117e-16 seconds.
Warning: Simulation tolerance relaxed to achieve convergence from 6.4274901320893117e-16 to 6.4276854445893121e-16 seconds.
Warning: Simulation tolerance relaxed to achieve convergence from 6.4276854445893121e-16 to 6.4278807570893124e-16 seconds.
Warning: Simulation tolerance relaxed to achieve convergence from 6.4278807570893124e-16 to 6.4280760695893127e-16 seconds.
Warning: Simulation tolerance relaxed to achieve convergence from 6.4280760695893127e-16 to 6.4282713820893131e-16 seconds.
Warning: Simulation tolerance relaxed to achieve convergence from 6.4282713820893131e-16 to 6.4284666945893134e-16 seconds.
Warning: Simulation tolerance relaxed to achieve convergence from 6.4284666945893134e-16 to 6.4286620070893137e-16 seconds.
Warning: Simulation tolerance relaxed to achieve convergence from 6.4286620070893137e-16 to 6.4288573195893141e-16 seconds.
Warning: Simulation tolerance relaxed to achieve convergence from 6.4288573195893141e-16 to 6.4290526320893144e-16 seconds.
Warning: Simulation tolerance relaxed to achieve convergence from 6.4290526320893144e-16 to 6.4292479445893147e-16 seconds.
Warning: Simulation tolerance relaxed to achieve convergence from 6.4292479445893147e-16 to 6.4294432570893151e-16 seconds.
Warning: Simulation tolerance relaxed to achieve convergence from 6.4294432570893151e-16 to 6.4296385695893154e-16 seconds.
Warning: Simulation tolerance relaxed to achieve convergence from 6.4296385695893154e-16 to 6.4298338820893157e-16 seconds.
Warning: Simulation tolerance relaxed to achieve convergence from 6.4298338820893157e-16 to 6.4300291945893161e-16 seconds.
Warning: Simulation tolerance relaxed to achieve convergence from 6.4300291945893161e-16 to 6.4302245070893164e-16 seconds.
Warning: Simulation tolerance relaxed to achieve convergence from 6.4302245070893164e-16 to 6.4304198195893168e-16 seconds.
Warning: Simulation tolerance relaxed to achieve convergence from 6.4304198195893168e-16 to 6.4306151320893171e-16 seconds.
Warning: Simulation tolerance relaxed to achieve convergence from 6.4306151320893171e-16 to 6.4308104445893174e-16 seconds.
Warning: Simulation tolerance relaxed to achieve convergence from 6.4308104445893174e-16 to 6.4310057570893178e-16 seconds.
Warning: Simulation tolerance relaxed to achieve convergence from 6.4310057570893178e-16 to 6.4312010695893181e-16 seconds.
Warning: Simulation tolerance relaxed to achieve convergence from 6.4312010695893181e-16 to 6.4313963820893184e-16 seconds.
Warning: Simulation tolerance relaxed to achieve convergence from 6.4313963820893184e-16 to 6.4315916945893188e-16 seconds.
Warning: Simulation tolerance relaxed to achieve convergence from 6.4315916945893188e-16 to 6.4317870070893191e-16 seconds.
Warning: Simulation tolerance relaxed to achieve convergence from 6.4317870070893191e-16 to 6.4319823195893194e-16 seconds.
Warning: Simulation tolerance relaxed to achieve convergence from 6.4319823195893194e-16 to 6.4321776320893198e-16 seconds.
Warning: Simulation tolerance relaxed to achieve convergence from 6.4321776320893198e-16 to 6.4323729445893201e-16 seconds.
Warning: Simulation tolerance relaxed to achieve convergence from 6.4323729445893201e-16 to 6.4325682570893204e-16 seconds.
Warning: Simulation tolerance relaxed to achieve convergence from 6.4325682570893204e-16 to 6.4327635695893208e-16 seconds.
Warning: Simulation tolerance relaxed to achieve convergence from 6.4327635695893208e-16 to 6.4329588820893211e-16 seconds.
Warning: Simulation tolerance relaxed to achieve convergence from 6.4329588820893211e-16 to 6.4331541945893214e-16 seconds.
Warning: Simulation tolerance relaxed to achieve convergence from 6.4331541945893214e-16 to 6.4333495070893218e-16 seconds.
Warning: Simulation tolerance relaxed to achieve convergence from 6.4333495070893218e-16 to 6.4335448195893221e-16 seconds.
Warning: Simulation tolerance relaxed to achieve convergence from 6.4335448195893221e-16 to 6.4337401320893224e-16 seconds.
Warning: Simulation tolerance relaxed to achieve convergence from 6.4337401320893224e-16 to 6.4339354445893228e-16 seconds.
Warning: Simulation tolerance relaxed to achieve convergence from 6.4339354445893228e-16 to 6.4341307570893231e-16 seconds.
Warning: Simulation tolerance relaxed to achieve convergence from 6.4341307570893231e-16 to 6.4343260695893234e-16 seconds.
Warning: Simulation tolerance relaxed to achieve convergence from 6.4343260695893234e-16 to 6.4345213820893238e-16 seconds.
Warning: Simulation tolerance relaxed to achieve convergence from 6.4345213820893238e-16 to 6.4347166945893241e-16 seconds.
Warning: Simulation tolerance relaxed to achieve convergence from 6.4347166945893241e-16 to 6.4349120070893244e-16 seconds.
Warning: Simulation tolerance relaxed to achieve convergence from 6.4349120070893244e-16 to 6.4351073195893248e-16 seconds.
Warning: Simulation tolerance relaxed to achieve convergence from 6.4351073195893248e-16 to 6.4353026320893251e-16 seconds.
Warning: Simulation tolerance relaxed to achieve convergence from 6.4353026320893251e-16 to 6.4354979445893254e-16 seconds.
Warning: Simulation tolerance relaxed to achieve convergence from 6.4354979445893254e-16 to 6.4356932570893258e-16 seconds.
Warning: Simulation tolerance relaxed to achieve convergence from 6.4356932570893258e-16 to 6.4358885695893261e-16 seconds.
Warning: Simulation tolerance relaxed to achieve convergence from 6.4358885695893261e-16 to 6.4360838820893264e-16 seconds.
Warning: Simulation tolerance relaxed to achieve convergence from 6.4360838820893264e-16 to 6.4362791945893268e-16 seconds.
Warning: Simulation tolerance relaxed to achieve convergence from 6.4362791945893268e-16 to 6.4364745070893271e-16 seconds.
Warning: Simulation tolerance relaxed to achieve convergence from 6.4364745070893271e-16 to 6.4366698195893275e-16 seconds.
Warning: Simulation tolerance relaxed to achieve convergence from 6.4366698195893275e-16 to 6.4368651320893278e-16 seconds.
Warning: Simulation tolerance relaxed to achieve convergence from 6.4368651320893278e-16 to 6.4370604445893281e-16 seconds.
Warning: Simulation tolerance relaxed to achieve convergence from 6.4370604445893281e-16 to 6.4372557570893285e-16 seconds.
Warning: Simulation tolerance relaxed to achieve convergence from 6.4372557570893285e-16 to 6.4374510695893288e-16 seconds.
Warning: Simulation tolerance relaxed to achieve convergence from 6.4374510695893288e-16 to 6.4376463820893291e-16 seconds.
Warning: Simulation tolerance relaxed to achieve convergence from 6.4376463820893291e-16 to 6.4378416945893295e-16 seconds.
Warning: Simulation tolerance relaxed to achieve convergence from 6.4378416945893295e-16 to 6.4380370070893298e-16 seconds.
Warning: Simulation tolerance relaxed to achieve convergence from 6.4380370070893298e-16 to 6.4382323195893301e-16 seconds.
Warning: Simulation tolerance relaxed to achieve convergence from 6.4382323195893301e-16 to 6.4384276320893305e-16 seconds.
Warning: Simulation tolerance relaxed to achieve convergence from 6.4384276320893305e-16 to 6.4386229445893308e-16 seconds.
Warning: Simulation tolerance relaxed to achieve convergence from 6.4386229445893308e-16 to 6.4388182570893311e-16 seconds.
Warning: Simulation tolerance relaxed to achieve convergence from 6.4388182570893311e-16 to 6.4390135695893315e-16 seconds.
Warning: Simulation tolerance relaxed to achieve convergence from 6.4390135695893315e-16 to 6.4392088820893318e-16 seconds.
Warning: Simulation tolerance relaxed to achieve convergence from 6.4392088820893318e-16 to 6.4394041945893321e-16 seconds.
Warning: Simulation tolerance relaxed to achieve convergence from 6.4394041945893321e-16 to 6.4395995070893325e-16 seconds.
Warning: Simulation tolerance relaxed to achieve convergence from 6.4395995070893325e-16 to 6.4397948195893328e-16 seconds.
Warning: Simulation tolerance relaxed to achieve convergence from 6.4397948195893328e-16 to 6.4399901320893331e-16 seconds.
Warning: Simulation tolerance relaxed to achieve convergence from 6.4399901320893331e-16 to 6.4401854445893335e-16 seconds.
Warning: Simulation tolerance relaxed to achieve convergence from 6.4401854445893335e-16 to 6.4403807570893338e-16 seconds.
Warning: Simulation tolerance relaxed to achieve convergence from 6.4403807570893338e-16 to 6.4405760695893341e-16 seconds.
Warning: Simulation tolerance relaxed to achieve convergence from 6.4405760695893341e-16 to 6.4407713820893345e-16 seconds.
Warning: Simulation tolerance relaxed to achieve convergence from 6.4407713820893345e-16 to 6.4409666945893348e-16 seconds.
Warning: Simulation tolerance relaxed to achieve convergence from 6.4409666945893348e-16 to 6.4411620070893351e-16 seconds.
Warning: Simulation tolerance relaxed to achieve convergence from 6.4411620070893351e-16 to 6.4413573195893355e-16 seconds.
Warning: Simulation tolerance relaxed to achieve convergence from 6.4413573195893355e-16 to 6.4415526320893358e-16 seconds.
Warning: Simulation tolerance relaxed to achieve convergence from 6.4415526320893358e-16 to 6.4417479445893361e-16 seconds.
Warning: Simulation tolerance relaxed to achieve convergence from 6.4417479445893361e-16 to 6.4419432570893365e-16 seconds.
Warning: Simulation tolerance relaxed to achieve convergence from 6.4419432570893365e-16 to 6.4421385695893368e-16 seconds.
Warning: Simulation tolerance relaxed to achieve convergence from 6.4421385695893368e-16 to 6.4423338820893372e-16 seconds.
Warning: Simulation tolerance relaxed to achieve convergence from 6.4423338820893372e-16 to 6.4425291945893375e-16 seconds.
Warning: Simulation tolerance relaxed to achieve convergence from 6.4425291945893375e-16 to 6.4427245070893378e-16 seconds.
Warning: Simulation tolerance relaxed to achieve convergence from 6.4427245070893378e-16 to 6.4429198195893382e-16 seconds.
Warning: Simulation tolerance relaxed to achieve convergence from 6.4429198195893382e-16 to 6.4431151320893385e-16 seconds.
Warning: Simulation tolerance relaxed to achieve convergence from 6.4431151320893385e-16 to 6.4433104445893388e-16 seconds.
Warning: Simulation tolerance relaxed to achieve convergence from 6.4433104445893388e-16 to 6.4435057570893392e-16 seconds.
Warning: Simulation tolerance relaxed to achieve convergence from 6.4435057570893392e-16 to 6.4437010695893395e-16 seconds.
Warning: Simulation tolerance relaxed to achieve convergence from 6.4437010695893395e-16 to 6.4438963820893398e-16 seconds.
Warning: Simulation tolerance relaxed to achieve convergence from 6.4438963820893398e-16 to 6.4440916945893402e-16 seconds.
Warning: Simulation tolerance relaxed to achieve convergence from 6.4440916945893402e-16 to 6.4442870070893405e-16 seconds.
Warning: Simulation tolerance relaxed to achieve convergence from 6.4442870070893405e-16 to 6.4444823195893408e-16 seconds.
Warning: Simulation tolerance relaxed to achieve convergence from 6.4444823195893408e-16 to 6.4446776320893412e-16 seconds.
Warning: Simulation tolerance relaxed to achieve convergence from 6.4446776320893412e-16 to 6.4448729445893415e-16 seconds.
Warning: Simulation tolerance relaxed to achieve convergence from 6.4448729445893415e-16 to 6.4450682570893418e-16 seconds.
Warning: Simulation tolerance relaxed to achieve convergence from 6.4450682570893418e-16 to 6.4452635695893422e-16 seconds.
Warning: Simulation tolerance relaxed to achieve convergence from 6.4452635695893422e-16 to 6.4454588820893425e-16 seconds.
Warning: Simulation tolerance relaxed to achieve convergence from 6.4454588820893425e-16 to 6.4456541945893428e-16 seconds.
Warning: Simulation tolerance relaxed to achieve convergence from 6.4456541945893428e-16 to 6.4458495070893432e-16 seconds.
Warning: Simulation tolerance relaxed to achieve convergence from 6.4458495070893432e-16 to 6.4460448195893435e-16 seconds.
Warning: Simulation tolerance relaxed to achieve convergence from 6.4460448195893435e-16 to 6.4462401320893438e-16 seconds.
Warning: Simulation tolerance relaxed to achieve convergence from 6.4462401320893438e-16 to 6.4464354445893442e-16 seconds.
Warning: Simulation tolerance relaxed to achieve convergence from 6.4464354445893442e-16 to 6.4466307570893445e-16 seconds.
Warning: Simulation tolerance relaxed to achieve convergence from 6.4466307570893445e-16 to 6.4468260695893448e-16 seconds.
Warning: Simulation tolerance relaxed to achieve convergence from 6.4468260695893448e-16 to 6.4470213820893452e-16 seconds.
Warning: Simulation tolerance relaxed to achieve convergence from 6.4470213820893452e-16 to 6.4472166945893455e-16 seconds.
Warning: Simulation tolerance relaxed to achieve convergence from 6.4472166945893455e-16 to 6.4474120070893458e-16 seconds.
Warning: Simulation tolerance relaxed to achieve convergence from 6.4474120070893458e-16 to 6.4476073195893462e-16 seconds.
Warning: Simulation tolerance relaxed to achieve convergence from 6.4476073195893462e-16 to 6.4478026320893465e-16 seconds.
Warning: Simulation tolerance relaxed to achieve convergence from 6.4478026320893465e-16 to 6.4479979445893469e-16 seconds.
Warning: Simulation tolerance relaxed to achieve convergence from 6.4479979445893469e-16 to 6.4481932570893472e-16 seconds.
Warning: Simulation tolerance relaxed to achieve convergence from 6.4481932570893472e-16 to 6.4483885695893475e-16 seconds.
Warning: Simulation tolerance relaxed to achieve convergence from 6.4483885695893475e-16 to 6.4485838820893479e-16 seconds.
Warning: Simulation tolerance relaxed to achieve convergence from 6.4485838820893479e-16 to 6.4487791945893482e-16 seconds.
Warning: Simulation tolerance relaxed to achieve convergence from 6.4487791945893482e-16 to 6.4489745070893485e-16 seconds.
Warning: Simulation tolerance relaxed to achieve convergence from 6.4489745070893485e-16 to 6.4491698195893489e-16 seconds.
Warning: Simulation tolerance relaxed to achieve convergence from 6.4491698195893489e-16 to 6.4493651320893492e-16 seconds.
Warning: Simulation tolerance relaxed to achieve convergence from 6.4493651320893492e-16 to 6.4495604445893495e-16 seconds.
Warning: Simulation tolerance relaxed to achieve convergence from 6.4495604445893495e-16 to 6.4497557570893499e-16 seconds.
Warning: Simulation tolerance relaxed to achieve convergence from 6.4497557570893499e-16 to 6.4499510695893502e-16 seconds.
Warning: Simulation tolerance relaxed to achieve convergence from 6.4499510695893502e-16 to 6.4501463820893505e-16 seconds.
Warning: Simulation tolerance relaxed to achieve convergence from 6.4501463820893505e-16 to 6.4503416945893509e-16 seconds.
Warning: Simulation tolerance relaxed to achieve convergence from 6.4503416945893509e-16 to 6.4505370070893512e-16 seconds.
Warning: Simulation tolerance relaxed to achieve convergence from 6.4505370070893512e-16 to 6.4507323195893515e-16 seconds.
Warning: Simulation tolerance relaxed to achieve convergence from 6.4507323195893515e-16 to 6.4509276320893519e-16 seconds.
Warning: Simulation tolerance relaxed to achieve convergence from 6.4509276320893519e-16 to 6.4511229445893522e-16 seconds.
Warning: Simulation tolerance relaxed to achieve convergence from 6.4511229445893522e-16 to 6.4513182570893525e-16 seconds.
Warning: Simulation tolerance relaxed to achieve convergence from 6.4513182570893525e-16 to 6.4515135695893529e-16 seconds.
Warning: Simulation tolerance relaxed to achieve convergence from 6.4515135695893529e-16 to 6.4517088820893532e-16 seconds.
Warning: Simulation tolerance relaxed to achieve convergence from 6.4517088820893532e-16 to 6.4519041945893535e-16 seconds.
Warning: Simulation tolerance relaxed to achieve convergence from 6.4519041945893535e-16 to 6.4520995070893539e-16 seconds.
Warning: Simulation tolerance relaxed to achieve convergence from 6.4520995070893539e-16 to 6.4522948195893542e-16 seconds.
Warning: Simulation tolerance relaxed to achieve convergence from 6.4522948195893542e-16 to 6.4524901320893545e-16 seconds.
Warning: Simulation tolerance relaxed to achieve convergence from 6.4524901320893545e-16 to 6.4526854445893549e-16 seconds.
Warning: Simulation tolerance relaxed to achieve convergence from 6.4526854445893549e-16 to 6.4528807570893552e-16 seconds.
Warning: Simulation tolerance relaxed to achieve convergence from 6.4528807570893552e-16 to 6.4530760695893555e-16 seconds.
Warning: Simulation tolerance relaxed to achieve convergence from 6.4530760695893555e-16 to 6.4532713820893559e-16 seconds.
Warning: Simulation tolerance relaxed to achieve convergence from 6.4532713820893559e-16 to 6.4534666945893562e-16 seconds.
Warning: Simulation tolerance relaxed to achieve convergence from 6.4534666945893562e-16 to 6.4536620070893565e-16 seconds.
Warning: Simulation tolerance relaxed to achieve convergence from 6.4536620070893565e-16 to 6.4538573195893569e-16 seconds.
Warning: Simulation tolerance relaxed to achieve convergence from 6.4538573195893569e-16 to 6.4540526320893572e-16 seconds.
Warning: Simulation tolerance relaxed to achieve convergence from 6.4540526320893572e-16 to 6.4542479445893576e-16 seconds.
Warning: Simulation tolerance relaxed to achieve convergence from 6.4542479445893576e-16 to 6.4544432570893579e-16 seconds.
Warning: Simulation tolerance relaxed to achieve convergence from 6.4544432570893579e-16 to 6.4546385695893582e-16 seconds.
Warning: Simulation tolerance relaxed to achieve convergence from 6.4546385695893582e-16 to 6.4548338820893586e-16 seconds.
Warning: Simulation tolerance relaxed to achieve convergence from 6.4548338820893586e-16 to 6.4550291945893589e-16 seconds.
Warning: Simulation tolerance relaxed to achieve convergence from 6.4550291945893589e-16 to 6.4552245070893592e-16 seconds.
Warning: Simulation tolerance relaxed to achieve convergence from 6.4552245070893592e-16 to 6.4554198195893596e-16 seconds.
Warning: Simulation tolerance relaxed to achieve convergence from 6.4554198195893596e-16 to 6.4556151320893599e-16 seconds.
Warning: Simulation tolerance relaxed to achieve convergence from 6.4556151320893599e-16 to 6.4558104445893602e-16 seconds.
Warning: Simulation tolerance relaxed to achieve convergence from 6.4558104445893602e-16 to 6.4560057570893606e-16 seconds.
Warning: Simulation tolerance relaxed to achieve convergence from 6.4560057570893606e-16 to 6.4562010695893609e-16 seconds.
Warning: Simulation tolerance relaxed to achieve convergence from 6.4562010695893609e-16 to 6.4563963820893612e-16 seconds.
Warning: Simulation tolerance relaxed to achieve convergence from 6.4563963820893612e-16 to 6.4565916945893616e-16 seconds.
Warning: Simulation tolerance relaxed to achieve convergence from 6.4565916945893616e-16 to 6.4567870070893619e-16 seconds.
Warning: Simulation tolerance relaxed to achieve convergence from 6.4567870070893619e-16 to 6.4569823195893622e-16 seconds.
Warning: Simulation tolerance relaxed to achieve convergence from 6.4569823195893622e-16 to 6.4571776320893626e-16 seconds.
Warning: Simulation tolerance relaxed to achieve convergence from 6.4571776320893626e-16 to 6.4573729445893629e-16 seconds.
Warning: Simulation tolerance relaxed to achieve convergence from 6.4573729445893629e-16 to 6.4575682570893632e-16 seconds.
Warning: Simulation tolerance relaxed to achieve convergence from 6.4575682570893632e-16 to 6.4577635695893636e-16 seconds.
Warning: Simulation tolerance relaxed to achieve convergence from 6.4577635695893636e-16 to 6.4579588820893639e-16 seconds.
Warning: Simulation tolerance relaxed to achieve convergence from 6.4579588820893639e-16 to 6.4581541945893642e-16 seconds.
Warning: Simulation tolerance relaxed to achieve convergence from 6.4581541945893642e-16 to 6.4583495070893646e-16 seconds.
Warning: Simulation tolerance relaxed to achieve convergence from 6.4583495070893646e-16 to 6.4585448195893649e-16 seconds.
Warning: Simulation tolerance relaxed to achieve convergence from 6.4585448195893649e-16 to 6.4587401320893652e-16 seconds.
Warning: Simulation tolerance relaxed to achieve convergence from 6.4587401320893652e-16 to 6.4589354445893656e-16 seconds.
Warning: Simulation tolerance relaxed to achieve convergence from 6.4589354445893656e-16 to 6.4591307570893659e-16 seconds.
Warning: Simulation tolerance relaxed to achieve convergence from 6.4591307570893659e-16 to 6.4593260695893662e-16 seconds.
Warning: Simulation tolerance relaxed to achieve convergence from 6.4593260695893662e-16 to 6.4595213820893666e-16 seconds.
Warning: Simulation tolerance relaxed to achieve convergence from 6.4595213820893666e-16 to 6.4597166945893669e-16 seconds.
Warning: Simulation tolerance relaxed to achieve convergence from 6.4597166945893669e-16 to 6.4599120070893673e-16 seconds.
Warning: Simulation tolerance relaxed to achieve convergence from 6.4599120070893673e-16 to 6.4601073195893676e-16 seconds.
Warning: Simulation tolerance relaxed to achieve convergence from 6.4601073195893676e-16 to 6.4603026320893679e-16 seconds.
Warning: Simulation tolerance relaxed to achieve convergence from 6.4603026320893679e-16 to 6.4604979445893683e-16 seconds.
Warning: Simulation tolerance relaxed to achieve convergence from 6.4604979445893683e-16 to 6.4606932570893686e-16 seconds.
Warning: Simulation tolerance relaxed to achieve convergence from 6.4606932570893686e-16 to 6.4608885695893689e-16 seconds.
Warning: Simulation tolerance relaxed to achieve convergence from 6.4608885695893689e-16 to 6.4610838820893693e-16 seconds.
Warning: Simulation tolerance relaxed to achieve convergence from 6.4610838820893693e-16 to 6.4612791945893696e-16 seconds.
Warning: Simulation tolerance relaxed to achieve convergence from 6.4612791945893696e-16 to 6.4614745070893699e-16 seconds.
Warning: Simulation tolerance relaxed to achieve convergence from 6.4614745070893699e-16 to 6.4616698195893703e-16 seconds.
Warning: Simulation tolerance relaxed to achieve convergence from 6.4616698195893703e-16 to 6.4618651320893706e-16 seconds.
Warning: Simulation tolerance relaxed to achieve convergence from 6.4618651320893706e-16 to 6.4620604445893709e-16 seconds.
Warning: Simulation tolerance relaxed to achieve convergence from 6.4620604445893709e-16 to 6.4622557570893713e-16 seconds.
Warning: Simulation tolerance relaxed to achieve convergence from 6.4622557570893713e-16 to 6.4624510695893716e-16 seconds.
Warning: Simulation tolerance relaxed to achieve convergence from 6.4624510695893716e-16 to 6.4626463820893719e-16 seconds.
Warning: Simulation tolerance relaxed to achieve convergence from 6.4626463820893719e-16 to 6.4628416945893723e-16 seconds.
Warning: Simulation tolerance relaxed to achieve convergence from 6.4628416945893723e-16 to 6.4630370070893726e-16 seconds.
Warning: Simulation tolerance relaxed to achieve convergence from 6.4630370070893726e-16 to 6.4632323195893729e-16 seconds.
Warning: Simulation tolerance relaxed to achieve convergence from 6.4632323195893729e-16 to 6.4634276320893733e-16 seconds.
Warning: Simulation tolerance relaxed to achieve convergence from 6.4634276320893733e-16 to 6.4636229445893736e-16 seconds.
Warning: Simulation tolerance relaxed to achieve convergence from 6.4636229445893736e-16 to 6.4638182570893739e-16 seconds.
Warning: Simulation tolerance relaxed to achieve convergence from 6.4638182570893739e-16 to 6.4640135695893743e-16 seconds.
Warning: Simulation tolerance relaxed to achieve convergence from 6.4640135695893743e-16 to 6.4642088820893746e-16 seconds.
Warning: Simulation tolerance relaxed to achieve convergence from 6.4642088820893746e-16 to 6.4644041945893749e-16 seconds.
Warning: Simulation tolerance relaxed to achieve convergence from 6.4644041945893749e-16 to 6.4645995070893753e-16 seconds.
Warning: Simulation tolerance relaxed to achieve convergence from 6.4645995070893753e-16 to 6.4647948195893756e-16 seconds.
Warning: Simulation tolerance relaxed to achieve convergence from 6.4647948195893756e-16 to 6.4649901320893759e-16 seconds.
Warning: Simulation tolerance relaxed to achieve convergence from 6.4649901320893759e-16 to 6.4651854445893763e-16 seconds.
Warning: Simulation tolerance relaxed to achieve convergence from 6.4651854445893763e-16 to 6.4653807570893766e-16 seconds.
Warning: Simulation tolerance relaxed to achieve convergence from 6.4653807570893766e-16 to 6.4655760695893769e-16 seconds.
Warning: Simulation tolerance relaxed to achieve convergence from 6.4655760695893769e-16 to 6.4657713820893773e-16 seconds.
Warning: Simulation tolerance relaxed to achieve convergence from 6.4657713820893773e-16 to 6.4659666945893776e-16 seconds.
Warning: Simulation tolerance relaxed to achieve convergence from 6.4659666945893776e-16 to 6.4661620070893780e-16 seconds.
Warning: Simulation tolerance relaxed to achieve convergence from 6.4661620070893780e-16 to 6.4663573195893783e-16 seconds.
Warning: Simulation tolerance relaxed to achieve convergence from 6.4663573195893783e-16 to 6.4665526320893786e-16 seconds.
Warning: Simulation tolerance relaxed to achieve convergence from 6.4665526320893786e-16 to 6.4667479445893790e-16 seconds.
Warning: Simulation tolerance relaxed to achieve convergence from 6.4667479445893790e-16 to 6.4669432570893793e-16 seconds.
Warning: Simulation tolerance relaxed to achieve convergence from 6.4669432570893793e-16 to 6.4671385695893796e-16 seconds.
Warning: Simulation tolerance relaxed to achieve convergence from 6.4671385695893796e-16 to 6.4673338820893800e-16 seconds.
Warning: Simulation tolerance relaxed to achieve convergence from 6.4673338820893800e-16 to 6.4675291945893803e-16 seconds.
Warning: Simulation tolerance relaxed to achieve convergence from 6.4675291945893803e-16 to 6.4677245070893806e-16 seconds.
Warning: Simulation tolerance relaxed to achieve convergence from 6.4677245070893806e-16 to 6.4679198195893810e-16 seconds.
Warning: Simulation tolerance relaxed to achieve convergence from 6.4679198195893810e-16 to 6.4681151320893813e-16 seconds.
Warning: Simulation tolerance relaxed to achieve convergence from 6.4681151320893813e-16 to 6.4683104445893816e-16 seconds.
Warning: Simulation tolerance relaxed to achieve convergence from 6.4683104445893816e-16 to 6.4685057570893820e-16 seconds.
Warning: Simulation tolerance relaxed to achieve convergence from 6.4685057570893820e-16 to 6.4687010695893823e-16 seconds.
Warning: Simulation tolerance relaxed to achieve convergence from 6.4687010695893823e-16 to 6.4688963820893826e-16 seconds.
Warning: Simulation tolerance relaxed to achieve convergence from 6.4688963820893826e-16 to 6.4690916945893830e-16 seconds.
Warning: Simulation tolerance relaxed to achieve convergence from 6.4690916945893830e-16 to 6.4692870070893833e-16 seconds.
Warning: Simulation tolerance relaxed to achieve convergence from 6.4692870070893833e-16 to 6.4694823195893836e-16 seconds.
Warning: Simulation tolerance relaxed to achieve convergence from 6.4694823195893836e-16 to 6.4696776320893840e-16 seconds.
Warning: Simulation tolerance relaxed to achieve convergence from 6.4696776320893840e-16 to 6.4698729445893843e-16 seconds.
Warning: Simulation tolerance relaxed to achieve convergence from 6.4698729445893843e-16 to 6.4700682570893846e-16 seconds.
Warning: Simulation tolerance relaxed to achieve convergence from 6.4700682570893846e-16 to 6.4702635695893850e-16 seconds.
Warning: Simulation tolerance relaxed to achieve convergence from 6.4702635695893850e-16 to 6.4704588820893853e-16 seconds.
Warning: Simulation tolerance relaxed to achieve convergence from 6.4704588820893853e-16 to 6.4706541945893856e-16 seconds.
Warning: Simulation tolerance relaxed to achieve convergence from 6.4706541945893856e-16 to 6.4708495070893860e-16 seconds.
Warning: Simulation tolerance relaxed to achieve convergence from 6.4708495070893860e-16 to 6.4710448195893863e-16 seconds.
Warning: Simulation tolerance relaxed to achieve convergence from 6.4710448195893863e-16 to 6.4712401320893866e-16 seconds.
Warning: Simulation tolerance relaxed to achieve convergence from 6.4712401320893866e-16 to 6.4714354445893870e-16 seconds.
Warning: Simulation tolerance relaxed to achieve convergence from 6.4714354445893870e-16 to 6.4716307570893873e-16 seconds.
Warning: Simulation tolerance relaxed to achieve convergence from 6.4716307570893873e-16 to 6.4718260695893877e-16 seconds.
Warning: Simulation tolerance relaxed to achieve convergence from 6.4718260695893877e-16 to 6.4720213820893880e-16 seconds.
Warning: Simulation tolerance relaxed to achieve convergence from 6.4720213820893880e-16 to 6.4722166945893883e-16 seconds.
Warning: Simulation tolerance relaxed to achieve convergence from 6.4722166945893883e-16 to 6.4724120070893887e-16 seconds.
Warning: Simulation tolerance relaxed to achieve convergence from 6.4724120070893887e-16 to 6.4726073195893890e-16 seconds.
Warning: Simulation tolerance relaxed to achieve convergence from 6.4726073195893890e-16 to 6.4728026320893893e-16 seconds.
Warning: Simulation tolerance relaxed to achieve convergence from 6.4728026320893893e-16 to 6.4729979445893897e-16 seconds.
Warning: Simulation tolerance relaxed to achieve convergence from 6.4729979445893897e-16 to 6.4731932570893900e-16 seconds.
Warning: Simulation tolerance relaxed to achieve convergence from 6.4731932570893900e-16 to 6.4733885695893903e-16 seconds.
Warning: Simulation tolerance relaxed to achieve convergence from 6.4733885695893903e-16 to 6.4735838820893907e-16 seconds.
Warning: Simulation tolerance relaxed to achieve convergence from 6.4735838820893907e-16 to 6.4737791945893910e-16 seconds.
Warning: Simulation tolerance relaxed to achieve convergence from 6.4737791945893910e-16 to 6.4739745070893913e-16 seconds.
Warning: Simulation tolerance relaxed to achieve convergence from 6.4739745070893913e-16 to 6.4741698195893917e-16 seconds.
Warning: Simulation tolerance relaxed to achieve convergence from 6.4741698195893917e-16 to 6.4743651320893920e-16 seconds.
Warning: Simulation tolerance relaxed to achieve convergence from 6.4743651320893920e-16 to 6.4745604445893923e-16 seconds.
Warning: Simulation tolerance relaxed to achieve convergence from 6.4745604445893923e-16 to 6.4747557570893927e-16 seconds.
Warning: Simulation tolerance relaxed to achieve convergence from 6.4747557570893927e-16 to 6.4749510695893930e-16 seconds.
Warning: Simulation tolerance relaxed to achieve convergence from 6.4749510695893930e-16 to 6.4751463820893933e-16 seconds.
Warning: Simulation tolerance relaxed to achieve convergence from 6.4751463820893933e-16 to 6.4753416945893937e-16 seconds.
Warning: Simulation tolerance relaxed to achieve convergence from 6.4753416945893937e-16 to 6.4755370070893940e-16 seconds.
Warning: Simulation tolerance relaxed to achieve convergence from 6.4755370070893940e-16 to 6.4757323195893943e-16 seconds.
Warning: Simulation tolerance relaxed to achieve convergence from 6.4757323195893943e-16 to 6.4759276320893947e-16 seconds.
Warning: Simulation tolerance relaxed to achieve convergence from 6.4759276320893947e-16 to 6.4761229445893950e-16 seconds.
Warning: Simulation tolerance relaxed to achieve convergence from 6.4761229445893950e-16 to 6.4763182570893953e-16 seconds.
Warning: Simulation tolerance relaxed to achieve convergence from 6.4763182570893953e-16 to 6.4765135695893957e-16 seconds.
Warning: Simulation tolerance relaxed to achieve convergence from 6.4765135695893957e-16 to 6.4767088820893960e-16 seconds.
Warning: Simulation tolerance relaxed to achieve convergence from 6.4767088820893960e-16 to 6.4769041945893963e-16 seconds.
Warning: Simulation tolerance relaxed to achieve convergence from 6.4769041945893963e-16 to 6.4770995070893967e-16 seconds.
Warning: Simulation tolerance relaxed to achieve convergence from 6.4770995070893967e-16 to 6.4772948195893970e-16 seconds.
Warning: Simulation tolerance relaxed to achieve convergence from 6.4772948195893970e-16 to 6.4774901320893973e-16 seconds.
Warning: Simulation tolerance relaxed to achieve convergence from 6.4774901320893973e-16 to 6.4776854445893977e-16 seconds.
Warning: Simulation tolerance relaxed to achieve convergence from 6.4776854445893977e-16 to 6.4778807570893980e-16 seconds.
Warning: Simulation tolerance relaxed to achieve convergence from 6.4778807570893980e-16 to 6.4780760695893984e-16 seconds.
Warning: Simulation tolerance relaxed to achieve convergence from 6.4780760695893984e-16 to 6.4782713820893987e-16 seconds.
Warning: Simulation tolerance relaxed to achieve convergence from 6.4782713820893987e-16 to 6.4784666945893990e-16 seconds.
Warning: Simulation tolerance relaxed to achieve convergence from 6.4784666945893990e-16 to 6.4786620070893994e-16 seconds.
Warning: Simulation tolerance relaxed to achieve convergence from 6.4786620070893994e-16 to 6.4788573195893997e-16 seconds.
Warning: Simulation tolerance relaxed to achieve convergence from 6.4788573195893997e-16 to 6.4790526320894000e-16 seconds.
Warning: Simulation tolerance relaxed to achieve convergence from 6.4790526320894000e-16 to 6.4792479445894004e-16 seconds.
Warning: Simulation tolerance relaxed to achieve convergence from 6.4792479445894004e-16 to 6.4794432570894007e-16 seconds.
Warning: Simulation tolerance relaxed to achieve convergence from 6.4794432570894007e-16 to 6.4796385695894010e-16 seconds.
Warning: Simulation tolerance relaxed to achieve convergence from 6.4796385695894010e-16 to 6.4798338820894014e-16 seconds.
Warning: Simulation tolerance relaxed to achieve convergence from 6.4798338820894014e-16 to 6.4800291945894017e-16 seconds.
Warning: Simulation tolerance relaxed to achieve convergence from 6.4800291945894017e-16 to 6.4802245070894020e-16 seconds.
Warning: Simulation tolerance relaxed to achieve convergence from 6.4802245070894020e-16 to 6.4804198195894024e-16 seconds.
Warning: Simulation tolerance relaxed to achieve convergence from 6.4804198195894024e-16 to 6.4806151320894027e-16 seconds.
Warning: Simulation tolerance relaxed to achieve convergence from 6.4806151320894027e-16 to 6.4808104445894030e-16 seconds.
Warning: Simulation tolerance relaxed to achieve convergence from 6.4808104445894030e-16 to 6.4810057570894034e-16 seconds.
Warning: Simulation tolerance relaxed to achieve convergence from 6.4810057570894034e-16 to 6.4812010695894037e-16 seconds.
Warning: Simulation tolerance relaxed to achieve convergence from 6.4812010695894037e-16 to 6.4813963820894040e-16 seconds.
Warning: Simulation tolerance relaxed to achieve convergence from 6.4813963820894040e-16 to 6.4815916945894044e-16 seconds.
Warning: Simulation tolerance relaxed to achieve convergence from 6.4815916945894044e-16 to 6.4817870070894047e-16 seconds.
Warning: Simulation tolerance relaxed to achieve convergence from 6.4817870070894047e-16 to 6.4819823195894050e-16 seconds.
Warning: Simulation tolerance relaxed to achieve convergence from 6.4819823195894050e-16 to 6.4821776320894054e-16 seconds.
Warning: Simulation tolerance relaxed to achieve convergence from 6.4821776320894054e-16 to 6.4823729445894057e-16 seconds.
Warning: Simulation tolerance relaxed to achieve convergence from 6.4823729445894057e-16 to 6.4825682570894060e-16 seconds.
Warning: Simulation tolerance relaxed to achieve convergence from 6.4825682570894060e-16 to 6.4827635695894064e-16 seconds.
Warning: Simulation tolerance relaxed to achieve convergence from 6.4827635695894064e-16 to 6.4829588820894067e-16 seconds.
Warning: Simulation tolerance relaxed to achieve convergence from 6.4829588820894067e-16 to 6.4831541945894070e-16 seconds.
Warning: Simulation tolerance relaxed to achieve convergence from 6.4831541945894070e-16 to 6.4833495070894074e-16 seconds.
Warning: Simulation tolerance relaxed to achieve convergence from 6.4833495070894074e-16 to 6.4835448195894077e-16 seconds.
Warning: Simulation tolerance relaxed to achieve convergence from 6.4835448195894077e-16 to 6.4837401320894081e-16 seconds.
Warning: Simulation tolerance relaxed to achieve convergence from 6.4837401320894081e-16 to 6.4839354445894084e-16 seconds.
Warning: Simulation tolerance relaxed to achieve convergence from 6.4839354445894084e-16 to 6.4841307570894087e-16 seconds.
Warning: Simulation tolerance relaxed to achieve convergence from 6.4841307570894087e-16 to 6.4843260695894091e-16 seconds.
Warning: Simulation tolerance relaxed to achieve convergence from 6.4843260695894091e-16 to 6.4845213820894094e-16 seconds.
Warning: Simulation tolerance relaxed to achieve convergence from 6.4845213820894094e-16 to 6.4847166945894097e-16 seconds.
Warning: Simulation tolerance relaxed to achieve convergence from 6.4847166945894097e-16 to 6.4849120070894101e-16 seconds.
Warning: Simulation tolerance relaxed to achieve convergence from 6.4849120070894101e-16 to 6.4851073195894104e-16 seconds.
Warning: Simulation tolerance relaxed to achieve convergence from 6.4851073195894104e-16 to 6.4853026320894107e-16 seconds.
Warning: Simulation tolerance relaxed to achieve convergence from 6.4853026320894107e-16 to 6.4854979445894111e-16 seconds.
Warning: Simulation tolerance relaxed to achieve convergence from 6.4854979445894111e-16 to 6.4856932570894114e-16 seconds.
Warning: Simulation tolerance relaxed to achieve convergence from 6.4856932570894114e-16 to 6.4858885695894117e-16 seconds.
Warning: Simulation tolerance relaxed to achieve convergence from 6.4858885695894117e-16 to 6.4860838820894121e-16 seconds.
Warning: Simulation tolerance relaxed to achieve convergence from 6.4860838820894121e-16 to 6.4862791945894124e-16 seconds.
Warning: Simulation tolerance relaxed to achieve convergence from 6.4862791945894124e-16 to 6.4864745070894127e-16 seconds.
Warning: Simulation tolerance relaxed to achieve convergence from 6.4864745070894127e-16 to 6.4866698195894131e-16 seconds.
Warning: Simulation tolerance relaxed to achieve convergence from 6.4866698195894131e-16 to 6.4868651320894134e-16 seconds.
Warning: Simulation tolerance relaxed to achieve convergence from 6.4868651320894134e-16 to 6.4870604445894137e-16 seconds.
Warning: Simulation tolerance relaxed to achieve convergence from 6.4870604445894137e-16 to 6.4872557570894141e-16 seconds.
Warning: Simulation tolerance relaxed to achieve convergence from 6.4872557570894141e-16 to 6.4874510695894144e-16 seconds.
Warning: Simulation tolerance relaxed to achieve convergence from 6.4874510695894144e-16 to 6.4876463820894147e-16 seconds.
Warning: Simulation tolerance relaxed to achieve convergence from 6.4876463820894147e-16 to 6.4878416945894151e-16 seconds.
Warning: Simulation tolerance relaxed to achieve convergence from 6.4878416945894151e-16 to 6.4880370070894154e-16 seconds.
Warning: Simulation tolerance relaxed to achieve convergence from 6.4880370070894154e-16 to 6.4882323195894157e-16 seconds.
Warning: Simulation tolerance relaxed to achieve convergence from 6.4882323195894157e-16 to 6.4884276320894161e-16 seconds.
Warning: Simulation tolerance relaxed to achieve convergence from 6.4884276320894161e-16 to 6.4886229445894164e-16 seconds.
Warning: Simulation tolerance relaxed to achieve convergence from 6.4886229445894164e-16 to 6.4888182570894167e-16 seconds.
Warning: Simulation tolerance relaxed to achieve convergence from 6.4888182570894167e-16 to 6.4890135695894171e-16 seconds.
Warning: Simulation tolerance relaxed to achieve convergence from 6.4890135695894171e-16 to 6.4892088820894174e-16 seconds.
Warning: Simulation tolerance relaxed to achieve convergence from 6.4892088820894174e-16 to 6.4894041945894178e-16 seconds.
Warning: Simulation tolerance relaxed to achieve convergence from 6.4894041945894178e-16 to 6.4895995070894181e-16 seconds.
Warning: Simulation tolerance relaxed to achieve convergence from 6.4895995070894181e-16 to 6.4897948195894184e-16 seconds.
Warning: Simulation tolerance relaxed to achieve convergence from 6.4897948195894184e-16 to 6.4899901320894188e-16 seconds.
Warning: Simulation tolerance relaxed to achieve convergence from 6.4899901320894188e-16 to 6.4901854445894191e-16 seconds.
Warning: Simulation tolerance relaxed to achieve convergence from 6.4901854445894191e-16 to 6.4903807570894194e-16 seconds.
Warning: Simulation tolerance relaxed to achieve convergence from 6.4903807570894194e-16 to 6.4905760695894198e-16 seconds.
Warning: Simulation tolerance relaxed to achieve convergence from 6.4905760695894198e-16 to 6.4907713820894201e-16 seconds.
Warning: Simulation tolerance relaxed to achieve convergence from 6.4907713820894201e-16 to 6.4909666945894204e-16 seconds.
Warning: Simulation tolerance relaxed to achieve convergence from 6.4909666945894204e-16 to 6.4911620070894208e-16 seconds.
Warning: Simulation tolerance relaxed to achieve convergence from 6.4911620070894208e-16 to 6.4913573195894211e-16 seconds.
Warning: Simulation tolerance relaxed to achieve convergence from 6.4913573195894211e-16 to 6.4915526320894214e-16 seconds.
Warning: Simulation tolerance relaxed to achieve convergence from 6.4915526320894214e-16 to 6.4917479445894218e-16 seconds.
Warning: Simulation tolerance relaxed to achieve convergence from 6.4917479445894218e-16 to 6.4919432570894221e-16 seconds.
Warning: Simulation tolerance relaxed to achieve convergence from 6.4919432570894221e-16 to 6.4921385695894224e-16 seconds.
Warning: Simulation tolerance relaxed to achieve convergence from 6.4921385695894224e-16 to 6.4923338820894228e-16 seconds.
Warning: Simulation tolerance relaxed to achieve convergence from 6.4923338820894228e-16 to 6.4925291945894231e-16 seconds.
Warning: Simulation tolerance relaxed to achieve convergence from 6.4925291945894231e-16 to 6.4927245070894234e-16 seconds.
Warning: Simulation tolerance relaxed to achieve convergence from 6.4927245070894234e-16 to 6.4929198195894238e-16 seconds.
Warning: Simulation tolerance relaxed to achieve convergence from 6.4929198195894238e-16 to 6.4931151320894241e-16 seconds.
Warning: Simulation tolerance relaxed to achieve convergence from 6.4931151320894241e-16 to 6.4933104445894244e-16 seconds.
Warning: Simulation tolerance relaxed to achieve convergence from 6.4933104445894244e-16 to 6.4935057570894248e-16 seconds.
Warning: Simulation tolerance relaxed to achieve convergence from 6.4935057570894248e-16 to 6.4937010695894251e-16 seconds.
Warning: Simulation tolerance relaxed to achieve convergence from 6.4937010695894251e-16 to 6.4938963820894254e-16 seconds.
Warning: Simulation tolerance relaxed to achieve convergence from 6.4938963820894254e-16 to 6.4940916945894258e-16 seconds.
Warning: Simulation tolerance relaxed to achieve convergence from 6.4940916945894258e-16 to 6.4942870070894261e-16 seconds.
Warning: Simulation tolerance relaxed to achieve convergence from 6.4942870070894261e-16 to 6.4944823195894264e-16 seconds.
Warning: Simulation tolerance relaxed to achieve convergence from 6.4944823195894264e-16 to 6.4946776320894268e-16 seconds.
Warning: Simulation tolerance relaxed to achieve convergence from 6.4946776320894268e-16 to 6.4948729445894271e-16 seconds.
Warning: Simulation tolerance relaxed to achieve convergence from 6.4948729445894271e-16 to 6.4950682570894274e-16 seconds.
Warning: Simulation tolerance relaxed to achieve convergence from 6.4950682570894274e-16 to 6.4952635695894278e-16 seconds.
Warning: Simulation tolerance relaxed to achieve convergence from 6.4952635695894278e-16 to 6.4954588820894281e-16 seconds.
Warning: Simulation tolerance relaxed to achieve convergence from 6.4954588820894281e-16 to 6.4956541945894285e-16 seconds.
Warning: Simulation tolerance relaxed to achieve convergence from 6.4956541945894285e-16 to 6.4958495070894288e-16 seconds.
Warning: Simulation tolerance relaxed to achieve convergence from 6.4958495070894288e-16 to 6.4960448195894291e-16 seconds.
Warning: Simulation tolerance relaxed to achieve convergence from 6.4960448195894291e-16 to 6.4962401320894295e-16 seconds.
Warning: Simulation tolerance relaxed to achieve convergence from 6.4962401320894295e-16 to 6.4964354445894298e-16 seconds.
Warning: Simulation tolerance relaxed to achieve convergence from 6.4964354445894298e-16 to 6.4966307570894301e-16 seconds.
Warning: Simulation tolerance relaxed to achieve convergence from 6.4966307570894301e-16 to 6.4968260695894305e-16 seconds.
Warning: Simulation tolerance relaxed to achieve convergence from 6.4968260695894305e-16 to 6.4970213820894308e-16 seconds.
Warning: Simulation tolerance relaxed to achieve convergence from 6.4970213820894308e-16 to 6.4972166945894311e-16 seconds.
Warning: Simulation tolerance relaxed to achieve convergence from 6.4972166945894311e-16 to 6.4974120070894315e-16 seconds.
Warning: Simulation tolerance relaxed to achieve convergence from 6.4974120070894315e-16 to 6.4976073195894318e-16 seconds.
Warning: Simulation tolerance relaxed to achieve convergence from 6.4976073195894318e-16 to 6.4978026320894321e-16 seconds.
Warning: Simulation tolerance relaxed to achieve convergence from 6.4978026320894321e-16 to 6.4979979445894325e-16 seconds.
Warning: Simulation tolerance relaxed to achieve convergence from 6.4979979445894325e-16 to 6.4981932570894328e-16 seconds.
Warning: Simulation tolerance relaxed to achieve convergence from 6.4981932570894328e-16 to 6.4983885695894331e-16 seconds.
Warning: Simulation tolerance relaxed to achieve convergence from 6.4983885695894331e-16 to 6.4985838820894335e-16 seconds.
Warning: Simulation tolerance relaxed to achieve convergence from 6.4985838820894335e-16 to 6.4987791945894338e-16 seconds.
Warning: Simulation tolerance relaxed to achieve convergence from 6.4987791945894338e-16 to 6.4989745070894341e-16 seconds.
Warning: Simulation tolerance relaxed to achieve convergence from 6.4989745070894341e-16 to 6.4991698195894345e-16 seconds.
Warning: Simulation tolerance relaxed to achieve convergence from 6.4991698195894345e-16 to 6.4993651320894348e-16 seconds.
Warning: Simulation tolerance relaxed to achieve convergence from 6.4993651320894348e-16 to 6.4995604445894351e-16 seconds.
Warning: Simulation tolerance relaxed to achieve convergence from 6.4995604445894351e-16 to 6.4997557570894355e-16 seconds.
Warning: Simulation tolerance relaxed to achieve convergence from 6.4997557570894355e-16 to 6.4999510695894358e-16 seconds.
Warning: Simulation tolerance relaxed to achieve convergence from 6.4999510695894358e-16 to 6.5001463820894361e-16 seconds.
Warning: Simulation tolerance relaxed to achieve convergence from 6.5001463820894361e-16 to 6.5003416945894365e-16 seconds.
Warning: Simulation tolerance relaxed to achieve convergence from 6.5003416945894365e-16 to 6.5005370070894368e-16 seconds.
Warning: Simulation tolerance relaxed to achieve convergence from 6.5005370070894368e-16 to 6.5007323195894371e-16 seconds.
Warning: Simulation tolerance relaxed to achieve convergence from 6.5007323195894371e-16 to 6.5009276320894375e-16 seconds.
Warning: Simulation tolerance relaxed to achieve convergence from 6.5009276320894375e-16 to 6.5011229445894378e-16 seconds.
Warning: Simulation tolerance relaxed to achieve convergence from 6.5011229445894378e-16 to 6.5013182570894382e-16 seconds.
Warning: Simulation tolerance relaxed to achieve convergence from 6.5013182570894382e-16 to 6.5015135695894385e-16 seconds.
Warning: Simulation tolerance relaxed to achieve convergence from 6.5015135695894385e-16 to 6.5017088820894388e-16 seconds.
Warning: Simulation tolerance relaxed to achieve convergence from 6.5017088820894388e-16 to 6.5019041945894392e-16 seconds.
Warning: Simulation tolerance relaxed to achieve convergence from 6.5019041945894392e-16 to 6.5020995070894395e-16 seconds.
Warning: Simulation tolerance relaxed to achieve convergence from 6.5020995070894395e-16 to 6.5022948195894398e-16 seconds.
Warning: Simulation tolerance relaxed to achieve convergence from 6.5022948195894398e-16 to 6.5024901320894402e-16 seconds.
Warning: Simulation tolerance relaxed to achieve convergence from 6.5024901320894402e-16 to 6.5026854445894405e-16 seconds.
Warning: Simulation tolerance relaxed to achieve convergence from 6.5026854445894405e-16 to 6.5028807570894408e-16 seconds.
Warning: Simulation tolerance relaxed to achieve convergence from 6.5028807570894408e-16 to 6.5030760695894412e-16 seconds.
Warning: Simulation tolerance relaxed to achieve convergence from 6.5030760695894412e-16 to 6.5032713820894415e-16 seconds.
Warning: Simulation tolerance relaxed to achieve convergence from 6.5032713820894415e-16 to 6.5034666945894418e-16 seconds.
Warning: Simulation tolerance relaxed to achieve convergence from 6.5034666945894418e-16 to 6.5036620070894422e-16 seconds.
Warning: Simulation tolerance relaxed to achieve convergence from 6.5036620070894422e-16 to 6.5038573195894425e-16 seconds.
Warning: Simulation tolerance relaxed to achieve convergence from 6.5038573195894425e-16 to 6.5040526320894428e-16 seconds.
Warning: Simulation tolerance relaxed to achieve convergence from 6.5040526320894428e-16 to 6.5042479445894432e-16 seconds.
Warning: Simulation tolerance relaxed to achieve convergence from 6.5042479445894432e-16 to 6.5044432570894435e-16 seconds.
Warning: Simulation tolerance relaxed to achieve convergence from 6.5044432570894435e-16 to 6.5046385695894438e-16 seconds.
Warning: Simulation tolerance relaxed to achieve convergence from 6.5046385695894438e-16 to 6.5048338820894442e-16 seconds.
Warning: Simulation tolerance relaxed to achieve convergence from 6.5048338820894442e-16 to 6.5050291945894445e-16 seconds.
Warning: Simulation tolerance relaxed to achieve convergence from 6.5050291945894445e-16 to 6.5052245070894448e-16 seconds.
Warning: Simulation tolerance relaxed to achieve convergence from 6.5052245070894448e-16 to 6.5054198195894452e-16 seconds.
Warning: Simulation tolerance relaxed to achieve convergence from 6.5054198195894452e-16 to 6.5056151320894455e-16 seconds.
Warning: Simulation tolerance relaxed to achieve convergence from 6.5056151320894455e-16 to 6.5058104445894458e-16 seconds.
Warning: Simulation tolerance relaxed to achieve convergence from 6.5058104445894458e-16 to 6.5060057570894462e-16 seconds.
Warning: Simulation tolerance relaxed to achieve convergence from 6.5060057570894462e-16 to 6.5062010695894465e-16 seconds.
Warning: Simulation tolerance relaxed to achieve convergence from 6.5062010695894465e-16 to 6.5063963820894468e-16 seconds.
Warning: Simulation tolerance relaxed to achieve convergence from 6.5063963820894468e-16 to 6.5065916945894472e-16 seconds.
Warning: Simulation tolerance relaxed to achieve convergence from 6.5065916945894472e-16 to 6.5067870070894475e-16 seconds.
Warning: Simulation tolerance relaxed to achieve convergence from 6.5067870070894475e-16 to 6.5069823195894478e-16 seconds.
Warning: Simulation tolerance relaxed to achieve convergence from 6.5069823195894478e-16 to 6.5071776320894482e-16 seconds.
Warning: Simulation tolerance relaxed to achieve convergence from 6.5071776320894482e-16 to 6.5073729445894485e-16 seconds.
Warning: Simulation tolerance relaxed to achieve convergence from 6.5073729445894485e-16 to 6.5075682570894489e-16 seconds.
Warning: Simulation tolerance relaxed to achieve convergence from 6.5075682570894489e-16 to 6.5077635695894492e-16 seconds.
Warning: Simulation tolerance relaxed to achieve convergence from 6.5077635695894492e-16 to 6.5079588820894495e-16 seconds.
Warning: Simulation tolerance relaxed to achieve convergence from 6.5079588820894495e-16 to 6.5081541945894499e-16 seconds.
Warning: Simulation tolerance relaxed to achieve convergence from 6.5081541945894499e-16 to 6.5083495070894502e-16 seconds.
Warning: Simulation tolerance relaxed to achieve convergence from 6.5083495070894502e-16 to 6.5085448195894505e-16 seconds.
Warning: Simulation tolerance relaxed to achieve convergence from 6.5085448195894505e-16 to 6.5087401320894509e-16 seconds.
Warning: Simulation tolerance relaxed to achieve convergence from 6.5087401320894509e-16 to 6.5089354445894512e-16 seconds.
Warning: Simulation tolerance relaxed to achieve convergence from 6.5089354445894512e-16 to 6.5091307570894515e-16 seconds.
Warning: Simulation tolerance relaxed to achieve convergence from 6.5091307570894515e-16 to 6.5093260695894519e-16 seconds.
Warning: Simulation tolerance relaxed to achieve convergence from 6.5093260695894519e-16 to 6.5095213820894522e-16 seconds.
Warning: Simulation tolerance relaxed to achieve convergence from 6.5095213820894522e-16 to 6.5097166945894525e-16 seconds.
Warning: Simulation tolerance relaxed to achieve convergence from 6.5097166945894525e-16 to 6.5099120070894529e-16 seconds.
Warning: Simulation tolerance relaxed to achieve convergence from 6.5099120070894529e-16 to 6.5101073195894532e-16 seconds.
Warning: Simulation tolerance relaxed to achieve convergence from 6.5101073195894532e-16 to 6.5103026320894535e-16 seconds.
Warning: Simulation tolerance relaxed to achieve convergence from 6.5103026320894535e-16 to 6.5104979445894539e-16 seconds.
Warning: Simulation tolerance relaxed to achieve convergence from 6.5104979445894539e-16 to 6.5106932570894542e-16 seconds.
Warning: Simulation tolerance relaxed to achieve convergence from 6.5106932570894542e-16 to 6.5108885695894545e-16 seconds.
Warning: Simulation tolerance relaxed to achieve convergence from 6.5108885695894545e-16 to 6.5110838820894549e-16 seconds.
Warning: Simulation tolerance relaxed to achieve convergence from 6.5110838820894549e-16 to 6.5112791945894552e-16 seconds.
Warning: Simulation tolerance relaxed to achieve convergence from 6.5112791945894552e-16 to 6.5114745070894555e-16 seconds.
Warning: Simulation tolerance relaxed to achieve convergence from 6.5114745070894555e-16 to 6.5116698195894559e-16 seconds.
Warning: Simulation tolerance relaxed to achieve convergence from 6.5116698195894559e-16 to 6.5118651320894562e-16 seconds.
Warning: Simulation tolerance relaxed to achieve convergence from 6.5118651320894562e-16 to 6.5120604445894565e-16 seconds.
Warning: Simulation tolerance relaxed to achieve convergence from 6.5120604445894565e-16 to 6.5122557570894569e-16 seconds.
Warning: Simulation tolerance relaxed to achieve convergence from 6.5122557570894569e-16 to 6.5124510695894572e-16 seconds.
Warning: Simulation tolerance relaxed to achieve convergence from 6.5124510695894572e-16 to 6.5126463820894575e-16 seconds.
Warning: Simulation tolerance relaxed to achieve convergence from 6.5126463820894575e-16 to 6.5128416945894579e-16 seconds.
Warning: Simulation tolerance relaxed to achieve convergence from 6.5128416945894579e-16 to 6.5130370070894582e-16 seconds.
Warning: Simulation tolerance relaxed to achieve convergence from 6.5130370070894582e-16 to 6.5132323195894586e-16 seconds.
Warning: Simulation tolerance relaxed to achieve convergence from 6.5132323195894586e-16 to 6.5134276320894589e-16 seconds.
Warning: Simulation tolerance relaxed to achieve convergence from 6.5134276320894589e-16 to 6.5136229445894592e-16 seconds.
Warning: Simulation tolerance relaxed to achieve convergence from 6.5136229445894592e-16 to 6.5138182570894596e-16 seconds.
Warning: Simulation tolerance relaxed to achieve convergence from 6.5138182570894596e-16 to 6.5140135695894599e-16 seconds.
Warning: Simulation tolerance relaxed to achieve convergence from 6.5140135695894599e-16 to 6.5142088820894602e-16 seconds.
Warning: Simulation tolerance relaxed to achieve convergence from 6.5142088820894602e-16 to 6.5144041945894606e-16 seconds.
Warning: Simulation tolerance relaxed to achieve convergence from 6.5144041945894606e-16 to 6.5145995070894609e-16 seconds.
Warning: Simulation tolerance relaxed to achieve convergence from 6.5145995070894609e-16 to 6.5147948195894612e-16 seconds.
Warning: Simulation tolerance relaxed to achieve convergence from 6.5147948195894612e-16 to 6.5149901320894616e-16 seconds.
Warning: Simulation tolerance relaxed to achieve convergence from 6.5149901320894616e-16 to 6.5151854445894619e-16 seconds.
Warning: Simulation tolerance relaxed to achieve convergence from 6.5151854445894619e-16 to 6.5153807570894622e-16 seconds.
Warning: Simulation tolerance relaxed to achieve convergence from 6.5153807570894622e-16 to 6.5155760695894626e-16 seconds.
Warning: Simulation tolerance relaxed to achieve convergence from 6.5155760695894626e-16 to 6.5157713820894629e-16 seconds.
Warning: Simulation tolerance relaxed to achieve convergence from 6.5157713820894629e-16 to 6.5159666945894632e-16 seconds.
Warning: Simulation tolerance relaxed to achieve convergence from 6.5159666945894632e-16 to 6.5161620070894636e-16 seconds.
Warning: Simulation tolerance relaxed to achieve convergence from 6.5161620070894636e-16 to 6.5163573195894639e-16 seconds.
Warning: Simulation tolerance relaxed to achieve convergence from 6.5163573195894639e-16 to 6.5165526320894642e-16 seconds.
Warning: Simulation tolerance relaxed to achieve convergence from 6.5165526320894642e-16 to 6.5167479445894646e-16 seconds.
Warning: Simulation tolerance relaxed to achieve convergence from 6.5167479445894646e-16 to 6.5169432570894649e-16 seconds.
Warning: Simulation tolerance relaxed to achieve convergence from 6.5169432570894649e-16 to 6.5171385695894652e-16 seconds.
Warning: Simulation tolerance relaxed to achieve convergence from 6.5171385695894652e-16 to 6.5173338820894656e-16 seconds.
Warning: Simulation tolerance relaxed to achieve convergence from 6.5173338820894656e-16 to 6.5175291945894659e-16 seconds.
Warning: Simulation tolerance relaxed to achieve convergence from 6.5175291945894659e-16 to 6.5177245070894662e-16 seconds.
Warning: Simulation tolerance relaxed to achieve convergence from 6.5177245070894662e-16 to 6.5179198195894666e-16 seconds.
Warning: Simulation tolerance relaxed to achieve convergence from 6.5179198195894666e-16 to 6.5181151320894669e-16 seconds.
Warning: Simulation tolerance relaxed to achieve convergence from 6.5181151320894669e-16 to 6.5183104445894672e-16 seconds.
Warning: Simulation tolerance relaxed to achieve convergence from 6.5183104445894672e-16 to 6.5185057570894676e-16 seconds.
Warning: Simulation tolerance relaxed to achieve convergence from 6.5185057570894676e-16 to 6.5187010695894679e-16 seconds.
Warning: Simulation tolerance relaxed to achieve convergence from 6.5187010695894679e-16 to 6.5188963820894682e-16 seconds.
Warning: Simulation tolerance relaxed to achieve convergence from 6.5188963820894682e-16 to 6.5190916945894686e-16 seconds.
Warning: Simulation tolerance relaxed to achieve convergence from 6.5190916945894686e-16 to 6.5192870070894689e-16 seconds.
Warning: Simulation tolerance relaxed to achieve convergence from 6.5192870070894689e-16 to 6.5194823195894693e-16 seconds.
Warning: Simulation tolerance relaxed to achieve convergence from 6.5194823195894693e-16 to 6.5196776320894696e-16 seconds.
Warning: Simulation tolerance relaxed to achieve convergence from 6.5196776320894696e-16 to 6.5198729445894699e-16 seconds.
Warning: Simulation tolerance relaxed to achieve convergence from 6.5198729445894699e-16 to 6.5200682570894703e-16 seconds.
Warning: Simulation tolerance relaxed to achieve convergence from 6.5200682570894703e-16 to 6.5202635695894706e-16 seconds.
Warning: Simulation tolerance relaxed to achieve convergence from 6.5202635695894706e-16 to 6.5204588820894709e-16 seconds.
Warning: Simulation tolerance relaxed to achieve convergence from 6.5204588820894709e-16 to 6.5206541945894713e-16 seconds.
Warning: Simulation tolerance relaxed to achieve convergence from 6.5206541945894713e-16 to 6.5208495070894716e-16 seconds.
Warning: Simulation tolerance relaxed to achieve convergence from 6.5208495070894716e-16 to 6.5210448195894719e-16 seconds.
Warning: Simulation tolerance relaxed to achieve convergence from 6.5210448195894719e-16 to 6.5212401320894723e-16 seconds.
Warning: Simulation tolerance relaxed to achieve convergence from 6.5212401320894723e-16 to 6.5214354445894726e-16 seconds.
Warning: Simulation tolerance relaxed to achieve convergence from 6.5214354445894726e-16 to 6.5216307570894729e-16 seconds.
Warning: Simulation tolerance relaxed to achieve convergence from 6.5216307570894729e-16 to 6.5218260695894733e-16 seconds.
Warning: Simulation tolerance relaxed to achieve convergence from 6.5218260695894733e-16 to 6.5220213820894736e-16 seconds.
Warning: Simulation tolerance relaxed to achieve convergence from 6.5220213820894736e-16 to 6.5222166945894739e-16 seconds.
Warning: Simulation tolerance relaxed to achieve convergence from 6.5222166945894739e-16 to 6.5224120070894743e-16 seconds.
Warning: Simulation tolerance relaxed to achieve convergence from 6.5224120070894743e-16 to 6.5226073195894746e-16 seconds.
Warning: Simulation tolerance relaxed to achieve convergence from 6.5226073195894746e-16 to 6.5228026320894749e-16 seconds.
Warning: Simulation tolerance relaxed to achieve convergence from 6.5228026320894749e-16 to 6.5229979445894753e-16 seconds.
Warning: Simulation tolerance relaxed to achieve convergence from 6.5229979445894753e-16 to 6.5231932570894756e-16 seconds.
Warning: Simulation tolerance relaxed to achieve convergence from 6.5231932570894756e-16 to 6.5233885695894759e-16 seconds.
Warning: Simulation tolerance relaxed to achieve convergence from 6.5233885695894759e-16 to 6.5235838820894763e-16 seconds.
Warning: Simulation tolerance relaxed to achieve convergence from 6.5235838820894763e-16 to 6.5237791945894766e-16 seconds.
Warning: Simulation tolerance relaxed to achieve convergence from 6.5237791945894766e-16 to 6.5239745070894769e-16 seconds.
Warning: Simulation tolerance relaxed to achieve convergence from 6.5239745070894769e-16 to 6.5241698195894773e-16 seconds.
Warning: Simulation tolerance relaxed to achieve convergence from 6.5241698195894773e-16 to 6.5243651320894776e-16 seconds.
Warning: Simulation tolerance relaxed to achieve convergence from 6.5243651320894776e-16 to 6.5245604445894779e-16 seconds.
Warning: Simulation tolerance relaxed to achieve convergence from 6.5245604445894779e-16 to 6.5247557570894783e-16 seconds.
Warning: Simulation tolerance relaxed to achieve convergence from 6.5247557570894783e-16 to 6.5249510695894786e-16 seconds.
Warning: Simulation tolerance relaxed to achieve convergence from 6.5249510695894786e-16 to 6.5251463820894790e-16 seconds.
Warning: Simulation tolerance relaxed to achieve convergence from 6.5251463820894790e-16 to 6.5253416945894793e-16 seconds.
Warning: Simulation tolerance relaxed to achieve convergence from 6.5253416945894793e-16 to 6.5255370070894796e-16 seconds.
Warning: Simulation tolerance relaxed to achieve convergence from 6.5255370070894796e-16 to 6.5257323195894800e-16 seconds.
Warning: Simulation tolerance relaxed to achieve convergence from 6.5257323195894800e-16 to 6.5259276320894803e-16 seconds.
Warning: Simulation tolerance relaxed to achieve convergence from 6.5259276320894803e-16 to 6.5261229445894806e-16 seconds.
Warning: Simulation tolerance relaxed to achieve convergence from 6.5261229445894806e-16 to 6.5263182570894810e-16 seconds.
Warning: Simulation tolerance relaxed to achieve convergence from 6.5263182570894810e-16 to 6.5265135695894813e-16 seconds.
Warning: Simulation tolerance relaxed to achieve convergence from 6.5265135695894813e-16 to 6.5267088820894816e-16 seconds.
Warning: Simulation tolerance relaxed to achieve convergence from 6.5267088820894816e-16 to 6.5269041945894820e-16 seconds.
Warning: Simulation tolerance relaxed to achieve convergence from 6.5269041945894820e-16 to 6.5270995070894823e-16 seconds.
Warning: Simulation tolerance relaxed to achieve convergence from 6.5270995070894823e-16 to 6.5272948195894826e-16 seconds.
Warning: Simulation tolerance relaxed to achieve convergence from 6.5272948195894826e-16 to 6.5274901320894830e-16 seconds.
Warning: Simulation tolerance relaxed to achieve convergence from 6.5274901320894830e-16 to 6.5276854445894833e-16 seconds.
Warning: Simulation tolerance relaxed to achieve convergence from 6.5276854445894833e-16 to 6.5278807570894836e-16 seconds.
Warning: Simulation tolerance relaxed to achieve convergence from 6.5278807570894836e-16 to 6.5280760695894840e-16 seconds.
Warning: Simulation tolerance relaxed to achieve convergence from 6.5280760695894840e-16 to 6.5282713820894843e-16 seconds.
Warning: Simulation tolerance relaxed to achieve convergence from 6.5282713820894843e-16 to 6.5284666945894846e-16 seconds.
Warning: Simulation tolerance relaxed to achieve convergence from 6.5284666945894846e-16 to 6.5286620070894850e-16 seconds.
Warning: Simulation tolerance relaxed to achieve convergence from 6.5286620070894850e-16 to 6.5288573195894853e-16 seconds.
Warning: Simulation tolerance relaxed to achieve convergence from 6.5288573195894853e-16 to 6.5290526320894856e-16 seconds.
Warning: Simulation tolerance relaxed to achieve convergence from 6.5290526320894856e-16 to 6.5292479445894860e-16 seconds.
Warning: Simulation tolerance relaxed to achieve convergence from 6.5292479445894860e-16 to 6.5294432570894863e-16 seconds.
Warning: Simulation tolerance relaxed to achieve convergence from 6.5294432570894863e-16 to 6.5296385695894866e-16 seconds.
Warning: Simulation tolerance relaxed to achieve convergence from 6.5296385695894866e-16 to 6.5298338820894870e-16 seconds.
Warning: Simulation tolerance relaxed to achieve convergence from 6.5298338820894870e-16 to 6.5300291945894873e-16 seconds.
Warning: Simulation tolerance relaxed to achieve convergence from 6.5300291945894873e-16 to 6.5302245070894876e-16 seconds.
Warning: Simulation tolerance relaxed to achieve convergence from 6.5302245070894876e-16 to 6.5304198195894880e-16 seconds.
Warning: Simulation tolerance relaxed to achieve convergence from 6.5304198195894880e-16 to 6.5306151320894883e-16 seconds.
Warning: Simulation tolerance relaxed to achieve convergence from 6.5306151320894883e-16 to 6.5308104445894887e-16 seconds.
Warning: Simulation tolerance relaxed to achieve convergence from 6.5308104445894887e-16 to 6.5310057570894890e-16 seconds.
Warning: Simulation tolerance relaxed to achieve convergence from 6.5310057570894890e-16 to 6.5312010695894893e-16 seconds.
Warning: Simulation tolerance relaxed to achieve convergence from 6.5312010695894893e-16 to 6.5313963820894897e-16 seconds.
Warning: Simulation tolerance relaxed to achieve convergence from 6.5313963820894897e-16 to 6.5315916945894900e-16 seconds.
Warning: Simulation tolerance relaxed to achieve convergence from 6.5315916945894900e-16 to 6.5317870070894903e-16 seconds.
Warning: Simulation tolerance relaxed to achieve convergence from 6.5317870070894903e-16 to 6.5319823195894907e-16 seconds.
Warning: Simulation tolerance relaxed to achieve convergence from 6.5319823195894907e-16 to 6.5321776320894910e-16 seconds.
Warning: Simulation tolerance relaxed to achieve convergence from 6.5321776320894910e-16 to 6.5323729445894913e-16 seconds.
Warning: Simulation tolerance relaxed to achieve convergence from 6.5323729445894913e-16 to 6.5325682570894917e-16 seconds.
Warning: Simulation tolerance relaxed to achieve convergence from 6.5325682570894917e-16 to 6.5327635695894920e-16 seconds.
Warning: Simulation tolerance relaxed to achieve convergence from 6.5327635695894920e-16 to 6.5329588820894923e-16 seconds.
Warning: Simulation tolerance relaxed to achieve convergence from 6.5329588820894923e-16 to 6.5331541945894927e-16 seconds.
Warning: Simulation tolerance relaxed to achieve convergence from 6.5331541945894927e-16 to 6.5333495070894930e-16 seconds.
Warning: Simulation tolerance relaxed to achieve convergence from 6.5333495070894930e-16 to 6.5335448195894933e-16 seconds.
Warning: Simulation tolerance relaxed to achieve convergence from 6.5335448195894933e-16 to 6.5337401320894937e-16 seconds.
Warning: Simulation tolerance relaxed to achieve convergence from 6.5337401320894937e-16 to 6.5339354445894940e-16 seconds.
Warning: Simulation tolerance relaxed to achieve convergence from 6.5339354445894940e-16 to 6.5341307570894943e-16 seconds.
Warning: Simulation tolerance relaxed to achieve convergence from 6.5341307570894943e-16 to 6.5343260695894947e-16 seconds.
Warning: Simulation tolerance relaxed to achieve convergence from 6.5343260695894947e-16 to 6.5345213820894950e-16 seconds.
Warning: Simulation tolerance relaxed to achieve convergence from 6.5345213820894950e-16 to 6.5347166945894953e-16 seconds.
Warning: Simulation tolerance relaxed to achieve convergence from 6.5347166945894953e-16 to 6.5349120070894957e-16 seconds.
Warning: Simulation tolerance relaxed to achieve convergence from 6.5349120070894957e-16 to 6.5351073195894960e-16 seconds.
Warning: Simulation tolerance relaxed to achieve convergence from 6.5351073195894960e-16 to 6.5353026320894963e-16 seconds.
Warning: Simulation tolerance relaxed to achieve convergence from 6.5353026320894963e-16 to 6.5354979445894967e-16 seconds.
Warning: Simulation tolerance relaxed to achieve convergence from 6.5354979445894967e-16 to 6.5356932570894970e-16 seconds.
Warning: Simulation tolerance relaxed to achieve convergence from 6.5356932570894970e-16 to 6.5358885695894973e-16 seconds.
Warning: Simulation tolerance relaxed to achieve convergence from 6.5358885695894973e-16 to 6.5360838820894977e-16 seconds.
Warning: Simulation tolerance relaxed to achieve convergence from 6.5360838820894977e-16 to 6.5362791945894980e-16 seconds.
Warning: Simulation tolerance relaxed to achieve convergence from 6.5362791945894980e-16 to 6.5364745070894983e-16 seconds.
Warning: Simulation tolerance relaxed to achieve convergence from 6.5364745070894983e-16 to 6.5366698195894987e-16 seconds.
Warning: Simulation tolerance relaxed to achieve convergence from 6.5366698195894987e-16 to 6.5368651320894990e-16 seconds.
Warning: Simulation tolerance relaxed to achieve convergence from 6.5368651320894990e-16 to 6.5370604445894994e-16 seconds.
Warning: Simulation tolerance relaxed to achieve convergence from 6.5370604445894994e-16 to 6.5372557570894997e-16 seconds.
Warning: Simulation tolerance relaxed to achieve convergence from 6.5372557570894997e-16 to 6.5374510695895000e-16 seconds.
Warning: Simulation tolerance relaxed to achieve convergence from 6.5374510695895000e-16 to 6.5376463820895004e-16 seconds.
Warning: Simulation tolerance relaxed to achieve convergence from 6.5376463820895004e-16 to 6.5378416945895007e-16 seconds.
Warning: Simulation tolerance relaxed to achieve convergence from 6.5378416945895007e-16 to 6.5380370070895010e-16 seconds.
Warning: Simulation tolerance relaxed to achieve convergence from 6.5380370070895010e-16 to 6.5382323195895014e-16 seconds.
Warning: Simulation tolerance relaxed to achieve convergence from 6.5382323195895014e-16 to 6.5384276320895017e-16 seconds.
Warning: Simulation tolerance relaxed to achieve convergence from 6.5384276320895017e-16 to 6.5386229445895020e-16 seconds.
Warning: Simulation tolerance relaxed to achieve convergence from 6.5386229445895020e-16 to 6.5388182570895024e-16 seconds.
Warning: Simulation tolerance relaxed to achieve convergence from 6.5388182570895024e-16 to 6.5390135695895027e-16 seconds.
Warning: Simulation tolerance relaxed to achieve convergence from 6.5390135695895027e-16 to 6.5392088820895030e-16 seconds.
Warning: Simulation tolerance relaxed to achieve convergence from 6.5392088820895030e-16 to 6.5394041945895034e-16 seconds.
Warning: Simulation tolerance relaxed to achieve convergence from 6.5394041945895034e-16 to 6.5395995070895037e-16 seconds.
Warning: Simulation tolerance relaxed to achieve convergence from 6.5395995070895037e-16 to 6.5397948195895040e-16 seconds.
Warning: Simulation tolerance relaxed to achieve convergence from 6.5397948195895040e-16 to 6.5399901320895044e-16 seconds.
Warning: Simulation tolerance relaxed to achieve convergence from 6.5399901320895044e-16 to 6.5401854445895047e-16 seconds.
Warning: Simulation tolerance relaxed to achieve convergence from 6.5401854445895047e-16 to 6.5403807570895050e-16 seconds.
Warning: Simulation tolerance relaxed to achieve convergence from 6.5403807570895050e-16 to 6.5405760695895054e-16 seconds.
Warning: Simulation tolerance relaxed to achieve convergence from 6.5405760695895054e-16 to 6.5407713820895057e-16 seconds.
Warning: Simulation tolerance relaxed to achieve convergence from 6.5407713820895057e-16 to 6.5409666945895060e-16 seconds.
Warning: Simulation tolerance relaxed to achieve convergence from 6.5409666945895060e-16 to 6.5411620070895064e-16 seconds.
Warning: Simulation tolerance relaxed to achieve convergence from 6.5411620070895064e-16 to 6.5413573195895067e-16 seconds.
Warning: Simulation tolerance relaxed to achieve convergence from 6.5413573195895067e-16 to 6.5415526320895070e-16 seconds.
Warning: Simulation tolerance relaxed to achieve convergence from 6.5415526320895070e-16 to 6.5417479445895074e-16 seconds.
Warning: Simulation tolerance relaxed to achieve convergence from 6.5417479445895074e-16 to 6.5419432570895077e-16 seconds.
Warning: Simulation tolerance relaxed to achieve convergence from 6.5419432570895077e-16 to 6.5421385695895080e-16 seconds.
Warning: Simulation tolerance relaxed to achieve convergence from 6.5421385695895080e-16 to 6.5423338820895084e-16 seconds.
Warning: Simulation tolerance relaxed to achieve convergence from 6.5423338820895084e-16 to 6.5425291945895087e-16 seconds.
Warning: Simulation tolerance relaxed to achieve convergence from 6.5425291945895087e-16 to 6.5427245070895091e-16 seconds.
Warning: Simulation tolerance relaxed to achieve convergence from 6.5427245070895091e-16 to 6.5429198195895094e-16 seconds.
Warning: Simulation tolerance relaxed to achieve convergence from 6.5429198195895094e-16 to 6.5431151320895097e-16 seconds.
Warning: Simulation tolerance relaxed to achieve convergence from 6.5431151320895097e-16 to 6.5433104445895101e-16 seconds.
Warning: Simulation tolerance relaxed to achieve convergence from 6.5433104445895101e-16 to 6.5435057570895104e-16 seconds.
Warning: Simulation tolerance relaxed to achieve convergence from 6.5435057570895104e-16 to 6.5437010695895107e-16 seconds.
Warning: Simulation tolerance relaxed to achieve convergence from 6.5437010695895107e-16 to 6.5438963820895111e-16 seconds.
Warning: Simulation tolerance relaxed to achieve convergence from 6.5438963820895111e-16 to 6.5440916945895114e-16 seconds.
Warning: Simulation tolerance relaxed to achieve convergence from 6.5440916945895114e-16 to 6.5442870070895117e-16 seconds.
Warning: Simulation tolerance relaxed to achieve convergence from 6.5442870070895117e-16 to 6.5444823195895121e-16 seconds.
Warning: Simulation tolerance relaxed to achieve convergence from 6.5444823195895121e-16 to 6.5446776320895124e-16 seconds.
Warning: Simulation tolerance relaxed to achieve convergence from 6.5446776320895124e-16 to 6.5448729445895127e-16 seconds.
Warning: Simulation tolerance relaxed to achieve convergence from 6.5448729445895127e-16 to 6.5450682570895131e-16 seconds.
Warning: Simulation tolerance relaxed to achieve convergence from 6.5450682570895131e-16 to 6.5452635695895134e-16 seconds.
Warning: Simulation tolerance relaxed to achieve convergence from 6.5452635695895134e-16 to 6.5454588820895137e-16 seconds.
Warning: Simulation tolerance relaxed to achieve convergence from 6.5454588820895137e-16 to 6.5456541945895141e-16 seconds.
Warning: Simulation tolerance relaxed to achieve convergence from 6.5456541945895141e-16 to 6.5458495070895144e-16 seconds.
Warning: Simulation tolerance relaxed to achieve convergence from 6.5458495070895144e-16 to 6.5460448195895147e-16 seconds.
Warning: Simulation tolerance relaxed to achieve convergence from 6.5460448195895147e-16 to 6.5462401320895151e-16 seconds.
Warning: Simulation tolerance relaxed to achieve convergence from 6.5462401320895151e-16 to 6.5464354445895154e-16 seconds.
Warning: Simulation tolerance relaxed to achieve convergence from 6.5464354445895154e-16 to 6.5466307570895157e-16 seconds.
Warning: Simulation tolerance relaxed to achieve convergence from 6.5466307570895157e-16 to 6.5468260695895161e-16 seconds.
Warning: Simulation tolerance relaxed to achieve convergence from 6.5468260695895161e-16 to 6.5470213820895164e-16 seconds.
Warning: Simulation tolerance relaxed to achieve convergence from 6.5470213820895164e-16 to 6.5472166945895167e-16 seconds.
Warning: Simulation tolerance relaxed to achieve convergence from 6.5472166945895167e-16 to 6.5474120070895171e-16 seconds.
Warning: Simulation tolerance relaxed to achieve convergence from 6.5474120070895171e-16 to 6.5476073195895174e-16 seconds.
Warning: Simulation tolerance relaxed to achieve convergence from 6.5476073195895174e-16 to 6.5478026320895177e-16 seconds.
Warning: Simulation tolerance relaxed to achieve convergence from 6.5478026320895177e-16 to 6.5479979445895181e-16 seconds.
Warning: Simulation tolerance relaxed to achieve convergence from 6.5479979445895181e-16 to 6.5481932570895184e-16 seconds.
Warning: Simulation tolerance relaxed to achieve convergence from 6.5481932570895184e-16 to 6.5483885695895187e-16 seconds.
Warning: Simulation tolerance relaxed to achieve convergence from 6.5483885695895187e-16 to 6.5485838820895191e-16 seconds.
Warning: Simulation tolerance relaxed to achieve convergence from 6.5485838820895191e-16 to 6.5487791945895194e-16 seconds.
Warning: Simulation tolerance relaxed to achieve convergence from 6.5487791945895194e-16 to 6.5489745070895198e-16 seconds.
Warning: Simulation tolerance relaxed to achieve convergence from 6.5489745070895198e-16 to 6.5491698195895201e-16 seconds.
Warning: Simulation tolerance relaxed to achieve convergence from 6.5491698195895201e-16 to 6.5493651320895204e-16 seconds.
Warning: Simulation tolerance relaxed to achieve convergence from 6.5493651320895204e-16 to 6.5495604445895208e-16 seconds.
Warning: Simulation tolerance relaxed to achieve convergence from 6.5495604445895208e-16 to 6.5497557570895211e-16 seconds.
Warning: Simulation tolerance relaxed to achieve convergence from 6.5497557570895211e-16 to 6.5499510695895214e-16 seconds.
Warning: Simulation tolerance relaxed to achieve convergence from 6.5499510695895214e-16 to 6.5501463820895218e-16 seconds.
Warning: Simulation tolerance relaxed to achieve convergence from 6.5501463820895218e-16 to 6.5503416945895221e-16 seconds.
Warning: Simulation tolerance relaxed to achieve convergence from 6.5503416945895221e-16 to 6.5505370070895224e-16 seconds.
Warning: Simulation tolerance relaxed to achieve convergence from 6.5505370070895224e-16 to 6.5507323195895228e-16 seconds.
Warning: Simulation tolerance relaxed to achieve convergence from 6.5507323195895228e-16 to 6.5509276320895231e-16 seconds.
Warning: Simulation tolerance relaxed to achieve convergence from 6.5509276320895231e-16 to 6.5511229445895234e-16 seconds.
Warning: Simulation tolerance relaxed to achieve convergence from 6.5511229445895234e-16 to 6.5513182570895238e-16 seconds.
Warning: Simulation tolerance relaxed to achieve convergence from 6.5513182570895238e-16 to 6.5515135695895241e-16 seconds.
Warning: Simulation tolerance relaxed to achieve convergence from 6.5515135695895241e-16 to 6.5517088820895244e-16 seconds.
Warning: Simulation tolerance relaxed to achieve convergence from 6.5517088820895244e-16 to 6.5519041945895248e-16 seconds.
Warning: Simulation tolerance relaxed to achieve convergence from 6.5519041945895248e-16 to 6.5520995070895251e-16 seconds.
Warning: Simulation tolerance relaxed to achieve convergence from 6.5520995070895251e-16 to 6.5522948195895254e-16 seconds.
Warning: Simulation tolerance relaxed to achieve convergence from 6.5522948195895254e-16 to 6.5524901320895258e-16 seconds.
Warning: Simulation tolerance relaxed to achieve convergence from 6.5524901320895258e-16 to 6.5526854445895261e-16 seconds.
Warning: Simulation tolerance relaxed to achieve convergence from 6.5526854445895261e-16 to 6.5528807570895264e-16 seconds.
Warning: Simulation tolerance relaxed to achieve convergence from 6.5528807570895264e-16 to 6.5530760695895268e-16 seconds.
Warning: Simulation tolerance relaxed to achieve convergence from 6.5530760695895268e-16 to 6.5532713820895271e-16 seconds.
Warning: Simulation tolerance relaxed to achieve convergence from 6.5532713820895271e-16 to 6.5534666945895274e-16 seconds.
Warning: Simulation tolerance relaxed to achieve convergence from 6.5534666945895274e-16 to 6.5536620070895278e-16 seconds.
Warning: Simulation tolerance relaxed to achieve convergence from 6.5536620070895278e-16 to 6.5538573195895281e-16 seconds.
Warning: Simulation tolerance relaxed to achieve convergence from 6.5538573195895281e-16 to 6.5540526320895284e-16 seconds.
Warning: Simulation tolerance relaxed to achieve convergence from 6.5540526320895284e-16 to 6.5542479445895288e-16 seconds.
Warning: Simulation tolerance relaxed to achieve convergence from 6.5542479445895288e-16 to 6.5544432570895291e-16 seconds.
Warning: Simulation tolerance relaxed to achieve convergence from 6.5544432570895291e-16 to 6.5546385695895295e-16 seconds.
Warning: Simulation tolerance relaxed to achieve convergence from 6.5546385695895295e-16 to 6.5548338820895298e-16 seconds.
Warning: Simulation tolerance relaxed to achieve convergence from 6.5548338820895298e-16 to 6.5550291945895301e-16 seconds.
Warning: Simulation tolerance relaxed to achieve convergence from 6.5550291945895301e-16 to 6.5552245070895305e-16 seconds.
Warning: Simulation tolerance relaxed to achieve convergence from 6.5552245070895305e-16 to 6.5554198195895308e-16 seconds.
Warning: Simulation tolerance relaxed to achieve convergence from 6.5554198195895308e-16 to 6.5556151320895311e-16 seconds.
Warning: Simulation tolerance relaxed to achieve convergence from 6.5556151320895311e-16 to 6.5558104445895315e-16 seconds.
Warning: Simulation tolerance relaxed to achieve convergence from 6.5558104445895315e-16 to 6.5560057570895318e-16 seconds.
Warning: Simulation tolerance relaxed to achieve convergence from 6.5560057570895318e-16 to 6.5562010695895321e-16 seconds.
Warning: Simulation tolerance relaxed to achieve convergence from 6.5562010695895321e-16 to 6.5563963820895325e-16 seconds.
Warning: Simulation tolerance relaxed to achieve convergence from 6.5563963820895325e-16 to 6.5565916945895328e-16 seconds.
Warning: Simulation tolerance relaxed to achieve convergence from 6.5565916945895328e-16 to 6.5567870070895331e-16 seconds.
Warning: Simulation tolerance relaxed to achieve convergence from 6.5567870070895331e-16 to 6.5569823195895335e-16 seconds.
Warning: Simulation tolerance relaxed to achieve convergence from 6.5569823195895335e-16 to 6.5571776320895338e-16 seconds.
Warning: Simulation tolerance relaxed to achieve convergence from 6.5571776320895338e-16 to 6.5573729445895341e-16 seconds.
Warning: Simulation tolerance relaxed to achieve convergence from 6.5573729445895341e-16 to 6.5575682570895345e-16 seconds.
Warning: Simulation tolerance relaxed to achieve convergence from 6.5575682570895345e-16 to 6.5577635695895348e-16 seconds.
Warning: Simulation tolerance relaxed to achieve convergence from 6.5577635695895348e-16 to 6.5579588820895351e-16 seconds.
Warning: Simulation tolerance relaxed to achieve convergence from 6.5579588820895351e-16 to 6.5581541945895355e-16 seconds.
Warning: Simulation tolerance relaxed to achieve convergence from 6.5581541945895355e-16 to 6.5583495070895358e-16 seconds.
Warning: Simulation tolerance relaxed to achieve convergence from 6.5583495070895358e-16 to 6.5585448195895361e-16 seconds.
Warning: Simulation tolerance relaxed to achieve convergence from 6.5585448195895361e-16 to 6.5587401320895365e-16 seconds.
Warning: Simulation tolerance relaxed to achieve convergence from 6.5587401320895365e-16 to 6.5589354445895368e-16 seconds.
Warning: Simulation tolerance relaxed to achieve convergence from 6.5589354445895368e-16 to 6.5591307570895371e-16 seconds.
Warning: Simulation tolerance relaxed to achieve convergence from 6.5591307570895371e-16 to 6.5593260695895375e-16 seconds.
Warning: Simulation tolerance relaxed to achieve convergence from 6.5593260695895375e-16 to 6.5595213820895378e-16 seconds.
Warning: Simulation tolerance relaxed to achieve convergence from 6.5595213820895378e-16 to 6.5597166945895381e-16 seconds.
Warning: Simulation tolerance relaxed to achieve convergence from 6.5597166945895381e-16 to 6.5599120070895385e-16 seconds.
Warning: Simulation tolerance relaxed to achieve convergence from 6.5599120070895385e-16 to 6.5601073195895388e-16 seconds.
Warning: Simulation tolerance relaxed to achieve convergence from 6.5601073195895388e-16 to 6.5603026320895391e-16 seconds.
Warning: Simulation tolerance relaxed to achieve convergence from 6.5603026320895391e-16 to 6.5604979445895395e-16 seconds.
Warning: Simulation tolerance relaxed to achieve convergence from 6.5604979445895395e-16 to 6.5606932570895398e-16 seconds.
Warning: Simulation tolerance relaxed to achieve convergence from 6.5606932570895398e-16 to 6.5608885695895402e-16 seconds.
Warning: Simulation tolerance relaxed to achieve convergence from 6.5608885695895402e-16 to 6.5610838820895405e-16 seconds.
Warning: Simulation tolerance relaxed to achieve convergence from 6.5610838820895405e-16 to 6.5612791945895408e-16 seconds.
Warning: Simulation tolerance relaxed to achieve convergence from 6.5612791945895408e-16 to 6.5614745070895412e-16 seconds.
Warning: Simulation tolerance relaxed to achieve convergence from 6.5614745070895412e-16 to 6.5616698195895415e-16 seconds.
Warning: Simulation tolerance relaxed to achieve convergence from 6.5616698195895415e-16 to 6.5618651320895418e-16 seconds.
Warning: Simulation tolerance relaxed to achieve convergence from 6.5618651320895418e-16 to 6.5620604445895422e-16 seconds.
Warning: Simulation tolerance relaxed to achieve convergence from 6.5620604445895422e-16 to 6.5622557570895425e-16 seconds.
Warning: Simulation tolerance relaxed to achieve convergence from 6.5622557570895425e-16 to 6.5624510695895428e-16 seconds.
Warning: Simulation tolerance relaxed to achieve convergence from 6.5624510695895428e-16 to 6.5626463820895432e-16 seconds.
Warning: Simulation tolerance relaxed to achieve convergence from 6.5626463820895432e-16 to 6.5628416945895435e-16 seconds.
Warning: Simulation tolerance relaxed to achieve convergence from 6.5628416945895435e-16 to 6.5630370070895438e-16 seconds.
Warning: Simulation tolerance relaxed to achieve convergence from 6.5630370070895438e-16 to 6.5632323195895442e-16 seconds.
Warning: Simulation tolerance relaxed to achieve convergence from 6.5632323195895442e-16 to 6.5634276320895445e-16 seconds.
Warning: Simulation tolerance relaxed to achieve convergence from 6.5634276320895445e-16 to 6.5636229445895448e-16 seconds.
Warning: Simulation tolerance relaxed to achieve convergence from 6.5636229445895448e-16 to 6.5638182570895452e-16 seconds.
Warning: Simulation tolerance relaxed to achieve convergence from 6.5638182570895452e-16 to 6.5640135695895455e-16 seconds.
Warning: Simulation tolerance relaxed to achieve convergence from 6.5640135695895455e-16 to 6.5642088820895458e-16 seconds.
Warning: Simulation tolerance relaxed to achieve convergence from 6.5642088820895458e-16 to 6.5644041945895462e-16 seconds.
Warning: Simulation tolerance relaxed to achieve convergence from 6.5644041945895462e-16 to 6.5645995070895465e-16 seconds.
Warning: Simulation tolerance relaxed to achieve convergence from 6.5645995070895465e-16 to 6.5647948195895468e-16 seconds.
Warning: Simulation tolerance relaxed to achieve convergence from 6.5647948195895468e-16 to 6.5649901320895472e-16 seconds.
Warning: Simulation tolerance relaxed to achieve convergence from 6.5649901320895472e-16 to 6.5651854445895475e-16 seconds.
Warning: Simulation tolerance relaxed to achieve convergence from 6.5651854445895475e-16 to 6.5653807570895478e-16 seconds.
Warning: Simulation tolerance relaxed to achieve convergence from 6.5653807570895478e-16 to 6.5655760695895482e-16 seconds.
Warning: Simulation tolerance relaxed to achieve convergence from 6.5655760695895482e-16 to 6.5657713820895485e-16 seconds.
Warning: Simulation tolerance relaxed to achieve convergence from 6.5657713820895485e-16 to 6.5659666945895488e-16 seconds.
Warning: Simulation tolerance relaxed to achieve convergence from 6.5659666945895488e-16 to 6.5661620070895492e-16 seconds.
Warning: Simulation tolerance relaxed to achieve convergence from 6.5661620070895492e-16 to 6.5663573195895495e-16 seconds.
Warning: Simulation tolerance relaxed to achieve convergence from 6.5663573195895495e-16 to 6.5665526320895499e-16 seconds.
Warning: Simulation tolerance relaxed to achieve convergence from 6.5665526320895499e-16 to 6.5667479445895502e-16 seconds.
Warning: Simulation tolerance relaxed to achieve convergence from 6.5667479445895502e-16 to 6.5669432570895505e-16 seconds.
Warning: Simulation tolerance relaxed to achieve convergence from 6.5669432570895505e-16 to 6.5671385695895509e-16 seconds.
Warning: Simulation tolerance relaxed to achieve convergence from 6.5671385695895509e-16 to 6.5673338820895512e-16 seconds.
Warning: Simulation tolerance relaxed to achieve convergence from 6.5673338820895512e-16 to 6.5675291945895515e-16 seconds.
Warning: Simulation tolerance relaxed to achieve convergence from 6.5675291945895515e-16 to 6.5677245070895519e-16 seconds.
Warning: Simulation tolerance relaxed to achieve convergence from 6.5677245070895519e-16 to 6.5679198195895522e-16 seconds.
Warning: Simulation tolerance relaxed to achieve convergence from 6.5679198195895522e-16 to 6.5681151320895525e-16 seconds.
Warning: Simulation tolerance relaxed to achieve convergence from 6.5681151320895525e-16 to 6.5683104445895529e-16 seconds.
Warning: Simulation tolerance relaxed to achieve convergence from 6.5683104445895529e-16 to 6.5685057570895532e-16 seconds.
Warning: Simulation tolerance relaxed to achieve convergence from 6.5685057570895532e-16 to 6.5687010695895535e-16 seconds.
Warning: Simulation tolerance relaxed to achieve convergence from 6.5687010695895535e-16 to 6.5688963820895539e-16 seconds.
Warning: Simulation tolerance relaxed to achieve convergence from 6.5688963820895539e-16 to 6.5690916945895542e-16 seconds.
Warning: Simulation tolerance relaxed to achieve convergence from 6.5690916945895542e-16 to 6.5692870070895545e-16 seconds.
Warning: Simulation tolerance relaxed to achieve convergence from 6.5692870070895545e-16 to 6.5694823195895549e-16 seconds.
Warning: Simulation tolerance relaxed to achieve convergence from 6.5694823195895549e-16 to 6.5696776320895552e-16 seconds.
Warning: Simulation tolerance relaxed to achieve convergence from 6.5696776320895552e-16 to 6.5698729445895555e-16 seconds.
Warning: Simulation tolerance relaxed to achieve convergence from 6.5698729445895555e-16 to 6.5700682570895559e-16 seconds.
Warning: Simulation tolerance relaxed to achieve convergence from 6.5700682570895559e-16 to 6.5702635695895562e-16 seconds.
Warning: Simulation tolerance relaxed to achieve convergence from 6.5702635695895562e-16 to 6.5704588820895565e-16 seconds.
Warning: Simulation tolerance relaxed to achieve convergence from 6.5704588820895565e-16 to 6.5706541945895569e-16 seconds.
Warning: Simulation tolerance relaxed to achieve convergence from 6.5706541945895569e-16 to 6.5708495070895572e-16 seconds.
Warning: Simulation tolerance relaxed to achieve convergence from 6.5708495070895572e-16 to 6.5710448195895575e-16 seconds.
Warning: Simulation tolerance relaxed to achieve convergence from 6.5710448195895575e-16 to 6.5712401320895579e-16 seconds.
Warning: Simulation tolerance relaxed to achieve convergence from 6.5712401320895579e-16 to 6.5714354445895582e-16 seconds.
Warning: Simulation tolerance relaxed to achieve convergence from 6.5714354445895582e-16 to 6.5716307570895585e-16 seconds.
Warning: Simulation tolerance relaxed to achieve convergence from 6.5716307570895585e-16 to 6.5718260695895589e-16 seconds.
Warning: Simulation tolerance relaxed to achieve convergence from 6.5718260695895589e-16 to 6.5720213820895592e-16 seconds.
Warning: Simulation tolerance relaxed to achieve convergence from 6.5720213820895592e-16 to 6.5722166945895595e-16 seconds.
Warning: Simulation tolerance relaxed to achieve convergence from 6.5722166945895595e-16 to 6.5724120070895599e-16 seconds.
Warning: Simulation tolerance relaxed to achieve convergence from 6.5724120070895599e-16 to 6.5726073195895602e-16 seconds.
Warning: Simulation tolerance relaxed to achieve convergence from 6.5726073195895602e-16 to 6.5728026320895606e-16 seconds.
Warning: Simulation tolerance relaxed to achieve convergence from 6.5728026320895606e-16 to 6.5729979445895609e-16 seconds.
Warning: Simulation tolerance relaxed to achieve convergence from 6.5729979445895609e-16 to 6.5731932570895612e-16 seconds.
Warning: Simulation tolerance relaxed to achieve convergence from 6.5731932570895612e-16 to 6.5733885695895616e-16 seconds.
Warning: Simulation tolerance relaxed to achieve convergence from 6.5733885695895616e-16 to 6.5735838820895619e-16 seconds.
Warning: Simulation tolerance relaxed to achieve convergence from 6.5735838820895619e-16 to 6.5737791945895622e-16 seconds.
Warning: Simulation tolerance relaxed to achieve convergence from 6.5737791945895622e-16 to 6.5739745070895626e-16 seconds.
Warning: Simulation tolerance relaxed to achieve convergence from 6.5739745070895626e-16 to 6.5741698195895629e-16 seconds.
Warning: Simulation tolerance relaxed to achieve convergence from 6.5741698195895629e-16 to 6.5743651320895632e-16 seconds.
Warning: Simulation tolerance relaxed to achieve convergence from 6.5743651320895632e-16 to 6.5745604445895636e-16 seconds.
Warning: Simulation tolerance relaxed to achieve convergence from 6.5745604445895636e-16 to 6.5747557570895639e-16 seconds.
Warning: Simulation tolerance relaxed to achieve convergence from 6.5747557570895639e-16 to 6.5749510695895642e-16 seconds.
Warning: Simulation tolerance relaxed to achieve convergence from 6.5749510695895642e-16 to 6.5751463820895646e-16 seconds.
Warning: Simulation tolerance relaxed to achieve convergence from 6.5751463820895646e-16 to 6.5753416945895649e-16 seconds.
Warning: Simulation tolerance relaxed to achieve convergence from 6.5753416945895649e-16 to 6.5755370070895652e-16 seconds.
Warning: Simulation tolerance relaxed to achieve convergence from 6.5755370070895652e-16 to 6.5757323195895656e-16 seconds.
Warning: Simulation tolerance relaxed to achieve convergence from 6.5757323195895656e-16 to 6.5759276320895659e-16 seconds.
Warning: Simulation tolerance relaxed to achieve convergence from 6.5759276320895659e-16 to 6.5761229445895662e-16 seconds.
Warning: Simulation tolerance relaxed to achieve convergence from 6.5761229445895662e-16 to 6.5763182570895666e-16 seconds.
Warning: Simulation tolerance relaxed to achieve convergence from 6.5763182570895666e-16 to 6.5765135695895669e-16 seconds.
Warning: Simulation tolerance relaxed to achieve convergence from 6.5765135695895669e-16 to 6.5767088820895672e-16 seconds.
Warning: Simulation tolerance relaxed to achieve convergence from 6.5767088820895672e-16 to 6.5769041945895676e-16 seconds.
Warning: Simulation tolerance relaxed to achieve convergence from 6.5769041945895676e-16 to 6.5770995070895679e-16 seconds.
Warning: Simulation tolerance relaxed to achieve convergence from 6.5770995070895679e-16 to 6.5772948195895682e-16 seconds.
Warning: Simulation tolerance relaxed to achieve convergence from 6.5772948195895682e-16 to 6.5774901320895686e-16 seconds.
Warning: Simulation tolerance relaxed to achieve convergence from 6.5774901320895686e-16 to 6.5776854445895689e-16 seconds.
Warning: Simulation tolerance relaxed to achieve convergence from 6.5776854445895689e-16 to 6.5778807570895692e-16 seconds.
Warning: Simulation tolerance relaxed to achieve convergence from 6.5778807570895692e-16 to 6.5780760695895696e-16 seconds.
Warning: Simulation tolerance relaxed to achieve convergence from 6.5780760695895696e-16 to 6.5782713820895699e-16 seconds.
Warning: Simulation tolerance relaxed to achieve convergence from 6.5782713820895699e-16 to 6.5784666945895703e-16 seconds.
Warning: Simulation tolerance relaxed to achieve convergence from 6.5784666945895703e-16 to 6.5786620070895706e-16 seconds.
Warning: Simulation tolerance relaxed to achieve convergence from 6.5786620070895706e-16 to 6.5788573195895709e-16 seconds.
Warning: Simulation tolerance relaxed to achieve convergence from 6.5788573195895709e-16 to 6.5790526320895713e-16 seconds.
Warning: Simulation tolerance relaxed to achieve convergence from 6.5790526320895713e-16 to 6.5792479445895716e-16 seconds.
Warning: Simulation tolerance relaxed to achieve convergence from 6.5792479445895716e-16 to 6.5794432570895719e-16 seconds.
Warning: Simulation tolerance relaxed to achieve convergence from 6.5794432570895719e-16 to 6.5796385695895723e-16 seconds.
Warning: Simulation tolerance relaxed to achieve convergence from 6.5796385695895723e-16 to 6.5798338820895726e-16 seconds.
Warning: Simulation tolerance relaxed to achieve convergence from 6.5798338820895726e-16 to 6.5800291945895729e-16 seconds.
Warning: Simulation tolerance relaxed to achieve convergence from 6.5800291945895729e-16 to 6.5802245070895733e-16 seconds.
Warning: Simulation tolerance relaxed to achieve convergence from 6.5802245070895733e-16 to 6.5804198195895736e-16 seconds.
Warning: Simulation tolerance relaxed to achieve convergence from 6.5804198195895736e-16 to 6.5806151320895739e-16 seconds.
Warning: Simulation tolerance relaxed to achieve convergence from 6.5806151320895739e-16 to 6.5808104445895743e-16 seconds.
Warning: Simulation tolerance relaxed to achieve convergence from 6.5808104445895743e-16 to 6.5810057570895746e-16 seconds.
Warning: Simulation tolerance relaxed to achieve convergence from 6.5810057570895746e-16 to 6.5812010695895749e-16 seconds.
Warning: Simulation tolerance relaxed to achieve convergence from 6.5812010695895749e-16 to 6.5813963820895753e-16 seconds.
Warning: Simulation tolerance relaxed to achieve convergence from 6.5813963820895753e-16 to 6.5815916945895756e-16 seconds.
Warning: Simulation tolerance relaxed to achieve convergence from 6.5815916945895756e-16 to 6.5817870070895759e-16 seconds.
Warning: Simulation tolerance relaxed to achieve convergence from 6.5817870070895759e-16 to 6.5819823195895763e-16 seconds.
Warning: Simulation tolerance relaxed to achieve convergence from 6.5819823195895763e-16 to 6.5821776320895766e-16 seconds.
Warning: Simulation tolerance relaxed to achieve convergence from 6.5821776320895766e-16 to 6.5823729445895769e-16 seconds.
Warning: Simulation tolerance relaxed to achieve convergence from 6.5823729445895769e-16 to 6.5825682570895773e-16 seconds.
Warning: Simulation tolerance relaxed to achieve convergence from 6.5825682570895773e-16 to 6.5827635695895776e-16 seconds.
Warning: Simulation tolerance relaxed to achieve convergence from 6.5827635695895776e-16 to 6.5829588820895779e-16 seconds.
Warning: Simulation tolerance relaxed to achieve convergence from 6.5829588820895779e-16 to 6.5831541945895783e-16 seconds.
Warning: Simulation tolerance relaxed to achieve convergence from 6.5831541945895783e-16 to 6.5833495070895786e-16 seconds.
Warning: Simulation tolerance relaxed to achieve convergence from 6.5833495070895786e-16 to 6.5835448195895789e-16 seconds.
Warning: Simulation tolerance relaxed to achieve convergence from 6.5835448195895789e-16 to 6.5837401320895793e-16 seconds.
Warning: Simulation tolerance relaxed to achieve convergence from 6.5837401320895793e-16 to 6.5839354445895796e-16 seconds.
Warning: Simulation tolerance relaxed to achieve convergence from 6.5839354445895796e-16 to 6.5841307570895800e-16 seconds.
Warning: Simulation tolerance relaxed to achieve convergence from 6.5841307570895800e-16 to 6.5843260695895803e-16 seconds.
Warning: Simulation tolerance relaxed to achieve convergence from 6.5843260695895803e-16 to 6.5845213820895806e-16 seconds.
Warning: Simulation tolerance relaxed to achieve convergence from 6.5845213820895806e-16 to 6.5847166945895810e-16 seconds.
Warning: Simulation tolerance relaxed to achieve convergence from 6.5847166945895810e-16 to 6.5849120070895813e-16 seconds.
Warning: Simulation tolerance relaxed to achieve convergence from 6.5849120070895813e-16 to 6.5851073195895816e-16 seconds.
Warning: Simulation tolerance relaxed to achieve convergence from 6.5851073195895816e-16 to 6.5853026320895820e-16 seconds.
Warning: Simulation tolerance relaxed to achieve convergence from 6.5853026320895820e-16 to 6.5854979445895823e-16 seconds.
Warning: Simulation tolerance relaxed to achieve convergence from 6.5854979445895823e-16 to 6.5856932570895826e-16 seconds.
Warning: Simulation tolerance relaxed to achieve convergence from 6.5856932570895826e-16 to 6.5858885695895830e-16 seconds.
Warning: Simulation tolerance relaxed to achieve convergence from 6.5858885695895830e-16 to 6.5860838820895833e-16 seconds.
Warning: Simulation tolerance relaxed to achieve convergence from 6.5860838820895833e-16 to 6.5862791945895836e-16 seconds.
Warning: Simulation tolerance relaxed to achieve convergence from 6.5862791945895836e-16 to 6.5864745070895840e-16 seconds.
Warning: Simulation tolerance relaxed to achieve convergence from 6.5864745070895840e-16 to 6.5866698195895843e-16 seconds.
Warning: Simulation tolerance relaxed to achieve convergence from 6.5866698195895843e-16 to 6.5868651320895846e-16 seconds.
Warning: Simulation tolerance relaxed to achieve convergence from 6.5868651320895846e-16 to 6.5870604445895850e-16 seconds.
Warning: Simulation tolerance relaxed to achieve convergence from 6.5870604445895850e-16 to 6.5872557570895853e-16 seconds.
Warning: Simulation tolerance relaxed to achieve convergence from 6.5872557570895853e-16 to 6.5874510695895856e-16 seconds.
Warning: Simulation tolerance relaxed to achieve convergence from 6.5874510695895856e-16 to 6.5876463820895860e-16 seconds.
Warning: Simulation tolerance relaxed to achieve convergence from 6.5876463820895860e-16 to 6.5878416945895863e-16 seconds.
Warning: Simulation tolerance relaxed to achieve convergence from 6.5878416945895863e-16 to 6.5880370070895866e-16 seconds.
Warning: Simulation tolerance relaxed to achieve convergence from 6.5880370070895866e-16 to 6.5882323195895870e-16 seconds.
Warning: Simulation tolerance relaxed to achieve convergence from 6.5882323195895870e-16 to 6.5884276320895873e-16 seconds.
Warning: Simulation tolerance relaxed to achieve convergence from 6.5884276320895873e-16 to 6.5886229445895876e-16 seconds.
Warning: Simulation tolerance relaxed to achieve convergence from 6.5886229445895876e-16 to 6.5888182570895880e-16 seconds.
Warning: Simulation tolerance relaxed to achieve convergence from 6.5888182570895880e-16 to 6.5890135695895883e-16 seconds.
Warning: Simulation tolerance relaxed to achieve convergence from 6.5890135695895883e-16 to 6.5892088820895886e-16 seconds.
Warning: Simulation tolerance relaxed to achieve convergence from 6.5892088820895886e-16 to 6.5894041945895890e-16 seconds.
Warning: Simulation tolerance relaxed to achieve convergence from 6.5894041945895890e-16 to 6.5895995070895893e-16 seconds.
Warning: Simulation tolerance relaxed to achieve convergence from 6.5895995070895893e-16 to 6.5897948195895896e-16 seconds.
Warning: Simulation tolerance relaxed to achieve convergence from 6.5897948195895896e-16 to 6.5899901320895900e-16 seconds.
Warning: Simulation tolerance relaxed to achieve convergence from 6.5899901320895900e-16 to 6.5901854445895903e-16 seconds.
Warning: Simulation tolerance relaxed to achieve convergence from 6.5901854445895903e-16 to 6.5903807570895907e-16 seconds.
Warning: Simulation tolerance relaxed to achieve convergence from 6.5903807570895907e-16 to 6.5905760695895910e-16 seconds.
Warning: Simulation tolerance relaxed to achieve convergence from 6.5905760695895910e-16 to 6.5907713820895913e-16 seconds.
Warning: Simulation tolerance relaxed to achieve convergence from 6.5907713820895913e-16 to 6.5909666945895917e-16 seconds.
Warning: Simulation tolerance relaxed to achieve convergence from 6.5909666945895917e-16 to 6.5911620070895920e-16 seconds.
Warning: Simulation tolerance relaxed to achieve convergence from 6.5911620070895920e-16 to 6.5913573195895923e-16 seconds.
Warning: Simulation tolerance relaxed to achieve convergence from 6.5913573195895923e-16 to 6.5915526320895927e-16 seconds.
Warning: Simulation tolerance relaxed to achieve convergence from 6.5915526320895927e-16 to 6.5917479445895930e-16 seconds.
Warning: Simulation tolerance relaxed to achieve convergence from 6.5917479445895930e-16 to 6.5919432570895933e-16 seconds.
Warning: Simulation tolerance relaxed to achieve convergence from 6.5919432570895933e-16 to 6.5921385695895937e-16 seconds.
Warning: Simulation tolerance relaxed to achieve convergence from 6.5921385695895937e-16 to 6.5923338820895940e-16 seconds.
Warning: Simulation tolerance relaxed to achieve convergence from 6.5923338820895940e-16 to 6.5925291945895943e-16 seconds.
Warning: Simulation tolerance relaxed to achieve convergence from 6.5925291945895943e-16 to 6.5927245070895947e-16 seconds.
Warning: Simulation tolerance relaxed to achieve convergence from 6.5927245070895947e-16 to 6.5929198195895950e-16 seconds.
Warning: Simulation tolerance relaxed to achieve convergence from 6.5929198195895950e-16 to 6.5931151320895953e-16 seconds.
Warning: Simulation tolerance relaxed to achieve convergence from 6.5931151320895953e-16 to 6.5933104445895957e-16 seconds.
Warning: Simulation tolerance relaxed to achieve convergence from 6.5933104445895957e-16 to 6.5935057570895960e-16 seconds.
Warning: Simulation tolerance relaxed to achieve convergence from 6.5935057570895960e-16 to 6.5937010695895963e-16 seconds.
Warning: Simulation tolerance relaxed to achieve convergence from 6.5937010695895963e-16 to 6.5938963820895967e-16 seconds.
Warning: Simulation tolerance relaxed to achieve convergence from 6.5938963820895967e-16 to 6.5940916945895970e-16 seconds.
Warning: Simulation tolerance relaxed to achieve convergence from 6.5940916945895970e-16 to 6.5942870070895973e-16 seconds.
Warning: Simulation tolerance relaxed to achieve convergence from 6.5942870070895973e-16 to 6.5944823195895977e-16 seconds.
Warning: Simulation tolerance relaxed to achieve convergence from 6.5944823195895977e-16 to 6.5946776320895980e-16 seconds.
Warning: Simulation tolerance relaxed to achieve convergence from 6.5946776320895980e-16 to 6.5948729445895983e-16 seconds.
Warning: Simulation tolerance relaxed to achieve convergence from 6.5948729445895983e-16 to 6.5950682570895987e-16 seconds.
Warning: Simulation tolerance relaxed to achieve convergence from 6.5950682570895987e-16 to 6.5952635695895990e-16 seconds.
Warning: Simulation tolerance relaxed to achieve convergence from 6.5952635695895990e-16 to 6.5954588820895993e-16 seconds.
Warning: Simulation tolerance relaxed to achieve convergence from 6.5954588820895993e-16 to 6.5956541945895997e-16 seconds.
Warning: Simulation tolerance relaxed to achieve convergence from 6.5956541945895997e-16 to 6.5958495070896000e-16 seconds.
Warning: Simulation tolerance relaxed to achieve convergence from 6.5958495070896000e-16 to 6.5960448195896004e-16 seconds.
Warning: Simulation tolerance relaxed to achieve convergence from 6.5960448195896004e-16 to 6.5962401320896007e-16 seconds.
Warning: Simulation tolerance relaxed to achieve convergence from 6.5962401320896007e-16 to 6.5964354445896010e-16 seconds.
Warning: Simulation tolerance relaxed to achieve convergence from 6.5964354445896010e-16 to 6.5966307570896014e-16 seconds.
Warning: Simulation tolerance relaxed to achieve convergence from 6.5966307570896014e-16 to 6.5968260695896017e-16 seconds.
Warning: Simulation tolerance relaxed to achieve convergence from 6.5968260695896017e-16 to 6.5970213820896020e-16 seconds.
Warning: Simulation tolerance relaxed to achieve convergence from 6.5970213820896020e-16 to 6.5972166945896024e-16 seconds.
Warning: Simulation tolerance relaxed to achieve convergence from 6.5972166945896024e-16 to 6.5974120070896027e-16 seconds.
Warning: Simulation tolerance relaxed to achieve convergence from 6.5974120070896027e-16 to 6.5976073195896030e-16 seconds.
Warning: Simulation tolerance relaxed to achieve convergence from 6.5976073195896030e-16 to 6.5978026320896034e-16 seconds.
Warning: Simulation tolerance relaxed to achieve convergence from 6.5978026320896034e-16 to 6.5979979445896037e-16 seconds.
Warning: Simulation tolerance relaxed to achieve convergence from 6.5979979445896037e-16 to 6.5981932570896040e-16 seconds.
Warning: Simulation tolerance relaxed to achieve convergence from 6.5981932570896040e-16 to 6.5983885695896044e-16 seconds.
Warning: Simulation tolerance relaxed to achieve convergence from 6.5983885695896044e-16 to 6.5985838820896047e-16 seconds.
Warning: Simulation tolerance relaxed to achieve convergence from 6.5985838820896047e-16 to 6.5987791945896050e-16 seconds.
Warning: Simulation tolerance relaxed to achieve convergence from 6.5987791945896050e-16 to 6.5989745070896054e-16 seconds.
Warning: Simulation tolerance relaxed to achieve convergence from 6.5989745070896054e-16 to 6.5991698195896057e-16 seconds.
Warning: Simulation tolerance relaxed to achieve convergence from 6.5991698195896057e-16 to 6.5993651320896060e-16 seconds.
Warning: Simulation tolerance relaxed to achieve convergence from 6.5993651320896060e-16 to 6.5995604445896064e-16 seconds.
Warning: Simulation tolerance relaxed to achieve convergence from 6.5995604445896064e-16 to 6.5997557570896067e-16 seconds.
Warning: Simulation tolerance relaxed to achieve convergence from 6.5997557570896067e-16 to 6.5999510695896070e-16 seconds.
Warning: Simulation tolerance relaxed to achieve convergence from 6.5999510695896070e-16 to 6.6001463820896074e-16 seconds.
Warning: Simulation tolerance relaxed to achieve convergence from 6.6001463820896074e-16 to 6.6003416945896077e-16 seconds.
Warning: Simulation tolerance relaxed to achieve convergence from 6.6003416945896077e-16 to 6.6005370070896080e-16 seconds.
Warning: Simulation tolerance relaxed to achieve convergence from 6.6005370070896080e-16 to 6.6007323195896084e-16 seconds.
Warning: Simulation tolerance relaxed to achieve convergence from 6.6007323195896084e-16 to 6.6009276320896087e-16 seconds.
Warning: Simulation tolerance relaxed to achieve convergence from 6.6009276320896087e-16 to 6.6011229445896090e-16 seconds.
Warning: Simulation tolerance relaxed to achieve convergence from 6.6011229445896090e-16 to 6.6013182570896094e-16 seconds.
Warning: Simulation tolerance relaxed to achieve convergence from 6.6013182570896094e-16 to 6.6015135695896097e-16 seconds.
Warning: Simulation tolerance relaxed to achieve convergence from 6.6015135695896097e-16 to 6.6017088820896100e-16 seconds.
Warning: Simulation tolerance relaxed to achieve convergence from 6.6017088820896100e-16 to 6.6019041945896104e-16 seconds.
Warning: Simulation tolerance relaxed to achieve convergence from 6.6019041945896104e-16 to 6.6020995070896107e-16 seconds.
Warning: Simulation tolerance relaxed to achieve convergence from 6.6020995070896107e-16 to 6.6022948195896111e-16 seconds.
Warning: Simulation tolerance relaxed to achieve convergence from 6.6022948195896111e-16 to 6.6024901320896114e-16 seconds.
Warning: Simulation tolerance relaxed to achieve convergence from 6.6024901320896114e-16 to 6.6026854445896117e-16 seconds.
Warning: Simulation tolerance relaxed to achieve convergence from 6.6026854445896117e-16 to 6.6028807570896121e-16 seconds.
Warning: Simulation tolerance relaxed to achieve convergence from 6.6028807570896121e-16 to 6.6030760695896124e-16 seconds.
Warning: Simulation tolerance relaxed to achieve convergence from 6.6030760695896124e-16 to 6.6032713820896127e-16 seconds.
Warning: Simulation tolerance relaxed to achieve convergence from 6.6032713820896127e-16 to 6.6034666945896131e-16 seconds.
Warning: Simulation tolerance relaxed to achieve convergence from 6.6034666945896131e-16 to 6.6036620070896134e-16 seconds.
Warning: Simulation tolerance relaxed to achieve convergence from 6.6036620070896134e-16 to 6.6038573195896137e-16 seconds.
Warning: Simulation tolerance relaxed to achieve convergence from 6.6038573195896137e-16 to 6.6040526320896141e-16 seconds.
Warning: Simulation tolerance relaxed to achieve convergence from 6.6040526320896141e-16 to 6.6042479445896144e-16 seconds.
Warning: Simulation tolerance relaxed to achieve convergence from 6.6042479445896144e-16 to 6.6044432570896147e-16 seconds.
Warning: Simulation tolerance relaxed to achieve convergence from 6.6044432570896147e-16 to 6.6046385695896151e-16 seconds.
Warning: Simulation tolerance relaxed to achieve convergence from 6.6046385695896151e-16 to 6.6048338820896154e-16 seconds.
Warning: Simulation tolerance relaxed to achieve convergence from 6.6048338820896154e-16 to 6.6050291945896157e-16 seconds.
Warning: Simulation tolerance relaxed to achieve convergence from 6.6050291945896157e-16 to 6.6052245070896161e-16 seconds.
Warning: Simulation tolerance relaxed to achieve convergence from 6.6052245070896161e-16 to 6.6054198195896164e-16 seconds.
Warning: Simulation tolerance relaxed to achieve convergence from 6.6054198195896164e-16 to 6.6056151320896167e-16 seconds.
Warning: Simulation tolerance relaxed to achieve convergence from 6.6056151320896167e-16 to 6.6058104445896171e-16 seconds.
Warning: Simulation tolerance relaxed to achieve convergence from 6.6058104445896171e-16 to 6.6060057570896174e-16 seconds.
Warning: Simulation tolerance relaxed to achieve convergence from 6.6060057570896174e-16 to 6.6062010695896177e-16 seconds.
Warning: Simulation tolerance relaxed to achieve convergence from 6.6062010695896177e-16 to 6.6063963820896181e-16 seconds.
Warning: Simulation tolerance relaxed to achieve convergence from 6.6063963820896181e-16 to 6.6065916945896184e-16 seconds.
Warning: Simulation tolerance relaxed to achieve convergence from 6.6065916945896184e-16 to 6.6067870070896187e-16 seconds.
Warning: Simulation tolerance relaxed to achieve convergence from 6.6067870070896187e-16 to 6.6069823195896191e-16 seconds.
Warning: Simulation tolerance relaxed to achieve convergence from 6.6069823195896191e-16 to 6.6071776320896194e-16 seconds.
Warning: Simulation tolerance relaxed to achieve convergence from 6.6071776320896194e-16 to 6.6073729445896197e-16 seconds.
Warning: Simulation tolerance relaxed to achieve convergence from 6.6073729445896197e-16 to 6.6075682570896201e-16 seconds.
Warning: Simulation tolerance relaxed to achieve convergence from 6.6075682570896201e-16 to 6.6077635695896204e-16 seconds.
Warning: Simulation tolerance relaxed to achieve convergence from 6.6077635695896204e-16 to 6.6079588820896208e-16 seconds.
Warning: Simulation tolerance relaxed to achieve convergence from 6.6079588820896208e-16 to 6.6081541945896211e-16 seconds.
Warning: Simulation tolerance relaxed to achieve convergence from 6.6081541945896211e-16 to 6.6083495070896214e-16 seconds.
Warning: Simulation tolerance relaxed to achieve convergence from 6.6083495070896214e-16 to 6.6085448195896218e-16 seconds.
Warning: Simulation tolerance relaxed to achieve convergence from 6.6085448195896218e-16 to 6.6087401320896221e-16 seconds.
Warning: Simulation tolerance relaxed to achieve convergence from 6.6087401320896221e-16 to 6.6089354445896224e-16 seconds.
Warning: Simulation tolerance relaxed to achieve convergence from 6.6089354445896224e-16 to 6.6091307570896228e-16 seconds.
Warning: Simulation tolerance relaxed to achieve convergence from 6.6091307570896228e-16 to 6.6093260695896231e-16 seconds.
Warning: Simulation tolerance relaxed to achieve convergence from 6.6093260695896231e-16 to 6.6095213820896234e-16 seconds.
Warning: Simulation tolerance relaxed to achieve convergence from 6.6095213820896234e-16 to 6.6097166945896238e-16 seconds.
Warning: Simulation tolerance relaxed to achieve convergence from 6.6097166945896238e-16 to 6.6099120070896241e-16 seconds.
Warning: Simulation tolerance relaxed to achieve convergence from 6.6099120070896241e-16 to 6.6101073195896244e-16 seconds.
Warning: Simulation tolerance relaxed to achieve convergence from 6.6101073195896244e-16 to 6.6103026320896248e-16 seconds.
Warning: Simulation tolerance relaxed to achieve convergence from 6.6103026320896248e-16 to 6.6104979445896251e-16 seconds.
Warning: Simulation tolerance relaxed to achieve convergence from 6.6104979445896251e-16 to 6.6106932570896254e-16 seconds.
Warning: Simulation tolerance relaxed to achieve convergence from 6.6106932570896254e-16 to 6.6108885695896258e-16 seconds.
Warning: Simulation tolerance relaxed to achieve convergence from 6.6108885695896258e-16 to 6.6110838820896261e-16 seconds.
Warning: Simulation tolerance relaxed to achieve convergence from 6.6110838820896261e-16 to 6.6112791945896264e-16 seconds.
Warning: Simulation tolerance relaxed to achieve convergence from 6.6112791945896264e-16 to 6.6114745070896268e-16 seconds.
Warning: Simulation tolerance relaxed to achieve convergence from 6.6114745070896268e-16 to 6.6116698195896271e-16 seconds.
Warning: Simulation tolerance relaxed to achieve convergence from 6.6116698195896271e-16 to 6.6118651320896274e-16 seconds.
Warning: Simulation tolerance relaxed to achieve convergence from 6.6118651320896274e-16 to 6.6120604445896278e-16 seconds.
Warning: Simulation tolerance relaxed to achieve convergence from 6.6120604445896278e-16 to 6.6122557570896281e-16 seconds.
Warning: Simulation tolerance relaxed to achieve convergence from 6.6122557570896281e-16 to 6.6124510695896284e-16 seconds.
Warning: Simulation tolerance relaxed to achieve convergence from 6.6124510695896284e-16 to 6.6126463820896288e-16 seconds.
Warning: Simulation tolerance relaxed to achieve convergence from 6.6126463820896288e-16 to 6.6128416945896291e-16 seconds.
Warning: Simulation tolerance relaxed to achieve convergence from 6.6128416945896291e-16 to 6.6130370070896294e-16 seconds.
Warning: Simulation tolerance relaxed to achieve convergence from 6.6130370070896294e-16 to 6.6132323195896298e-16 seconds.
Warning: Simulation tolerance relaxed to achieve convergence from 6.6132323195896298e-16 to 6.6134276320896301e-16 seconds.
Warning: Simulation tolerance relaxed to achieve convergence from 6.6134276320896301e-16 to 6.6136229445896304e-16 seconds.
Warning: Simulation tolerance relaxed to achieve convergence from 6.6136229445896304e-16 to 6.6138182570896308e-16 seconds.
Warning: Simulation tolerance relaxed to achieve convergence from 6.6138182570896308e-16 to 6.6140135695896311e-16 seconds.
Warning: Simulation tolerance relaxed to achieve convergence from 6.6140135695896311e-16 to 6.6142088820896315e-16 seconds.
Warning: Simulation tolerance relaxed to achieve convergence from 6.6142088820896315e-16 to 6.6144041945896318e-16 seconds.
Warning: Simulation tolerance relaxed to achieve convergence from 6.6144041945896318e-16 to 6.6145995070896321e-16 seconds.
Warning: Simulation tolerance relaxed to achieve convergence from 6.6145995070896321e-16 to 6.6147948195896325e-16 seconds.
Warning: Simulation tolerance relaxed to achieve convergence from 6.6147948195896325e-16 to 6.6149901320896328e-16 seconds.
Warning: Simulation tolerance relaxed to achieve convergence from 6.6149901320896328e-16 to 6.6151854445896331e-16 seconds.
Warning: Simulation tolerance relaxed to achieve convergence from 6.6151854445896331e-16 to 6.6153807570896335e-16 seconds.
Warning: Simulation tolerance relaxed to achieve convergence from 6.6153807570896335e-16 to 6.6155760695896338e-16 seconds.
Warning: Simulation tolerance relaxed to achieve convergence from 6.6155760695896338e-16 to 6.6157713820896341e-16 seconds.
Warning: Simulation tolerance relaxed to achieve convergence from 6.6157713820896341e-16 to 6.6159666945896345e-16 seconds.
Warning: Simulation tolerance relaxed to achieve convergence from 6.6159666945896345e-16 to 6.6161620070896348e-16 seconds.
Warning: Simulation tolerance relaxed to achieve convergence from 6.6161620070896348e-16 to 6.6163573195896351e-16 seconds.
Warning: Simulation tolerance relaxed to achieve convergence from 6.6163573195896351e-16 to 6.6165526320896355e-16 seconds.
Warning: Simulation tolerance relaxed to achieve convergence from 6.6165526320896355e-16 to 6.6167479445896358e-16 seconds.
Warning: Simulation tolerance relaxed to achieve convergence from 6.6167479445896358e-16 to 6.6169432570896361e-16 seconds.
Warning: Simulation tolerance relaxed to achieve convergence from 6.6169432570896361e-16 to 6.6171385695896365e-16 seconds.
Warning: Simulation tolerance relaxed to achieve convergence from 6.6171385695896365e-16 to 6.6173338820896368e-16 seconds.
Warning: Simulation tolerance relaxed to achieve convergence from 6.6173338820896368e-16 to 6.6175291945896371e-16 seconds.
Warning: Simulation tolerance relaxed to achieve convergence from 6.6175291945896371e-16 to 6.6177245070896375e-16 seconds.
Warning: Simulation tolerance relaxed to achieve convergence from 6.6177245070896375e-16 to 6.6179198195896378e-16 seconds.
Warning: Simulation tolerance relaxed to achieve convergence from 6.6179198195896378e-16 to 6.6181151320896381e-16 seconds.
Warning: Simulation tolerance relaxed to achieve convergence from 6.6181151320896381e-16 to 6.6183104445896385e-16 seconds.
Warning: Simulation tolerance relaxed to achieve convergence from 6.6183104445896385e-16 to 6.6185057570896388e-16 seconds.
Warning: Simulation tolerance relaxed to achieve convergence from 6.6185057570896388e-16 to 6.6187010695896391e-16 seconds.
Warning: Simulation tolerance relaxed to achieve convergence from 6.6187010695896391e-16 to 6.6188963820896395e-16 seconds.
Warning: Simulation tolerance relaxed to achieve convergence from 6.6188963820896395e-16 to 6.6190916945896398e-16 seconds.
Warning: Simulation tolerance relaxed to achieve convergence from 6.6190916945896398e-16 to 6.6192870070896401e-16 seconds.
Warning: Simulation tolerance relaxed to achieve convergence from 6.6192870070896401e-16 to 6.6194823195896405e-16 seconds.
Warning: Simulation tolerance relaxed to achieve convergence from 6.6194823195896405e-16 to 6.6196776320896408e-16 seconds.
Warning: Simulation tolerance relaxed to achieve convergence from 6.6196776320896408e-16 to 6.6198729445896412e-16 seconds.
Warning: Simulation tolerance relaxed to achieve convergence from 6.6198729445896412e-16 to 6.6200682570896415e-16 seconds.
Warning: Simulation tolerance relaxed to achieve convergence from 6.6200682570896415e-16 to 6.6202635695896418e-16 seconds.
Warning: Simulation tolerance relaxed to achieve convergence from 6.6202635695896418e-16 to 6.6204588820896422e-16 seconds.
Warning: Simulation tolerance relaxed to achieve convergence from 6.6204588820896422e-16 to 6.6206541945896425e-16 seconds.
Warning: Simulation tolerance relaxed to achieve convergence from 6.6206541945896425e-16 to 6.6208495070896428e-16 seconds.
Warning: Simulation tolerance relaxed to achieve convergence from 6.6208495070896428e-16 to 6.6210448195896432e-16 seconds.
Warning: Simulation tolerance relaxed to achieve convergence from 6.6210448195896432e-16 to 6.6212401320896435e-16 seconds.
Warning: Simulation tolerance relaxed to achieve convergence from 6.6212401320896435e-16 to 6.6214354445896438e-16 seconds.
Warning: Simulation tolerance relaxed to achieve convergence from 6.6214354445896438e-16 to 6.6216307570896442e-16 seconds.
Warning: Simulation tolerance relaxed to achieve convergence from 6.6216307570896442e-16 to 6.6218260695896445e-16 seconds.
Warning: Simulation tolerance relaxed to achieve convergence from 6.6218260695896445e-16 to 6.6220213820896448e-16 seconds.
Warning: Simulation tolerance relaxed to achieve convergence from 6.6220213820896448e-16 to 6.6222166945896452e-16 seconds.
Warning: Simulation tolerance relaxed to achieve convergence from 6.6222166945896452e-16 to 6.6224120070896455e-16 seconds.
Warning: Simulation tolerance relaxed to achieve convergence from 6.6224120070896455e-16 to 6.6226073195896458e-16 seconds.
Warning: Simulation tolerance relaxed to achieve convergence from 6.6226073195896458e-16 to 6.6228026320896462e-16 seconds.
Warning: Simulation tolerance relaxed to achieve convergence from 6.6228026320896462e-16 to 6.6229979445896465e-16 seconds.
Warning: Simulation tolerance relaxed to achieve convergence from 6.6229979445896465e-16 to 6.6231932570896468e-16 seconds.
Warning: Simulation tolerance relaxed to achieve convergence from 6.6231932570896468e-16 to 6.6233885695896472e-16 seconds.
Warning: Simulation tolerance relaxed to achieve convergence from 6.6233885695896472e-16 to 6.6235838820896475e-16 seconds.
Warning: Simulation tolerance relaxed to achieve convergence from 6.6235838820896475e-16 to 6.6237791945896478e-16 seconds.
Warning: Simulation tolerance relaxed to achieve convergence from 6.6237791945896478e-16 to 6.6239745070896482e-16 seconds.
Warning: Simulation tolerance relaxed to achieve convergence from 6.6239745070896482e-16 to 6.6241698195896485e-16 seconds.
Warning: Simulation tolerance relaxed to achieve convergence from 6.6241698195896485e-16 to 6.6243651320896488e-16 seconds.
Warning: Simulation tolerance relaxed to achieve convergence from 6.6243651320896488e-16 to 6.6245604445896492e-16 seconds.
Warning: Simulation tolerance relaxed to achieve convergence from 6.6245604445896492e-16 to 6.6247557570896495e-16 seconds.
Warning: Simulation tolerance relaxed to achieve convergence from 6.6247557570896495e-16 to 6.6249510695896498e-16 seconds.
Warning: Simulation tolerance relaxed to achieve convergence from 6.6249510695896498e-16 to 6.6251463820896502e-16 seconds.
Warning: Simulation tolerance relaxed to achieve convergence from 6.6251463820896502e-16 to 6.6253416945896505e-16 seconds.
Warning: Simulation tolerance relaxed to achieve convergence from 6.6253416945896505e-16 to 6.6255370070896509e-16 seconds.

Simulation stopped by user.
Total elapsed time: 16.659 seconds.

Files loaded:
C:\Users\yoshinsh.AP\PycharmProjects\forWork\hard-ware\degital_circuit\LTpice\basic\and\and_mos.net
C:\Users\yoshinsh.AP\AppData\Local\LTspice\lib\cmp\standard.mos

